ID;site;region;origin;frequency_A;total_A;percentage_site_A;sites_A;percentage_in_all_A;frequency_B;total_B;percentage_site_B;sites_B;percentage_in_all_B;frequency_C;total_C;percentage_site_C;sites_C;percentage_in_all_C;frequency_D;total_D;percentage_site_D;sites_D;percentage_in_all_D
0;Aquileia;Adria;Italy;1.97;41.43;4.755008448;25;0.190200338;1.7;41.16;4.130223518;29;0.142421501;36.14;348.33;10.3752189;28;0.370543532;0.25;54.17;0.461510061;22;0.02097773
1;Aquileia;Adria;Baetica;0;41.43;0;25;0;0;41.16;0;29;0;0;348.33;0;28;0;0;54.17;0;22;0
2;Aquileia;Adria;Tarraconensis;0;41.43;0;25;0;0;41.16;0;29;0;0;348.33;0;28;0;0;54.17;0;22;0
3;Aquileia;Adria;North Africa;15.15;41.43;36.56770456;25;1.462708182;15.15;41.16;36.80758017;29;1.269226903;0;348.33;0;28;0;15.93;54.17;29.40742108;22;1.336700958
4;Aquileia;Adria;Iberian Peninsula;0.6;41.43;1.448225923;25;0.057929037;0.6;41.16;1.457725948;29;0.050266412;36.14;348.33;10.3752189;28;0.370543532;0.25;54.17;0.461510061;22;0.02097773
5;Aquileia;Adria;Aegean;0;41.43;0;25;0;0;41.16;0;29;0;0;348.33;0;28;0;0;54.17;0;22;0
6;Aquileia;Adria;Western Mediterranean;0;41.43;0;25;0;0;41.16;0;29;0;0;348.33;0;28;0;0;54.17;0;22;0
7;Aquileia;Adria;Eastern Mediterranean;15.49;41.43;37.38836592;25;1.495534637;15.49;41.16;37.63362488;29;1.297711203;77.28;348.33;22.18585824;28;0.79235208;23.77;54.17;43.88037659;22;1.994562572
8;Aquileia;Adria;unknown;8.22;41.43;19.84069515;25;0.793627806;8.22;41.16;19.97084548;29;0.688649844;198.77;348.33;57.06370396;28;2.037989427;13.97;54.17;25.7891822;22;1.172235555
9;Aquileia;Adria;Pontic Sea;0;41.43;0;25;0;0;41.16;0;29;0;0;348.33;0;28;0;0;54.17;0;22;0
10;Aquileia;Adria;Egypt;0;41.43;0;25;0;0;41.16;0;29;0;0;348.33;0;28;0;0;54.17;0;22;0
11;Aquileia;Adria;Gallia;0;41.43;0;25;0;0;41.16;0;29;0;0;348.33;0;28;0;0;54.17;0;22;0
13;Butrint;Adria;Italy;0;0;0;25;0;0.5;2.5;20;29;0.689655172;2.5;12;20.83333333;28;0.744047619;3;9;33.33333333;22;1.515151515
14;Butrint;Adria;Baetica;0;0;0;25;0;0.5;2.5;20;29;0.689655172;0.5;12;4.166666667;28;0.148809524;0;9;0;22;0
15;Butrint;Adria;Tarraconensis;0;0;0;25;0;0;2.5;0;29;0;0;12;0;28;0;0;9;0;22;0
16;Butrint;Adria;North Africa;0;0;0;25;0;0;2.5;0;29;0;0.5;12;4.166666667;28;0.148809524;0.5;9;5.555555556;22;0.252525253
17;Butrint;Adria;Iberian Peninsula;0;0;0;25;0;0;2.5;0;29;0;0;12;0;28;0;0;9;0;22;0
18;Butrint;Adria;Aegean;0;0;0;25;0;1;2.5;40;29;1.379310345;4;12;33.33333333;28;1.19047619;3;9;33.33333333;22;1.515151515
19;Butrint;Adria;Western Mediterranean;0;0;0;25;0;0;2.5;0;29;0;0;12;0;28;0;0;9;0;22;0
20;Butrint;Adria;Eastern Mediterranean;0;0;0;25;0;0;2.5;0;29;0;0.5;12;4.166666667;28;0.148809524;0.5;9;5.555555556;22;0.252525253
21;Butrint;Adria;unknown;0;0;0;25;0;0;2.5;0;29;0;4;12;33.33333333;28;1.19047619;2;9;22.22222222;22;1.01010101
22;Butrint;Adria;Pontic Sea;0;0;0;25;0;0;2.5;0;29;0;0;12;0;28;0;0;9;0;22;0
23;Butrint;Adria;Egypt;0;0;0;25;0;0;2.5;0;29;0;0;12;0;28;0;0;9;0;22;0
24;Butrint;Adria;Gallia;0;0;0;25;0;0;2.5;0;29;0;0;12.5;0;28;0;0;9;0;22;0
26;Ephesos;Aegean;Italy;42.2;56.8;74.29577465;25;2.971830986;47.7;70.9666;67.21471791;29;2.317748893;2.85;4.2666;66.79791872;28;2.385639954;0.35;3.0166;11.60246635;22;0.527384834
27;Ephesos;Aegean;Baetica;0;56.8;0;25;0;0;70.9666;0;29;0;0;4.2666;0;28;0;0;3.0166;0;22;0
28;Ephesos;Aegean;Tarraconensis;0;56.8;0;25;0;0;70.9666;0;29;0;0;4.2666;0;28;0;0;3.0166;0;22;0
29;Ephesos;Aegean;North Africa;3.1;56.8;5.457746479;25;0.218309859;2.6;70.9666;3.663695316;29;0.126334321;0.1;4.2666;2.343786622;28;0.083706665;0.1;3.0166;3.314990387;22;0.150681381
30;Ephesos;Aegean;Iberian Peninsula;6;56.8;10.56338028;25;0.422535211;11.5666;70.9666;16.29865317;29;0.562022523;0.5666;4.2666;13.279895;28;0.474281964;0.5666;3.0166;18.78273553;22;0.853760706
32;Ephesos;Aegean;Western Mediterranean;0;56.8;0;25;0;0;70.9666;0;29;0;0;4.2666;0;28;0;0;3.0166;0;22;0
33;Ephesos;Aegean;Eastern Mediterranean;5;56.8;8.802816901;25;0.352112676;6;70.9666;8.454681498;29;0.291540741;0.15;4.2666;3.515679932;28;0.125559998;0.15;3.0166;4.97248558;22;0.226022072
34;Ephesos;Aegean;unknown;0;56.8;0;25;0;0;70.9666;0;29;0;0;4.2666;0;28;0;0;3.0166;0;22;0
35;Ephesos;Aegean;Pontic Sea;0;56.8;0;25;0;0.4;70.9666;0.563645433;29;0.019436049;0.4;4.2666;9.375146487;28;0.33482666;1.65;3.0166;54.69734138;22;2.48624279
36;Ephesos;Aegean;Egypt;0.5;56.8;0.88028169;25;0.035211268;2.6;70.9666;3.663695316;29;0.126334321;0.1;4.2666;2.343786622;28;0.083706665;0.1;3.0166;3.314990387;22;0.150681381
37;Ephesos;Aegean;Gallia;0;56.8;0;25;0;0.1;70.9666;0.140911358;29;0.004859012;0.1;4.2666;2.343786622;28;0.083706665;0.1;3.0166;3.314990387;22;0.150681381
38;Ephesos;Aegean;Adria;0;56.8;0;25;0;0;70.9666;0;29;0;0;4.2666;0;28;0;0;3.0166;0;22;0
39;Baelo Claudia;Baetica;Italy;16;51.5;31.06796117;25;1.242718447;15;35.5;42.25352113;29;1.45701797;1;3;33.33333333;28;1.19047619;0.2;0.7;28.57142857;22;1.298701299
41;Baelo Claudia;Baetica;Tarraconensis;0;51.5;0;25;0;0;35.5;0;29;0;0;3;0;28;0;0;0.7;0;22;0
42;Baelo Claudia;Baetica;North Africa;0;51.5;0;25;0;0;35.5;0;29;0;0;3;0;28;0;0;0.7;0;22;0
43;Baelo Claudia;Baetica;Iberian Peninsula;0;51.5;0;25;0;0;35.5;0;29;0;0;3;0;28;0;0;0.7;0;22;0
44;Baelo Claudia;Baetica;Aegean;0;51.5;0;25;0;0;35.5;0;29;0;0;3;0;28;0;0;0.7;0;22;0
45;Baelo Claudia;Baetica;Western Mediterranean;24.5;51.5;47.57281553;25;1.902912621;13.5;35.5;38.02816901;29;1.311316173;2;3;66.66666667;28;2.380952381;0;0.7;0;22;0
46;Baelo Claudia;Baetica;Eastern Mediterranean;0;51.5;0;25;0;0;35.5;0;29;0;0;3;0;28;0;0;0.7;0;22;0
47;Baelo Claudia;Baetica;unknown;11;51.5;21.3592233;25;0.854368932;7;35.5;19.71830986;29;0.679941719;0;3;0;28;0;0.5;0.7;71.42857143;22;3.246753247
48;Baelo Claudia;Baetica;Pontic Sea;0;51.5;0;25;0;0;35.5;0;29;0;0;3;0;28;0;0;0.7;0;22;0
49;Baelo Claudia;Baetica;Egypt;0;51.5;0;25;0;0;35.5;0;29;0;0;3;0;28;0;0;0.7;0;22;0
50;Baelo Claudia;Baetica;Gallia;0;51.5;0;25;0;0;35.5;0;29;0;0;3;0;28;0;0;0.7;0;22;0
51;Baelo Claudia;Baetica;Adria;0;51.5;0;25;0;0;35.5;0;29;0;0;3;0;28;0;0;0.7;0;22;0
52;Valencia;Baetica;Italy;0.5;7.5;6.666666667;25;0.266666667;0;0;0;29;0;0;0;0;28;0;0;0;0;22;0
54;Valencia;Baetica;Tarraconensis;4;7.5;53.33333333;25;2.133333333;0;0;0;29;0;0;0;0;28;0;0;0;0;22;0
55;Valencia;Baetica;North Africa;2.5;7.5;33.33333333;25;1.333333333;0;0;0;29;0;0;0;0;28;0;0;0;0;22;0
56;Valencia;Baetica;Iberian Peninsula;0;7.5;0;25;0;0;0;0;29;0;0;0;0;28;0;0;0;0;22;0
57;Valencia;Baetica;Aegean;0;7.5;0;25;0;0;0;0;29;0;0;0;0;28;0;0;0;0;22;0
58;Valencia;Baetica;Western Mediterranean;0;7.5;0;25;0;0;0;0;29;0;0;0;0;28;0;0;0;0;22;0
59;Valencia;Baetica;Eastern Mediterranean;0.5;7.5;6.666666667;25;0.266666667;0;0;0;29;0;0;0;0;28;0;0;0;0;22;0
60;Valencia;Baetica;unknown;0;7.5;0;25;0;0;0;0;29;0;0;0;0;28;0;0;0;0;22;0
61;Valencia;Baetica;Pontic Sea;0;7.5;0;25;0;0;0;0;29;0;0;0;0;28;0;0;0;0;22;0
62;Valencia;Baetica;Egypt;0;7.5;0;25;0;0;0;0;29;0;0;0;0;28;0;0;0;0;22;0
63;Valencia;Baetica;Gallia;0;7.5;0;25;0;0;0;0;29;0;0;0;0;28;0;0;0;0;22;0
64;Valencia;Baetica;Adria;0;7.5;0;25;0;0;0;0;29;0;0;0;0;28;0;0;0;0;22;0
65;Berytus;Eastern Mediterranean;Italy;0;0;0;25;0;0;0;0;29;0;0;0;0;28;0;0;45;0;22;0
66;Berytus;Eastern Mediterranean;Baetica;0;0;0;25;0;0;0;0;29;0;0;0;0;28;0;0;45;0;22;0
67;Berytus;Eastern Mediterranean;Tarraconensis;0;0;0;25;0;0;0;0;29;0;0;0;0;28;0;0;45;0;22;0
68;Berytus;Eastern Mediterranean;North Africa;0;0;0;25;0;0;0;0;29;0;0;0;0;28;0;1;45;2.222222222;22;0.101010101
69;Berytus;Eastern Mediterranean;Iberian Peninsula;0;0;0;25;0;0;0;0;29;0;0;0;0;28;0;0;45;0;22;0
70;Berytus;Eastern Mediterranean;Aegean;0;0;0;25;0;0;0;0;29;0;0;0;0;28;0;10;45;22.22222222;22;1.01010101
71;Berytus;Eastern Mediterranean;Western Mediterranean;0;0;0;25;0;0;0;0;29;0;0;0;0;28;0;9;45;20;22;0.909090909
73;Berytus;Eastern Mediterranean;unknown;0;0;0;25;0;0;0;0;29;0;0;0;0;28;0;25;45;55.55555556;22;2.525252525
74;Berytus;Eastern Mediterranean;Pontic Sea;0;0;0;25;0;0;0;0;29;0;0;0;0;28;0;0;45;0;22;0
75;Berytus;Eastern Mediterranean;Egypt;0;0;0;25;0;0;0;0;29;0;0;0;0;28;0;0;45;0;22;0
76;Berytus;Eastern Mediterranean;Gallia;0;0;0;25;0;0;0;0;29;0;0;0;0;28;0;0;45;0;22;0
77;Berytus;Eastern Mediterranean;Adria;0;0;0;25;0;0;0;0;29;0;0;0;0;28;0;0;45;0;22;0
78;Caesarea;Eastern Mediterranean;Italy;3;12.5;24;25;0.96;3;12.4999;24.000192;29;0.827592828;0;1.9999;0;28;0;0;1.9999;0;22;0
79;Caesarea;Eastern Mediterranean;Baetica;0;12.5;0;25;0;0;12.4999;0;29;0;0;1.9999;0;28;0;0;1.9999;0;22;0
80;Caesarea;Eastern Mediterranean;Tarraconensis;0;12.5;0;25;0;0;12.4999;0;29;0;0;1.9999;0;28;0;0;1.9999;0;22;0
81;Caesarea;Eastern Mediterranean;North Africa;0.5;12.5;4;25;0.16;0.5;12.4999;4.000032;29;0.137932138;0;1.9999;0;28;0;0;1.9999;0;22;0
82;Caesarea;Eastern Mediterranean;Iberian Peninsula;2.5;12.5;20;25;0.8;2.8333;12.4999;22.66658133;29;0.781606253;0.5833;1.9999;29.16645832;28;1.041659226;0.5833;1.9999;29.16645832;22;1.325748106
83;Caesarea;Eastern Mediterranean;Aegean;3;12.5;24;25;0.96;3;12.4999;24.000192;29;0.827592828;0.5;1.9999;25.00125006;28;0.892901788;0.5;1.9999;25.00125006;22;1.136420457
84;Caesarea;Eastern Mediterranean;Western Mediterranean;0;12.5;0;25;0;0;12.4999;0;29;0;0;1.9999;0;28;0;0;1.9999;0;22;0
86;Caesarea;Eastern Mediterranean;unknown;2.5;12.5;20;25;0.8;2.8333;12.4999;22.66658133;29;0.781606253;0.5833;1.9999;29.16645832;28;1.041659226;0.5833;1.9999;29.16645832;22;1.325748106
87;Caesarea;Eastern Mediterranean;Pontic Sea;0;12.5;0;25;0;0;12.4999;0;29;0;0;1.9999;0;28;0;0;1.9999;0;22;0
88;Caesarea;Eastern Mediterranean;Egypt;0;12.5;0;25;0;0;12.4999;0;29;0;0;1.9999;0;28;0;0;1.9999;0;22;0
89;Caesarea;Eastern Mediterranean;Gallia;0;12.5;0;25;0;0.3333;12.4999;2.666421331;29;0.091945563;0.3333;1.9999;16.66583329;28;0.595208332;0.3333;1.9999;16.66583329;22;0.757537877
90;Caesarea;Eastern Mediterranean;Adria;1;12.5;8;25;0.32;0;12.4999;0;29;0;0;1.9999;0;28;0;0;1.9999;0;22;0
91;Paphos;Eastern Mediterranean;Italy;0;3.9999;0;25;0;11.25;14.8333;75.84286706;29;2.615271278;1.25;3.3332;37.50150006;28;1.339339288;0.25;10.5;2.380952381;22;0.108225108
92;Paphos;Eastern Mediterranean;Baetica;0;3.9999;0;25;0;0;14.8333;0;29;0;0;3.3332;0;28;0;0;10.5;0;22;0
93;Paphos;Eastern Mediterranean;Tarraconensis;0;3.9999;0;25;0;0;14.8333;0;29;0;0;3.3332;0;28;0;0;10.5;0;22;0
94;Paphos;Eastern Mediterranean;North Africa;0;3.9999;0;25;0;0;14.8333;0;29;0;0;3.3332;0;28;0;0;10.5;0;22;0
95;Paphos;Eastern Mediterranean;Iberian Peninsula;0;3.9999;0;25;0;0;14.8333;0;29;0;0;3.3332;0;28;0;0;10.5;0;22;0
96;Paphos;Eastern Mediterranean;Aegean;2.6666;3.9999;66.66666667;25;2.666666667;2;14.8333;13.48317637;29;0.464937116;1.1666;3.3332;34.99939998;28;1.249978571;3;10.5;28.57142857;22;1.298701299
97;Paphos;Eastern Mediterranean;Western Mediterranean;0;3.9999;0;25;0;0;14.8333;0;29;0;0;3.3332;0;28;0;0;10.5;0;22;0
99;Paphos;Eastern Mediterranean;unknown;1.3333;3.9999;33.33333333;25;1.333333333;1.5833;14.8333;10.67395657;29;0.368067468;0.5833;3.3332;17.49969999;28;0.624989285;7.25;10.5;69.04761905;22;3.138528139
100;Paphos;Eastern Mediterranean;Pontic Sea;0;3.9999;0;25;0;0;14.8333;0;29;0;0;3.3332;0;28;0;0;10.5;0;22;0
101;Paphos;Eastern Mediterranean;Egypt;0;3.9999;0;25;0;0;14.8333;0;29;0;0;3.3332;0;28;0;0;10.5;0;22;0
102;Paphos;Eastern Mediterranean;Gallia;0;3.9999;0;25;0;0;14.8333;0;29;0;0;3.3332;0;28;0;0;10.5;0;22;0
103;Paphos;Eastern Mediterranean;Adria;0;3.9999;0;25;0;0;14.8333;0;29;0;0.3333;3.3332;9.999399976;28;0.357121428;0;10.5;0;22;0
104;Pula;Adria;Italy;1286;1286;100;25;4;0;0;0;29;0;0;0;0;28;0;0;0;0;22;0
105;Pula;Adria;Baetica;0;1286;0;25;0;0;0;0;29;0;0;0;0;28;0;0;0;0;22;0
106;Pula;Adria;Tarraconensis;0;1286;0;25;0;0;0;0;29;0;0;0;0;28;0;0;0;0;22;0
107;Pula;Adria;North Africa;0;1286;0;25;0;0;0;0;29;0;0;0;0;28;0;0;0;0;22;0
108;Pula;Adria;Iberian Peninsula;0;1286;0;25;0;0;0;0;29;0;0;0;0;28;0;0;0;0;22;0
109;Pula;Adria;Aegean;0;1286;0;25;0;0;0;0;29;0;0;0;0;28;0;0;0;0;22;0
110;Pula;Adria;Western Mediterranean;0;1286;0;25;0;0;0;0;29;0;0;0;0;28;0;0;0;0;22;0
111;Pula;Adria;Eastern Mediterranean;0;1286;0;25;0;0;0;0;29;0;0;0;0;28;0;0;0;0;22;0
112;Pula;Adria;unknown;0;1286;0;25;0;0;0;0;29;0;0;0;0;28;0;0;0;0;22;0
113;Pula;Adria;Pontic Sea;0;1286;0;25;0;0;0;0;29;0;0;0;0;28;0;0;0;0;22;0
114;Pula;Adria;Egypt;0;1286;0;25;0;0;0;0;29;0;0;0;0;28;0;0;0;0;22;0
115;Pula;Adria;Gallia;0;1286;0;25;0;0;0;0;29;0;0;0;0;28;0;0;0;0;22;0
117;Corinth;Aegean;Italy;0;0.25;0;25;0;0;0.75;0;29;0;1;3;33.33333333;28;1.19047619;0;3;0;22;0
118;Corinth;Aegean;Baetica;0;0.25;0;25;0;0;0.75;0;29;0;0;3;0;28;0;0;3;0;22;0
119;Corinth;Aegean;Tarraconensis;0;0.25;0;25;0;0;0.75;0;29;0;0;3;0;28;0;0;3;0;22;0
120;Corinth;Aegean;North Africa;0;0.25;0;25;0;0;0.75;0;29;0;0.5;3;16.66666667;28;0.595238095;0.5;3;16.66666667;22;0.757575758
121;Corinth;Aegean;Iberian Peninsula;0;0.25;0;25;0;0;0.75;0;29;0;0;3;0;28;0;0;3;0;22;0
123;Corinth;Aegean;Western Mediterranean;0;0.25;0;25;0;0;0.75;0;29;0;0;3;0;28;0;0;3;0;22;0
124;Corinth;Aegean;Eastern Mediterranean;0;0.25;0;25;0;0;0.75;0;29;0;0;3;0;28;0;0;3;0;22;0
125;Corinth;Aegean;unknown;0.25;0.25;100;25;4;0.75;0.75;100;29;3.448275862;1.5;3;50;28;1.785714286;2.5;3;83.33333333;22;3.787878788
126;Corinth;Aegean;Pontic Sea;0;0.25;0;25;0;0;0.75;0;29;0;0;3;0;28;0;0;3;0;22;0
127;Corinth;Aegean;Egypt;0;0.25;0;25;0;0;0.75;0;29;0;0;3;0;28;0;0;3;0;22;0
128;Corinth;Aegean;Gallia;0;0.25;0;25;0;0;0.75;0;29;0;0;3;0;28;0;0;3;0;22;0
129;Corinth;Aegean;Adria;0;0.25;0;25;0;0;0.75;0;29;0;0;3;0;28;0;0;3;0;22;0
130;Arles;Gallia;Italy;79.5;81.5;97.54601227;25;3.901840491;0;60.5;0;29;0;0;60.5;0;28;0;0.5;4.5;11.11111111;22;0.505050505
131;Arles;Gallia;Baetica;0;81.5;0;25;0;0;60.5;0;29;0;0;60.5;0;28;0;0;4.5;0;22;0
132;Arles;Gallia;Tarraconensis;0;81.5;0;25;0;0;60.5;0;29;0;0;60.5;0;28;0;0;4.5;0;22;0
133;Arles;Gallia;North Africa;2;81.5;2.45398773;25;0.098159509;1;60.5;1.652892562;29;0.056996295;1;60.5;1.652892562;28;0.059031877;0;4.5;0;22;0
134;Arles;Gallia;Iberian Peninsula;0;81.5;0;25;0;57.5;60.5;95.04132231;29;3.277286976;57.5;60.5;95.04132231;28;3.39433294;2;4.5;44.44444444;22;2.02020202
135;Arles;Gallia;Aegean;0;81.5;0;25;0;1;60.5;1.652892562;29;0.056996295;1;60.5;1.652892562;28;0.059031877;1;4.5;22.22222222;22;1.01010101
136;Arles;Gallia;Western Mediterranean;0;81.5;0;25;0;0;60.5;0;29;0;0;60.5;0;28;0;0;4.5;0;22;0
137;Arles;Gallia;Eastern Mediterranean;0;81.5;0;25;0;1;60.5;1.652892562;29;0.056996295;1;60.5;1.652892562;28;0.059031877;1;4.5;22.22222222;22;1.01010101
138;Arles;Gallia;unknown;0;81.5;0;25;0;0;60.5;0;29;0;0;60.5;0;28;0;0;4.5;0;22;0
139;Arles;Gallia;Pontic Sea;0;81.5;0;25;0;0;60.5;0;29;0;0;60.5;0;28;0;0;4.5;0;22;0
140;Arles;Gallia;Egypt;0;81.5;0;25;0;0;60.5;0;29;0;0;60.5;0;28;0;0;4.5;0;22;0
142;Arles;Gallia;Adria;0;81.5;0;25;0;0;60.5;0;29;0;0;60.5;0;28;0;0;4.5;0;22;0
143;Frejus;Gallia;Italy;0;0;0;25;0;0;0;0;29;0;0;0;0;28;0;0;24;0;22;0
144;Frejus;Gallia;Baetica;0;0;0;25;0;0;0;0;29;0;0;0;0;28;0;0;24;0;22;0
145;Frejus;Gallia;Tarraconensis;0;0;0;25;0;0;0;0;29;0;0;0;0;28;0;0;24;0;22;0
146;Frejus;Gallia;North Africa;0;0;0;25;0;0;0;0;29;0;0;0;0;28;0;1;24;4.166666667;22;0.189393939
147;Frejus;Gallia;Iberian Peninsula;0;0;0;25;0;0;0;0;29;0;0;0;0;28;0;19;24;79.16666667;22;3.598484848
148;Frejus;Gallia;Aegean;0;0;0;25;0;0;0;0;29;0;0;0;0;28;0;0;24;0;22;0
149;Frejus;Gallia;Western Mediterranean;0;0;0;25;0;0;0;0;29;0;0;0;0;28;0;0;24;0;22;0
150;Frejus;Gallia;Eastern Mediterranean;0;0;0;25;0;0;0;0;29;0;0;0;0;28;0;0;24;0;22;0
151;Frejus;Gallia;unknown;0;0;0;25;0;0;0;0;29;0;0;0;0;28;0;4;24;16.66666667;22;0.757575758
152;Frejus;Gallia;Pontic Sea;0;0;0;25;0;0;0;0;29;0;0;0;0;28;0;0;24;0;22;0
153;Frejus;Gallia;Egypt;0;0;0;25;0;0;0;0;29;0;0;0;0;28;0;0;24;0;22;0
155;Frejus;Gallia;Adria;0;0;0;25;0;0;0;0;29;0;0;0;0;28;0;0;24;0;22;0
156;La Nautique;Gallia;Italy;3.6666;153.6676;2.38605926;25;0.09544237;0.6666;110.6676;0.602344318;29;0.020770494;0.6666;110.6676;0.602344318;28;0.021512297;0;0;0;22;0
157;La Nautique;Gallia;Baetica;9.213;153.6676;5.995408271;25;0.239816331;9.213;110.6676;8.32492979;29;0.287066544;9.213;110.6676;8.32492979;28;0.297318921;0;0;0;22;0
158;La Nautique;Gallia;Tarraconensis;106.484;153.6676;69.2950238;25;2.771800952;71.484;110.6676;64.59343114;29;2.227359694;71.484;110.6676;64.59343114;28;2.306908255;0;0;0;22;0
159;La Nautique;Gallia;North Africa;3.553;153.6676;2.312133462;25;0.092485338;2.553;110.6676;2.306908255;29;0.079548561;2.553;110.6676;2.306908255;28;0.082389581;0;0;0;22;0
160;La Nautique;Gallia;Iberian Peninsula;0;153.6676;0;25;0;0;110.6676;0;29;0;0;110.6676;0;28;0;0;0;0;22;0
161;La Nautique;Gallia;Aegean;0;153.6676;0;25;0;0;110.6676;0;29;0;0;110.6676;0;28;0;0;0;0;22;0
162;La Nautique;Gallia;Western Mediterranean;0;153.6676;0;25;0;0;110.6676;0;29;0;0;110.6676;0;28;0;0;0;0;22;0
163;La Nautique;Gallia;Eastern Mediterranean;3;153.6676;1.9522658;25;0.078090632;0;110.6676;0;29;0;0;110.6676;0;28;0;0;0;0;22;0
164;La Nautique;Gallia;unknown;27.751;153.6676;18.0591094;25;0.722364376;26.751;110.6676;24.1723865;29;0.833530569;26.751;110.6676;24.1723865;28;0.863299518;0;0;0;22;0
165;La Nautique;Gallia;Pontic Sea;0;153.6676;0;25;0;0;110.6676;0;29;0;0;110.6676;0;28;0;0;0;0;22;0
166;La Nautique;Gallia;Egypt;0;153.6676;0;25;0;0;110.6676;0;29;0;0;110.6676;0;28;0;0;0;0;22;0
168;La Nautique;Gallia;Adria;0;153.6676;0;25;0;0;110.6676;0;29;0;0;110.6676;0;28;0;0;0;0;22;0
169;La Ramiere;Gallia;Italy;6;14;42.85714286;25;1.714285714;20.5;110.6676;18.52394016;29;0.638756557;19;203.5;9.336609337;28;0.333450333;5.75;70.25;8.185053381;22;0.372047881
170;La Ramiere;Gallia;Baetica;0;14;0;25;0;0;85;0;29;0;0;203.5;0;28;0;0;70.25;0;22;0
171;La Ramiere;Gallia;Tarraconensis;0;14;0;25;0;0;85;0;29;0;0;203.5;0;28;0;0;70.25;0;22;0
172;La Ramiere;Gallia;North Africa;0;14;0;25;0;5.5;85;6.470588235;29;0.223123732;7;203.5;3.43980344;28;0.122850123;2.5;70.25;3.558718861;22;0.161759948
173;La Ramiere;Gallia;Iberian Peninsula;6.5;14;46.42857143;25;1.857142857;68.5;85;80.58823529;29;2.778904665;163.5;203.5;80.34398034;28;2.869427869;55.75;70.25;79.3594306;22;3.607246846
174;La Ramiere;Gallia;Aegean;0;14;0;25;0;0;85;0;29;0;0;203.5;0;28;0;0;70.25;0;22;0
175;La Ramiere;Gallia;Western Mediterranean;0;14;0;25;0;0;85;0;29;0;0;203.5;0;28;0;0;70.25;0;22;0
176;La Ramiere;Gallia;Eastern Mediterranean;0;14;0;25;0;0;85;0;29;0;0;203.5;0;28;0;0;70.25;0;22;0
177;La Ramiere;Gallia;unknown;1.5;14;10.71428571;25;0.428571429;11;85;12.94117647;29;0.446247465;14;203.5;6.87960688;28;0.245700246;6.25;70.25;8.896797153;22;0.404399871
178;La Ramiere;Gallia;Pontic Sea;0;14;0;25;0;0;85;0;29;0;0;203.5;0;28;0;0;70.25;0;22;0
179;La Ramiere;Gallia;Egypt;0;14;0;25;0;0;85;0;29;0;0;203.5;0;28;0;0;70.25;0;22;0
181;La Ramiere;Gallia;Adria;0;14;0;25;0;0;85;0;29;0;0;203.5;0;28;0;0;70.25;0;22;0
182;Lyon;Gallia;Italy;160.25;541.46;29.59590736;25;1.183836294;38.49;268.06;14.35872566;29;0.495128471;0;0;0;28;0;0;0;0;22;0
183;Lyon;Gallia;Baetica;163.06;541.46;30.1148746;25;1.204594984;97.14;268.06;36.23815564;29;1.249591574;0;0;0;28;0;0;0;0;22;0
184;Lyon;Gallia;Tarraconensis;45.1;541.46;8.329331807;25;0.333173272;38.94;268.06;14.52659852;29;0.50091719;0;0;0;28;0;0;0;0;22;0
185;Lyon;Gallia;North Africa;0;541.46;0;25;0;0;268.06;0;29;0;0;0;0;28;0;0;0;0;22;0
186;Lyon;Gallia;Iberian Peninsula;0;541.46;0;25;0;0;268.06;0;29;0;0;0;0;28;0;0;0;0;22;0
187;Lyon;Gallia;Aegean;0;541.46;0;25;0;0;268.06;0;29;0;0;0;0;28;0;0;0;0;22;0
188;Lyon;Gallia;Western Mediterranean;0;541.46;0;25;0;0;268.06;0;29;0;0;0;0;28;0;0;0;0;22;0
189;Lyon;Gallia;Eastern Mediterranean;75.64;541.46;13.96963765;25;0.558785506;47.68;268.06;17.7870626;29;0.613346986;0;0;0;28;0;0;0;0;22;0
190;Lyon;Gallia;unknown;97.41;541.46;17.99024859;25;0.719609943;45.81;268.06;17.08945758;29;0.589291641;0;0;0;28;0;0;0;0;22;0
191;Lyon;Gallia;Pontic Sea;0;541.46;0;25;0;0;268.06;0;29;0;0;0;0;28;0;0;0;0;22;0
192;Lyon;Gallia;Egypt;0;541.46;0;25;0;0;268.06;0;29;0;0;0;0;28;0;0;0;0;22;0
194;Lyon;Gallia;Adria;0;541.46;0;25;0;0;268.06;0;29;0;0;0;0;28;0;0;0;0;22;0
195;Narbonne;Gallia;Italy;768.8;1354.9;56.742195;25;2.2696878;36.25;388.75;9.324758842;29;0.321543408;0.25;0.75;33.33333333;28;1.19047619;0;0;0;22;0
196;Narbonne;Gallia;Baetica;83.4;1354.9;6.155435826;25;0.246217433;51.75;388.75;13.31189711;29;0.459030935;0.25;0.75;33.33333333;28;1.19047619;0;0;0;22;0
197;Narbonne;Gallia;Tarraconensis;296;1354.9;21.84663075;25;0.87386523;248;388.75;63.79421222;29;2.199800421;0;0.75;0;28;0;0;0;0;22;0
198;Narbonne;Gallia;North Africa;96.5;1354.9;7.122296848;25;0.284891874;5.5;388.75;1.414790997;29;0.048785896;0;0.75;0;28;0;0;0;0;22;0
199;Narbonne;Gallia;Iberian Peninsula;0;1354.9;0;25;0;0;388.75;0;29;0;0;0.75;0;28;0;0;0;0;22;0
200;Narbonne;Gallia;Aegean;2.5;1354.9;0.184515462;25;0.007380618;1.125;388.75;0.289389068;29;0.009978933;0.125;0.75;16.66666667;28;0.595238095;0;0;0;22;0
201;Narbonne;Gallia;Western Mediterranean;0;1354.9;0;25;0;0;388.75;0;29;0;0;0.75;0;28;0;0;0;0;22;0
202;Narbonne;Gallia;Eastern Mediterranean;2.5;1354.9;0.184515462;25;0.007380618;1.125;388.75;0.289389068;29;0.009978933;0.125;0.75;16.66666667;28;0.595238095;0;0;0;22;0
203;Narbonne;Gallia;unknown;105.2;1354.9;7.764410658;25;0.310576426;45;388.75;11.5755627;29;0.399157335;0;0.75;0;28;0;0;0;0;22;0
204;Narbonne;Gallia;Pontic Sea;0;1354.9;0;25;0;0;388.75;0;29;0;0;0.75;0;28;0;0;0;0;22;0
205;Narbonne;Gallia;Egypt;0;1354.9;0;25;0;0;388.75;0;29;0;0;0.75;0;28;0;0;0;0;22;0
207;Narbonne;Gallia;Adria;0;1354.9;0;25;0;0;388.75;0;29;0;0;0.75;0;28;0;0;0;0;22;0
208;Nimes;Gallia;Italy;11;190;5.789473684;25;0.231578947;11;190;5.789473684;29;0.199637024;0;265.5;0;28;0;4.5;424.25;1.060695345;22;0.048213425
209;Nimes;Gallia;Baetica;0;190;0;25;0;0;190;0;29;0;0;265.5;0;28;0;0;424.25;0;22;0
210;Nimes;Gallia;Tarraconensis;0;190;0;25;0;0;190;0;29;0;0;265.5;0;28;0;0;424.25;0;22;0
211;Nimes;Gallia;North Africa;0;190;0;25;0;0;190;0;29;0;0;265.5;0;28;0;0;424.25;0;22;0
212;Nimes;Gallia;Iberian Peninsula;115.5;190;60.78947368;25;2.431578947;0;190;0;29;0;188.5;265.5;70.99811676;28;2.535647027;314;424.25;74.01296405;22;3.364225639
213;Nimes;Gallia;Aegean;0.5;190;0.263157895;25;0.010526316;115.5;190;60.78947368;29;2.096188748;1;265.5;0.376647834;28;0.013451708;1;424.25;0.235710077;22;0.010714094
214;Nimes;Gallia;Western Mediterranean;0;190;0;25;0;0.5;190;0.263157895;29;0.00907441;0;265.5;0;28;0;0;424.25;0;22;0
215;Nimes;Gallia;Eastern Mediterranean;0;190;0;25;0;0;190;0;29;0;0;265.5;0;28;0;0;424.25;0;22;0
216;Nimes;Gallia;unknown;63;190;33.15789474;25;1.326315789;63;190;33.15789474;29;1.143375681;76;265.5;28.6252354;28;1.022329836;104.75;424.25;24.69063052;22;1.122301387
217;Nimes;Gallia;Pontic Sea;0;190;0;25;0;0;190;0;29;0;0;265.5;0;28;0;0;424.25;0;22;0
218;Nimes;Gallia;Egypt;0;190;0;25;0;0;190;0;29;0;0;265.5;0;28;0;0;424.25;0;22;0
220;Nimes;Gallia;Adria;0;190;0;25;0;0;190;0;29;0;0;265.5;0;28;0;0;424.25;0;22;0
221;Toulon;Gallia;Italy;0;0;0;25;0;0;0;0;29;0;17;146;11.64383562;28;0.415851272;6;117.5;5.106382979;22;0.232108317
222;Toulon;Gallia;Baetica;0;0;0;25;0;0;0;0;29;0;0;146;0;28;0;0;117.5;0;22;0
223;Toulon;Gallia;Tarraconensis;0;0;0;25;0;0;0;0;29;0;0;146;0;28;0;0;117.5;0;22;0
224;Toulon;Gallia;North Africa;0;0;0;25;0;0;0;0;29;0;21;146;14.38356164;28;0.51369863;12;117.5;10.21276596;22;0.464216634
225;Toulon;Gallia;Iberian Peninsula;0;0;0;25;0;0;0;0;29;0;93;146;63.69863014;28;2.274951076;66.5;117.5;56.59574468;22;2.572533849
226;Toulon;Gallia;Aegean;0;0;0;25;0;0;0;0;29;0;0;146;0;28;0;0;117.5;0;22;0
227;Toulon;Gallia;Western Mediterranean;0;0;0;25;0;0;0;0;29;0;0;146;0;28;0;0;117.5;0;22;0
228;Toulon;Gallia;Eastern Mediterranean;0;0;0;25;0;0;0;0;29;0;11;146;7.534246575;28;0.269080235;21.5;117.5;18.29787234;22;0.83172147
229;Toulon;Gallia;unknown;0;0;0;25;0;0;0;0;29;0;4;146;2.739726027;28;0.097847358;11.5;117.5;9.787234043;22;0.444874275
230;Toulon;Gallia;Pontic Sea;0;0;0;25;0;0;0;0;29;0;0;146;0;28;0;0;117.5;0;22;0
231;Toulon;Gallia;Egypt;0;0;0;25;0;0;0;0;29;0;0;146;0;28;0;0;117.5;0;22;0
233;Toulon;Gallia;Adria;0;0;0;25;0;0;0;0;29;0;0;146;0;28;0;0;117.5;0;22;0
234;Vienne;Gallia;Italy;165.89;273.895;60.5670056;25;2.422680224;161.5;352.645;45.79676445;29;1.579198774;0;0;0;28;0;0;0;0;22;0
235;Vienne;Gallia;Baetica;54.49;273.895;19.89448511;25;0.795779405;95.25;352.645;27.01016603;29;0.931385036;0;0;0;28;0;0;0;0;22;0
236;Vienne;Gallia;Tarraconensis;17.965;273.895;6.55908286;25;0.262363314;46.305;352.645;13.1307689;29;0.452785135;0;0;0;28;0;0;0;0;22;0
237;Vienne;Gallia;North Africa;0;273.895;0;25;0;0;352.645;0;29;0;0;0;0;28;0;0;0;0;22;0
238;Vienne;Gallia;Iberian Peninsula;0;273.895;0;25;0;0;352.645;0;29;0;0;0;0;28;0;0;0;0;22;0
239;Vienne;Gallia;Aegean;0;273.895;0;25;0;0;352.645;0;29;0;0;0;0;28;0;0;0;0;22;0
240;Vienne;Gallia;Western Mediterranean;0;273.895;0;25;0;0;352.645;0;29;0;0;0;0;28;0;0;0;0;22;0
241;Vienne;Gallia;Eastern Mediterranean;19.67;273.895;7.181584184;25;0.287263367;17.11;352.645;4.85190489;29;0.167307065;0;0;0;28;0;0;0;0;22;0
242;Vienne;Gallia;unknown;15.88;273.895;5.797842239;25;0.23191369;32.48;352.645;9.210395724;29;0.317599853;0;0;0;28;0;0;0;0;22;0
243;Vienne;Gallia;Pontic Sea;0;273.895;0;25;0;0;352.645;0;29;0;0;0;0;28;0;0;0;0;22;0
244;Vienne;Gallia;Egypt;0;273.895;0;25;0;0;352.645;0;29;0;0;0;0;28;0;0;0;0;22;0
246;Vienne;Gallia;Adria;0;273.895;0;25;0;0;352.645;0;29;0;0;0;0;28;0;0;0;0;22;0
247;Sparta;Aegean;Italy;0;0;0;25;0;0;1;0;29;0;0;1;0;28;0;0;1.5;0;22;0
248;Sparta;Aegean;Baetica;0;0;0;25;0;0;1;0;29;0;0;1;0;28;0;0;1.5;0;22;0
249;Sparta;Aegean;Tarraconensis;0;0;0;25;0;0;1;0;29;0;0;1;0;28;0;0;1.5;0;22;0
250;Sparta;Aegean;North Africa;0;0;0;25;0;0;1;0;29;0;0;1;0;28;0;0;1.5;0;22;0
251;Sparta;Aegean;Iberian Peninsula;0;0;0;25;0;0;1;0;29;0;0;1;0;28;0;0;1.5;0;22;0
253;Sparta;Aegean;Western Mediterranean;0;0;0;25;0;0;1;0;29;0;0;1;0;28;0;0;1.5;0;22;0
254;Sparta;Aegean;Eastern Mediterranean;0;0;0;25;0;0;1;0;29;0;0;1;0;28;0;0;1.5;0;22;0
255;Sparta;Aegean;unknown;0;0;0;25;0;1;1;100;29;3.448275862;1;1;100;28;3.571428571;0;1.5;0;22;0
256;Sparta;Aegean;Pontic Sea;0;0;0;25;0;0;1;0;29;0;0;1;0;28;0;0;1.5;0;22;0
257;Sparta;Aegean;Egypt;0;0;0;25;0;0;1;0;29;0;0;1;0;28;0;0;1.5;0;22;0
258;Sparta;Aegean;Gallia;0;0;0;25;0;0;1;0;29;0;0;1;0;28;0;0;1.5;0;22;0
259;Sparta;Aegean;Adria;0;0;0;25;0;0;1;0;29;0;0;1;0;28;0;1.5;1.5;100;22;4.545454545
261;Albintimilium;Italy;Baetica;75;172;43.60465116;25;1.744186047;30;61;49.18032787;29;1.695873375;0;0;0;28;0;0;0;0;22;0
262;Albintimilium;Italy;Tarraconensis;20;172;11.62790698;25;0.465116279;6;61;9.836065574;29;0.339174675;0;0;0;28;0;0;0;0;22;0
263;Albintimilium;Italy;North Africa;0;172;0;25;0;0;61;0;29;0;0;0;0;28;0;0;0;0;22;0
264;Albintimilium;Italy;Iberian Peninsula;0;172;0;25;0;0;61;0;29;0;0;0;0;28;0;0;0;0;22;0
265;Albintimilium;Italy;Aegean;3;172;1.744186047;25;0.069767442;0;61;0;29;0;0;0;0;28;0;0;0;0;22;0
266;Albintimilium;Italy;Western Mediterranean;15;172;8.720930233;25;0.348837209;6;61;9.836065574;29;0.339174675;0;0;0;28;0;0;0;0;22;0
267;Albintimilium;Italy;Eastern Mediterranean;0;172;0;25;0;0;61;0;29;0;0;0;0;28;0;0;0;0;22;0
268;Albintimilium;Italy;unknown;12;172;6.976744186;25;0.279069767;6;61;9.836065574;29;0.339174675;0;0;0;28;0;0;0;0;22;0
269;Albintimilium;Italy;Pontic Sea;0;172;0;25;0;0;61;0;29;0;0;0;0;28;0;0;0;0;22;0
270;Albintimilium;Italy;Egypt;0;172;0;25;0;0;61;0;29;0;0;0;0;28;0;0;0;0;22;0
271;Albintimilium;Italy;Gallia;47;172;27.3255814;25;1.093023256;13;61;21.31147541;29;0.734878462;0;0;0;28;0;0;0;0;22;0
272;Albintimilium;Italy;Adria;0;172;0;25;0;0;61;0;29;0;0;0;0;28;0;0;0;0;22;0
274;Cosa;Italy;Baetica;6;26.25;22.85714286;25;0.914285714;3.75;10.25;36.58536585;29;1.26156434;0.75;4.5;16.66666667;28;0.595238095;0.75;1.5;50;22;2.272727273
275;Cosa;Italy;Tarraconensis;1.75;26.25;6.666666667;25;0.266666667;0.25;10.25;2.43902439;29;0.084104289;0;4.5;0;28;0;0;1.5;0;22;0
276;Cosa;Italy;North Africa;3;26.25;11.42857143;25;0.457142857;2.5;10.25;24.3902439;29;0.841042893;3.5;4.5;77.77777778;28;2.777777778;0.5;1.5;33.33333333;22;1.515151515
277;Cosa;Italy;Iberian Peninsula;0;26.25;0;25;0;0;10.25;0;29;0;0;4.5;0;28;0;0;1.5;0;22;0
278;Cosa;Italy;Aegean;8.75;26.25;33.33333333;25;1.333333333;1.25;10.25;12.19512195;29;0.420521447;0;4.5;0;28;0;0;1.5;0;22;0
279;Cosa;Italy;Western Mediterranean;0;26.25;0;25;0;0;10.25;0;29;0;0;4.5;0;28;0;0;1.5;0;22;0
280;Cosa;Italy;Eastern Mediterranean;0;26.25;0;25;0;0;10.25;0;29;0;0;4.5;0;28;0;0;1.5;0;22;0
281;Cosa;Italy;unknown;5;26.25;19.04761905;25;0.761904762;2.25;10.25;21.95121951;29;0.756938604;0.25;4.5;5.555555556;28;0.198412698;0.25;1.5;16.66666667;22;0.757575758
282;Cosa;Italy;Pontic Sea;0;26.25;0;25;0;0;10.25;0;29;0;0;4.5;0;28;0;0;1.5;0;22;0
283;Cosa;Italy;Egypt;0;26.25;0;25;0;0;10.25;0;29;0;0;4.5;0;28;0;0;1.5;0;22;0
284;Cosa;Italy;Gallia;1.75;26.25;6.666666667;25;0.266666667;0.25;10.25;2.43902439;29;0.084104289;0;4.5;0;28;0;0;1.5;0;22;0
285;Cosa;Italy;Adria;0;0;0;25;0;0;10.25;0;29;0;0;4.5;0;28;0;0;1.5;0;22;0
287;Monte Iato;Italy;Baetica;0;0;0;25;0;0;5.75;0;29;0;0;4.75;0;28;0;0;0;0;22;0
288;Monte Iato;Italy;Tarraconensis;0;0;0;25;0;0;5.75;0;29;0;0;4.75;0;28;0;0;0;0;22;0
289;Monte Iato;Italy;North Africa;0;0;0;25;0;1;5.75;17.39130435;29;0.59970015;1;4.75;21.05263158;28;0.751879699;0;0;0;22;0
290;Monte Iato;Italy;Iberian Peninsula;0;0;0;25;0;1.5;5.75;26.08695652;29;0.899550225;0.5;4.75;10.52631579;28;0.37593985;0;0;0;22;0
291;Monte Iato;Italy;Aegean;0;0;0;25;0;0.75;5.75;13.04347826;29;0.449775112;0.75;4.75;15.78947368;28;0.563909774;0;0;0;22;0
292;Monte Iato;Italy;Western Mediterranean;0;0;0;25;0;0;5.75;0;29;0;0;4.75;0;28;0;0;0;0;22;0
293;Monte Iato;Italy;Eastern Mediterranean;0;0;0;25;0;0;5.75;0;29;0;0;4.75;0;28;0;0;0;0;22;0
294;Monte Iato;Italy;unknown;0;0;0;25;0;2.5;5.75;43.47826087;29;1.499250375;2.5;4.75;52.63157895;28;1.879699248;0;0;0;22;0
295;Monte Iato;Italy;Pontic Sea;0;0;0;25;0;0;5.75;0;29;0;0;4.75;0;28;0;0;0;0;22;0
296;Monte Iato;Italy;Egypt;0;0;0;25;0;0;5.75;0;29;0;0;4.75;0;28;0;0;0;0;22;0
297;Monte Iato;Italy;Gallia;0;0;0;25;0;0;5.75;0;29;0;0;4.75;0;28;0;0;0;0;22;0
298;Monte Iato;Italy;Adria;0;0;0;25;0;0;5.75;0;29;0;0;4.75;0;28;0;0;0;0;22;0
300;Ostia;Italy;Baetica;0;4;0;25;0;0;154;0;29;0;0;1251;0;28;0;0;863.1;0;22;0
301;Ostia;Italy;Tarraconensis;0;4;0;25;0;0;154;0;29;0;0;1251;0;28;0;0;863.1;0;22;0
302;Ostia;Italy;North Africa;1;4;25;25;1;2.5;154;1.623376623;29;0.055978504;204;1251;16.30695444;28;0.58239123;10.5;863.1;1.216545012;22;0.055297501
303;Ostia;Italy;Iberian Peninsula;1.5;4;37.5;25;1.5;71.5;154;46.42857143;29;1.600985222;556.5;1251;44.48441247;28;1.588729017;391.8;863.1;45.39450817;22;2.063386735
304;Ostia;Italy;Aegean;0.5;4;12.5;25;0.5;19;154;12.33766234;29;0.425436632;97;1251;7.753796962;28;0.27692132;113.9;863.1;13.19661685;22;0.59984622
305;Ostia;Italy;Western Mediterranean;0;4;0;25;0;0;154;0;29;0;2.5;1251;0.199840128;28;0.007137147;2.5;863.1;0.289653574;22;0.013166072
306;Ostia;Italy;Eastern Mediterranean;0;4;0;25;0;0;154;0;29;0;17;1251;1.35891287;28;0.048532602;9.6;863.1;1.112269725;22;0.050557715
307;Ostia;Italy;unknown;1;4;25;25;1;11.5;154;7.467532468;29;0.25750112;106;1251;8.473221423;28;0.302615051;95.3;863.1;11.04159425;22;0.501890648
308;Ostia;Italy;Pontic Sea;0;4;0;25;0;0;154;0;29;0;0;1251;0;28;0;0;863.1;0;22;0
309;Ostia;Italy;Egypt;0;4;0;25;0;0;154;0;29;0;0;1251;0;28;0;0;863.1;0;22;0
310;Ostia;Italy;Gallia;0;4;0;25;0;49.5;154;32.14285714;29;1.108374384;268;1251;21.42286171;28;0.765102204;239.5;863.1;27.74881242;22;1.261309655
311;Ostia;Italy;Adria;0;4;0;25;0;0;154;0;29;0;0;1251;0;28;0;0;863.1;0;22;0
313;Padova;Italy;Baetica;1;51.6665;1.935490114;25;0.077419605;41;98.6665;41.55412425;29;1.432900836;1;54.6665;1.82927387;28;0.06533121;0;0;0;22;0
314;Padova;Italy;Tarraconensis;0;51.6665;0;25;0;0;98.6665;0;29;0;0;54.6665;0;28;0;0;0;0;22;0
315;Padova;Italy;North Africa;0;51.6665;0;25;0;0;98.6665;0;29;0;0;54.6665;0;28;0;0;0;0;22;0
316;Padova;Italy;Iberian Peninsula;0;51.6665;0;25;0;0;98.6665;0;29;0;0;54.6665;0;28;0;0;0;0;22;0
317;Padova;Italy;Aegean;0.6666;51.6665;1.29019771;25;0.051607908;0.6666;98.6665;0.675609249;29;0.023296871;0.6666;54.6665;1.219393962;28;0.043549784;0;0;0;22;0
318;Padova;Italy;Western Mediterranean;0;51.6665;0;25;0;0;98.6665;0;29;0;0;54.6665;0;28;0;0;0;0;22;0
319;Padova;Italy;Eastern Mediterranean;0;51.6665;0;25;0;0;98.6665;0;29;0;0;54.6665;0;28;0;0;0;0;22;0
320;Padova;Italy;unknown;1.8333;51.6665;3.548334027;25;0.141933361;0.8333;98.6665;0.844562237;29;0.029122836;1.3333;54.6665;2.438970851;28;0.087106102;0;0;0;22;0
321;Padova;Italy;Pontic Sea;0;51.6665;0;25;0;0;98.6665;0;29;0;0;54.6665;0;28;0;0;0;0;22;0
322;Padova;Italy;Egypt;0;51.6665;0;25;0;0;98.6665;0;29;0;0;54.6665;0;28;0;0;0;0;22;0
323;Padova;Italy;Gallia;0;51.6665;0;25;0;0;98.6665;0;29;0;0;54.6665;0;28;0;0;0;0;22;0
324;Padova;Italy;Adria;48.1666;51.6665;93.22597815;25;3.729039126;56.1666;98.6665;56.92570427;29;1.96295532;51.6666;54.6665;94.51236132;28;3.375441476;0;0;0;22;0
326;Pompeii;Italy;Baetica;0;62.1798;0;25;0;0;39.2798;0;29;0;0;36.5798;0;28;0;0;0;0;22;0
327;Pompeii;Italy;Tarraconensis;0;62.1798;0;25;0;0;39.2798;0;29;0;0;36.5798;0;28;0;0;0;0;22;0
328;Pompeii;Italy;North Africa;21.2866;62.1798;34.23394736;25;1.369357894;10.4866;39.2798;26.69718278;29;0.92059251;9.2366;36.5798;25.25054812;28;0.90180529;0;0;0;22;0
329;Pompeii;Italy;Iberian Peninsula;4.5466;62.1798;7.312020946;25;0.292480838;3.2966;39.2798;8.392608924;29;0.289400308;3.2966;36.5798;9.012077704;28;0.321859918;0;0;0;22;0
330;Pompeii;Italy;Aegean;0;62.1798;0;25;0;0;39.2798;0;29;0;0;36.5798;0;28;0;0;0;0;22;0
331;Pompeii;Italy;Western Mediterranean;0;62.1798;0;25;0;0;39.2798;0;29;0;0;36.5798;0;28;0;0;0;0;22;0
332;Pompeii;Italy;Eastern Mediterranean;14.7333;62.1798;23.69467255;25;0.947786902;5.7833;39.2798;14.72334381;29;0.507701511;5.1333;36.5798;14.03315491;28;0.501184104;0;0;0;22;0
333;Pompeii;Italy;unknown;21.6133;62.1798;34.75935915;25;1.390374366;19.7133;39.2798;50.1868645;29;1.730581534;18.9133;36.5798;51.70421927;28;1.84657926;0;0;0;22;0
334;Pompeii;Italy;Pontic Sea;0;62.1798;0;25;0;0;39.2798;0;29;0;0;36.5798;0;28;0;0;0;0;22;0
335;Pompeii;Italy;Egypt;0;62.1798;0;25;0;0;39.2798;0;29;0;0;36.5798;0;28;0;0;0;0;22;0
336;Pompeii;Italy;Gallia;0;62.1798;0;25;0;0;39.2798;0;29;0;0;36.5798;0;28;0;0;0;0;22;0
337;Pompeii;Italy;Adria;0;62.1798;0;25;0;0;39.2798;0;29;0;0;36.5798;0;28;0;0;0;0;22;0
339;Rome;Italy;Baetica;0;0;0;25;0;0;0;0;29;0;0;3043;0;28;0;0;626;0;22;0
340;Rome;Italy;Tarraconensis;0;0;0;25;0;0;0;0;29;0;100;3043;3.286230693;28;0.117365382;13.8;626;2.204472843;22;0.100203311
341;Rome;Italy;North Africa;0;0;0;25;0;0;0;0;29;0;243;3043;7.985540585;28;0.285197878;145.6;626;23.25878594;22;1.057217543
342;Rome;Italy;Iberian Peninsula;0;0;0;25;0;0;0;0;29;0;1115;3043;36.64147223;28;1.308624008;234.6;626;37.47603834;22;1.703456288
343;Rome;Italy;Aegean;0;0;0;25;0;0;0;0;29;0;862;3043;28.32730858;28;1.011689592;126.6;626;20.22364217;22;0.919256462
344;Rome;Italy;Western Mediterranean;0;0;0;25;0;0;0;0;29;0;0;3043;0;28;0;0;626;0;22;0
345;Rome;Italy;Eastern Mediterranean;0;0;0;25;0;0;0;0;29;0;148;3043;4.863621426;28;0.173700765;9.8;626;1.565495208;22;0.071158873
346;Rome;Italy;unknown;0;0;0;25;0;0;0;0;29;0;288;3043;9.464344397;28;0.3380123;9.4;626;1.501597444;22;0.068254429
347;Rome;Italy;Pontic Sea;0;0;0;25;0;0;0;0;29;0;0;3043;0;28;0;0;626;0;22;0
348;Rome;Italy;Egypt;0;0;0;25;0;0;0;0;29;0;9;3043;0.295760762;28;0.010562884;1.8;626;0.287539936;22;0.013069997
349;Rome;Italy;Gallia;0;0;0;25;0;0;0;0;29;0;278;3043;9.135721328;28;0.326275762;84.4;626;13.48242812;22;0.612837642
350;Rome;Italy;Adria;0;0;0;25;0;0;0;0;29;0;0;3043;0;28;0;0;626;0;22;0
352;Settefinestre;Italy;Baetica;0;75.3331;0;25;0;0;26.3331;0;29;0;0;26.3331;0;28;0;0;145.9999;0;22;0
353;Settefinestre;Italy;Tarraconensis;0;75.3331;0;25;0;0;26.3331;0;29;0;0;26.3331;0;28;0;0;145.9999;0;22;0
354;Settefinestre;Italy;North Africa;2.6666;75.3331;3.539745477;25;0.141589819;2.6666;26.3331;10.12641884;29;0.349186857;2.6666;26.3331;10.12641884;28;0.361657816;4;145.9999;2.739727904;22;0.124533087
355;Settefinestre;Italy;Iberian Peninsula;0.6666;75.3331;0.884869997;25;0.0353948;0.6666;26.3331;2.531414835;29;0.087290167;0.6666;26.3331;2.531414835;28;0.090407673;33.9999;145.9999;23.28761869;22;1.058528122
356;Settefinestre;Italy;Aegean;1.6666;75.3331;2.212307737;25;0.088492309;0.6666;26.3331;2.531414835;29;0.087290167;0.6666;26.3331;2.531414835;28;0.090407673;2;145.9999;1.369863952;22;0.062266543
357;Settefinestre;Italy;Western Mediterranean;0;75.3331;0;25;0;0;26.3331;0;29;0;0;26.3331;0;28;0;0;145.9999;0;22;0
358;Settefinestre;Italy;Eastern Mediterranean;0;75.3331;0;25;0;0;26.3331;0;29;0;0;26.3331;0;28;0;0;145.9999;0;22;0
359;Settefinestre;Italy;unknown;61.3333;75.3331;81.41613713;25;3.256645485;22.3333;26.3331;84.81075149;29;2.924508672;22.3333;26.3331;84.81075149;28;3.02895541;105;145.9999;71.91785748;22;3.268993522
360;Settefinestre;Italy;Pontic Sea;0;75.3331;0;25;0;0;26.3331;0;29;0;0;26.3331;0;28;0;0;145.9999;0;22;0
361;Settefinestre;Italy;Egypt;0;75.3331;0;25;0;0;26.3331;0;29;0;0;26.3331;0;28;0;0;145.9999;0;22;0
362;Settefinestre;Italy;Gallia;0;75.3331;0;25;0;0;26.3331;0;29;0;0;26.3331;0;28;0;1;145.9999;0.684931976;22;0.031133272
363;Settefinestre;Italy;Adria;0;75.3331;0;25;0;0;26.3331;0;29;0;0;26.3331;0;28;0;0;145.9999;0;22;0
364;Berenike;North Africa;Italy;9;21.5;41.86046512;25;1.674418605;17;25.5;66.66666667;29;2.298850575;23;82;28.04878049;28;1.00174216;1;44;2.272727273;22;0.103305785
365;Berenike;North Africa;Baetica;0;21.5;0;25;0;0;25.5;0;29;0;0;82;0;28;0;0;44;0;22;0
366;Berenike;North Africa;Tarraconensis;0;21.5;0;25;0;0;25.5;0;29;0;0;82;0;28;0;0;44;0;22;0
368;Berenike;North Africa;Iberian Peninsula;0;21.5;0;25;0;1;25.5;3.921568627;29;0.135226504;10;82;12.19512195;28;0.43554007;11;44;25;22;1.136363636
369;Berenike;North Africa;Aegean;12;21.5;55.81395349;25;2.23255814;3;25.5;11.76470588;29;0.405679513;3;82;3.658536585;28;0.130662021;26;44;59.09090909;22;2.685950413
370;Berenike;North Africa;Western Mediterranean;0.5;21.5;2.325581395;25;0.093023256;4.5;25.5;17.64705882;29;0.60851927;43;82;52.43902439;28;1.8728223;2;44;4.545454545;22;0.20661157
371;Berenike;North Africa;Eastern Mediterranean;0;21.5;0;25;0;0;25.5;0;29;0;3;82;3.658536585;28;0.130662021;4;44;9.090909091;22;0.41322314
372;Berenike;North Africa;unknown;0;21.5;0;25;0;0;25.5;0;29;0;0;82;0;28;0;0;44;0;22;0
373;Berenike;North Africa;Pontic Sea;0;21.5;0;25;0;0;25.5;0;29;0;0;82;0;28;0;0;44;0;22;0
374;Berenike;North Africa;Egypt;0;21.5;0;25;0;0;25.5;0;29;0;0;82;0;28;0;0;44;0;22;0
375;Berenike;North Africa;Gallia;0;21.5;0;25;0;0;25.5;0;29;0;0;82;0;28;0;0;44;0;22;0
376;Berenike;North Africa;Adria;0;21.5;0;25;0;0;25.5;0;29;0;0;82;0;28;0;0;44;0;22;0
377;Carthage;North Africa;Italy;30704.5;40937;75.00427486;25;3.000170994;1037;6811;15.22537072;29;0.525012784;241.75;7325.75;3.300003413;28;0.117857265;201.25;5675;3.546255507;22;0.161193432
378;Carthage;North Africa;Baetica;0;40937;0;25;0;0;6811;0;29;0;0;7325.75;0;28;0;0;5675;0;22;0
379;Carthage;North Africa;Tarraconensis;0;40937;0;25;0;0;6811;0;29;0;0;7325.75;0;28;0;0;5675;0;22;0
381;Carthage;North Africa;Iberian Peninsula;725;40937;1.771013997;25;0.07084056;225;6811;3.303479665;29;0.113913092;100;7325.75;1.365047947;28;0.048751712;0;5675;0;22;0
382;Carthage;North Africa;Aegean;200;40937;0.488555585;25;0.019542223;0;6811;0;29;0;0;7325.75;0;28;0;0;5675;0;22;0
383;Carthage;North Africa;Western Mediterranean;0;40937;0;25;0;0;6811;0;29;0;0;7325.75;0;28;0;0;5675;0;22;0
384;Carthage;North Africa;Eastern Mediterranean;0;40937;0;25;0;0;6811;0;29;0;0;7325.75;0;28;0;0;5675;0;22;0
385;Carthage;North Africa;unknown;8882.5;40937;21.69797494;25;0.867918997;5524;6811;81.10409631;29;2.796692976;6984;7325.75;95.33494864;28;3.404819594;5473.75;5675;96.45374449;22;4.384261113
386;Carthage;North Africa;Pontic Sea;0;40937;0;25;0;0;6811;0;29;0;0;7325.75;0;28;0;0;5675;0;22;0
387;Carthage;North Africa;Egypt;0;40937;0;25;0;0;6811;0;29;0;0;7325.75;0;28;0;0;5675;0;22;0
388;Carthage;North Africa;Gallia;425;40937;1.038180619;25;0.041527225;25;6811;0.367053296;29;0.01265701;0;7325.75;0;28;0;0;5675;0;22;0
389;Carthage;North Africa;Adria;0;40937;0;25;0;0;6811;0;29;0;0;7325.75;0;28;0;0;5675;0;22;0
390;Leptis Magna;North Africa;Italy;0;0;0;25;0;2.5;5.5;45.45454545;29;1.567398119;2.5;5.5;45.45454545;28;1.623376623;0;0;0;22;0
391;Leptis Magna;North Africa;Baetica;0;0;0;25;0;0;5.5;0;29;0;0;5.5;0;28;0;0;0;0;22;0
392;Leptis Magna;North Africa;Tarraconensis;0;0;0;25;0;0;5.5;0;29;0;0;5.5;0;28;0;0;0;0;22;0
394;Leptis Magna;North Africa;Iberian Peninsula;0;0;0;25;0;1;5.5;18.18181818;29;0.626959248;1;5.5;18.18181818;28;0.649350649;0;0;0;22;0
395;Leptis Magna;North Africa;Aegean;0;0;0;25;0;0.5;5.5;9.090909091;29;0.313479624;0.5;5.5;9.090909091;28;0.324675325;0;0;0;22;0
396;Leptis Magna;North Africa;Western Mediterranean;0;0;0;25;0;0;5.5;0;29;0;0;5.5;0;28;0;0;0;0;22;0
397;Leptis Magna;North Africa;Eastern Mediterranean;0;0;0;25;0;0.5;5.5;9.090909091;29;0.313479624;0.5;5.5;9.090909091;28;0.324675325;0;0;0;22;0
398;Leptis Magna;North Africa;unknown;0;0;0;25;0;1;5.5;18.18181818;29;0.626959248;1;5.5;18.18181818;28;0.649350649;0;0;0;22;0
399;Leptis Magna;North Africa;Pontic Sea;0;0;0;25;0;0;5.5;0;29;0;0;5.5;0;28;0;0;0;0;22;0
400;Leptis Magna;North Africa;Egypt;0;0;0;25;0;0;5.5;0;29;0;0;5.5;0;28;0;0;0;0;22;0
401;Leptis Magna;North Africa;Gallia;0;0;0;25;0;0;5.5;0;29;0;0;5.5;0;28;0;0;0;0;22;0
402;Leptis Magna;North Africa;Adria;0;0;0;25;0;0;5.5;0;29;0;0;5.5;0;28;0;0;0;0;22;0
403;Sabratha;North Africa;Italy;12.196;12.946;94.20670477;25;3.768268191;7.146;7.996;89.36968484;29;3.08171327;7.176;8.026;89.40941939;28;3.19319355;9.256;10.106;91.58915496;22;4.163143407
404;Sabratha;North Africa;Baetica;0;12.946;0;25;0;0;7.996;0;29;0;0;8.026;0;28;0;0;10.106;0;22;0
405;Sabratha;North Africa;Tarraconensis;0;12.946;0;25;0;0;7.996;0;29;0;0;8.026;0;28;0;0;10.106;0;22;0
407;Sabratha;North Africa;Iberian Peninsula;0.75;12.946;5.793295226;25;0.231731809;0.85;7.996;10.63031516;29;0.366562592;0.85;8.026;10.59058061;28;0.378235022;0.85;10.106;8.410845043;22;0.382311138
408;Sabratha;North Africa;Aegean;0;12.946;0;25;0;0;7.996;0;29;0;0;8.026;0;28;0;0;10.106;0;22;0
409;Sabratha;North Africa;Western Mediterranean;0;12.946;0;25;0;0;7.996;0;29;0;0;8.026;0;28;0;0;10.106;0;22;0
410;Sabratha;North Africa;Eastern Mediterranean;0;12.946;0;25;0;0;7.996;0;29;0;0;8.026;0;28;0;0;10.106;0;22;0
411;Sabratha;North Africa;unknown;0;12.946;0;25;0;0;7.996;0;29;0;0;8.026;0;28;0;0;10.106;0;22;0
412;Sabratha;North Africa;Pontic Sea;0;12.946;0;25;0;0;7.996;0;29;0;0;8.026;0;28;0;0;10.106;0;22;0
413;Sabratha;North Africa;Egypt;0;12.946;0;25;0;0;7.996;0;29;0;0;8.026;0;28;0;0;10.106;0;22;0
414;Sabratha;North Africa;Gallia;0;12.946;0;25;0;0;7.996;0;29;0;0;8.026;0;28;0;0;10.106;0;22;0
415;Sabratha;North Africa;Adria;0;12.946;0;25;0;0;7.996;0;29;0;0;8.026;0;28;0;0;10.106;0;22;0
416;Mallorca;Iberian Peninsula;Italy;0;0;0;25;0;184;242;76.03305785;29;2.621829581;36;549;6.557377049;28;0.234192037;0;0;0;22;0
417;Mallorca;Iberian Peninsula;Baetica;0;0;0;25;0;10;242;4.132231405;29;0.142490738;0;549;0;28;0;0;0;0;22;0
418;Mallorca;Iberian Peninsula;Tarraconensis;0;0;0;25;0;48;242;19.83471074;29;0.683955543;72;549;13.1147541;28;0.468384075;0;0;0;22;0
419;Mallorca;Iberian Peninsula;North Africa;0;0;0;25;0;0;242;0;29;0;0;549;0;28;0;0;0;0;22;0
421;Mallorca;Iberian Peninsula;Aegean;0;0;0;25;0;0;242;0;29;0;0;549;0;28;0;0;0;0;22;0
422;Mallorca;Iberian Peninsula;Western Mediterranean;0;0;0;25;0;0;242;0;29;0;0;549;0;28;0;0;0;0;22;0
423;Mallorca;Iberian Peninsula;Eastern Mediterranean;0;0;0;25;0;0;242;0;29;0;0;549;0;28;0;0;0;0;22;0
424;Mallorca;Iberian Peninsula;unknown;0;0;0;25;0;0;242;0;29;0;441;549;80.32786885;28;2.868852459;0;0;0;22;0
425;Mallorca;Iberian Peninsula;Pontic Sea;0;0;0;25;0;0;242;0;29;0;0;549;0;28;0;0;0;0;22;0
426;Mallorca;Iberian Peninsula;Egypt;0;0;0;25;0;0;242;0;29;0;0;549;0;28;0;0;0;0;22;0
427;Mallorca;Iberian Peninsula;Gallia;0;0;0;25;0;0;242;0;29;0;0;549;0;28;0;0;0;0;22;0
428;Mallorca;Iberian Peninsula;Adria;0;0;0;25;0;0;242;0;29;0;0;549;0;28;0;0;0;0;22;0
429;Baetulo;Tarraconensis;Italy;0;9.75;0;25;0;0;9.75;0;29;0;0;9.75;0;28;0;0;0;0;22;0
430;Baetulo;Tarraconensis;Baetica;5;9.75;51.28205128;25;2.051282051;5;9.75;51.28205128;29;1.768346596;5;9.75;51.28205128;28;1.831501832;0;0;0;22;0
432;Baetulo;Tarraconensis;North Africa;0;9.75;0;25;0;0;9.75;0;29;0;0;9.75;0;28;0;0;0;0;22;0
433;Baetulo;Tarraconensis;Iberian Peninsula;0;9.75;0;25;0;0;9.75;0;29;0;0;9.75;0;28;0;0;0;0;22;0
434;Baetulo;Tarraconensis;Aegean;0;9.75;0;25;0;0;9.75;0;29;0;0;9.75;0;28;0;0;0;0;22;0
435;Baetulo;Tarraconensis;Western Mediterranean;0;9.75;0;25;0;0;9.75;0;29;0;0;9.75;0;28;0;0;0;0;22;0
436;Baetulo;Tarraconensis;Eastern Mediterranean;0;9.75;0;25;0;0;9.75;0;29;0;0;9.75;0;28;0;0;0;0;22;0
437;Baetulo;Tarraconensis;unknown;2.75;9.75;28.20512821;25;1.128205128;2.75;9.75;28.20512821;29;0.972590628;2.75;9.75;28.20512821;28;1.007326007;0;0;0;22;0
438;Baetulo;Tarraconensis;Pontic Sea;0;9.75;0;25;0;0;9.75;0;29;0;0;9.75;0;28;0;0;0;0;22;0
439;Baetulo;Tarraconensis;Egypt;0;9.75;0;25;0;0;9.75;0;29;0;0;9.75;0;28;0;0;0;0;22;0
440;Baetulo;Tarraconensis;Gallia;2;9.75;20.51282051;25;0.820512821;2;9.75;20.51282051;29;0.707338638;2;9.75;20.51282051;28;0.732600733;0;0;0;22;0
441;Baetulo;Tarraconensis;Adria;0;9.75;0;25;0;0;9.75;0;29;0;0;9.75;0;28;0;0;0;0;22;0
442;Tarraco;Tarraconensis;Italy;0;0;0;25;0;1.14;19.665;5.797101449;29;0.19990005;1.14;19.665;5.797101449;28;0.207039337;0;26;0;22;0
443;Tarraco;Tarraconensis;Baetica;0;0;0;25;0;9.69;19.665;49.27536232;29;1.699150425;9.69;19.665;49.27536232;28;1.759834369;6.76;26;26;22;1.181818182
445;Tarraco;Tarraconensis;North Africa;0;0;0;25;0;0;19.665;0;29;0;0;19.665;0;28;0;2.86;26;11;22;0.5
446;Tarraco;Tarraconensis;Iberian Peninsula;0;0;0;25;0;0;19.665;0;29;0;0;19.665;0;28;0;0;26;0;22;0
447;Tarraco;Tarraconensis;Aegean;0;0;0;25;0;0;19.665;0;29;0;0;19.665;0;28;0;0;26;0;22;0
448;Tarraco;Tarraconensis;Western Mediterranean;0;0;0;25;0;0;19.665;0;29;0;0;19.665;0;28;0;11.44;26;44;22;2
449;Tarraco;Tarraconensis;Eastern Mediterranean;0;0;0;25;0;0;19.665;0;29;0;0;19.665;0;28;0;4.94;26;19;22;0.863636364
450;Tarraco;Tarraconensis;unknown;0;0;0;25;0;8.835;19.665;44.92753623;29;1.549225387;8.835;19.665;44.92753623;28;1.604554865;0;26;0;22;0
451;Tarraco;Tarraconensis;Pontic Sea;0;0;0;25;0;0;19.665;0;29;0;0;19.665;0;28;0;0;26;0;22;0
452;Tarraco;Tarraconensis;Egypt;0;0;0;25;0;0;19.665;0;29;0;0;19.665;0;28;0;0;26;0;22;0
453;Tarraco;Tarraconensis;Gallia;0;0;0;25;0;0;19.665;0;29;0;0;19.665;0;28;0;0;26;0;22;0
454;Tarraco;Tarraconensis;Adria;0;0;0;25;0;0;19.665;0;29;0;0;28.5;0;28;0;0;26;0;22;0
