ID;site;region;origin;frequency_A;total_A;percentage_site_A;sites_in_region_A;percentage_in_region_A;sites_A;percentage_in_all_A;frequency_B;total_B;percentage_site_B;sites_in_region_B;percentage_in_region_B;sites_B;percentage_in_all_B;frequency_C;total_C;percentage_site_C;sites_in_region_C;percentage_in_region_C;sites_C;percentage_in_all_C;frequency_D;total_D;percentage_site_D;sites_in_region_D;percentage_in_region_D;sites_D;percentage_in_all_D;
0;Aquileia;Adria;Italy;1.97;1526.61;0.129044091;2;0.064522046;26;0.004963234;1.7;1526.34;0.111377544;2;0.055688772;29;0.003840605;36.14;1812;1.994481236;2;0.997240618;29;0.068775215;0.25;197.3;0.126710593;2;0.063355297;22;0.005759572;
1;Aquileia;Adria;Baetica;0;1526.61;0;2;0;26;0;0;1526.34;0;2;0;29;0;0;1812;0;2;0;29;0;0;197.3;0;2;0;22;0;
2;Aquileia;Adria;Tarraconensis;0;1526.61;0;2;0;26;0;0;1526.34;0;2;0;29;0;0;1812;0;2;0;29;0;0;197.3;0;2;0;22;0;
3;Aquileia;Adria;North Africa;15.15;1526.61;0.992394914;2;0.496197457;26;0.038169035;15.15;1526.34;0.992570463;2;0.496285231;29;0.034226568;0;1812;0;2;0;29;0;15.93;197.3;8.073998986;2;4.036999493;22;0.366999954;
4;Aquileia;Adria;Iberian Peninsula;0.6;1526.61;0.039302769;2;0.019651384;26;0.001511645;0.6;1526.34;0.039309721;2;0.019654861;29;0.001355508;36.14;1812;1.994481236;2;0.997240618;29;0.068775215;0.25;197.3;0.126710593;2;0.063355297;22;0.005759572;
5;Aquileia;Adria;Aegean;0;1526.61;0;2;0;26;0;0;1526.34;0;2;0;29;0;0;1812;0;2;0;29;0;0;197.3;0;2;0;22;0;
6;Aquileia;Adria;Western Mediterranean;0;1526.61;0;2;0;26;0;0;1526.34;0;2;0;29;0;0;1812;0;2;0;29;0;0;197.3;0;2;0;22;0;
7;Aquileia;Adria;Eastern Mediterranean;15.49;1526.61;1.014666483;2;0.507333242;26;0.039025634;15.49;1526.34;1.014845971;2;0.507422986;29;0.034994689;77.28;1812;4.264900662;2;2.132450331;29;0.14706554;23.77;197.3;12.04764318;2;6.023821591;22;0.547620145;
8;Aquileia;Adria;unknown;8.22;1526.61;0.538447934;2;0.269223967;26;0.020709536;8.22;1526.34;0.538543182;2;0.269271591;29;0.018570455;198.77;1812;10.9696468;2;5.4848234;29;0.378263683;13.97;197.3;7.080587937;2;3.540293969;22;0.321844906;
9;Aquileia;Adria;Pontic Sea;0;1526.61;0;2;0;26;0;0;1526.34;0;2;0;29;0;0;1812;0;2;0;29;0;0;197.3;0;2;0;22;0;
10;Aquileia;Adria;Egypt;0;1526.61;0;2;0;26;0;0;1526.34;0;2;0;29;0;0;1812;0;2;0;29;0;0;197.3;0;2;0;22;0;
11;Aquileia;Adria;Gallia;0;1526.61;0;2;0;26;0;0;1526.34;0;2;0;29;0;0;1812;0;2;0;29;0;0;197.3;0;2;0;22;0;
12;Aquileia;Adria;Adria;1485.18;1526.61;97.28614381;2;48.6430719;26;3.741774762;1485.18;1526.34;97.30335312;2;48.65167656;29;3.355288039;1463.67;1812;80.77649007;2;40.38824503;29;2.785396209;143.13;197.3;72.54434871;2;36.27217435;22;3.297470396;
13;Butrint;Adria;Italy;0;0;0;2;0;26;0;0.5;2.5;20;2;10;29;0.689655172;2.5;12.5;20;2;10;29;0.689655172;3;9;33.33333333;2;16.66666667;22;1.515151515;
14;Butrint;Adria;Baetica;0;0;0;2;0;26;0;0.5;2.5;20;2;10;29;0.689655172;0.5;12.5;4;2;2;29;0.137931034;0;9;0;2;0;22;0;
15;Butrint;Adria;Tarraconensis;0;0;0;2;0;26;0;0;2.5;0;2;0;29;0;0;12.5;0;2;0;29;0;0;9;0;2;0;22;0;
16;Butrint;Adria;North Africa;0;0;0;2;0;26;0;0;2.5;0;2;0;29;0;0.5;12.5;4;2;2;29;0.137931034;0.5;9;5.555555556;2;2.777777778;22;0.252525253;
17;Butrint;Adria;Iberian Peninsula;0;0;0;2;0;26;0;0;2.5;0;2;0;29;0;0;12.5;0;2;0;29;0;0;9;0;2;0;22;0;
18;Butrint;Adria;Aegean;0;0;0;2;0;26;0;1;2.5;40;2;20;29;1.379310345;4;12.5;32;2;16;29;1.103448276;3;9;33.33333333;2;16.66666667;22;1.515151515;
19;Butrint;Adria;Western Mediterranean;0;0;0;2;0;26;0;0;2.5;0;2;0;29;0;0;12.5;0;2;0;29;0;0;9;0;2;0;22;0;
20;Butrint;Adria;Eastern Mediterranean;0;0;0;2;0;26;0;0;2.5;0;2;0;29;0;0.5;12.5;4;2;2;29;0.137931034;0.5;9;5.555555556;2;2.777777778;22;0.252525253;
21;Butrint;Adria;unknown;0;0;0;2;0;26;0;0;2.5;0;2;0;29;0;4;12.5;32;2;16;29;1.103448276;2;9;22.22222222;2;11.11111111;22;1.01010101;
22;Butrint;Adria;Pontic Sea;0;0;0;2;0;26;0;0;2.5;0;2;0;29;0;0;12.5;0;2;0;29;0;0;9;0;2;0;22;0;
23;Butrint;Adria;Egypt;0;0;0;2;0;26;0;0;2.5;0;2;0;29;0;0;12.5;0;2;0;29;0;0;9;0;2;0;22;0;
24;Butrint;Adria;Gallia;0;0;0;2;0;26;0;0;2.5;0;2;0;29;0;0;12.5;0;2;0;29;0;0;9;0;2;0;22;0;
25;Butrint;Adria;Adria;0;0;0;2;0;26;0;0.5;2.5;20;2;10;29;0.689655172;0.5;12.5;4;2;2;29;0.137931034;0;9;0;2;0;22;0;
104;Pula;Adria;Italy;1286;1306;98.46860643;2;49.23430322;26;3.787254094;0;0;0;2;0;29;0;0;0;0;2;0;29;0;0;0;0;2;0;22;0;
105;Pula;Adria;Baetica;0;1306;0;2;0;26;0;0;0;0;2;0;29;0;0;0;0;2;0;29;0;0;0;0;2;0;22;0;
106;Pula;Adria;Tarraconensis;0;1306;0;2;0;26;0;0;0;0;2;0;29;0;0;0;0;2;0;29;0;0;0;0;2;0;22;0;
107;Pula;Adria;North Africa;0;1306;0;2;0;26;0;0;0;0;2;0;29;0;0;0;0;2;0;29;0;0;0;0;2;0;22;0;
108;Pula;Adria;Iberian Peninsula;0;1306;0;2;0;26;0;0;0;0;2;0;29;0;0;0;0;2;0;29;0;0;0;0;2;0;22;0;
109;Pula;Adria;Aegean;0;1306;0;2;0;26;0;0;0;0;2;0;29;0;0;0;0;2;0;29;0;0;0;0;2;0;22;0;
110;Pula;Adria;Western Mediterranean;0;1306;0;2;0;26;0;0;0;0;2;0;29;0;0;0;0;2;0;29;0;0;0;0;2;0;22;0;
111;Pula;Adria;Eastern Mediterranean;0;1306;0;2;0;26;0;0;0;0;2;0;29;0;0;0;0;2;0;29;0;0;0;0;2;0;22;0;
112;Pula;Adria;unknown;0;1306;0;2;0;26;0;0;0;0;2;0;29;0;0;0;0;2;0;29;0;0;0;0;2;0;22;0;
113;Pula;Adria;Pontic Sea;0;1306;0;2;0;26;0;0;0;0;2;0;29;0;0;0;0;2;0;29;0;0;0;0;2;0;22;0;
114;Pula;Adria;Egypt;0;1306;0;2;0;26;0;0;0;0;2;0;29;0;0;0;0;2;0;29;0;0;0;0;2;0;22;0;
115;Pula;Adria;Gallia;0;1306;0;2;0;26;0;0;0;0;2;0;29;0;0;0;0;2;0;29;0;0;0;0;2;0;22;0;
116;Pula;Adria;Adria;20;1306;1.531393568;2;0.765696784;26;0.058899753;0;0;0;2;0;29;0;0;0;0;2;0;29;0;0;0;0;2;0;22;0;
26;Ephesos;Aegean;Italy;42.2;123.8333;34.07807108;3;11.35935703;26;1.310695042;47.7;78.4332;60.81608299;3;20.27202766;29;2.09710631;2.85;10.2832;27.71510814;3;9.238369379;29;0.955693384;0.35;7.6998;4.545572612;3;1.515190871;22;0.206616937;
27;Ephesos;Aegean;Baetica;0;123.8333;0;3;0;26;0;0;78.4332;0;3;0;29;0;0;10.2832;0;3;0;29;0;0;7.6998;0;3;0;22;0;
28;Ephesos;Aegean;Tarraconensis;0;123.8333;0;3;0;26;0;0;78.4332;0;3;0;29;0;0;10.2832;0;3;0;29;0;0;7.6998;0;3;0;22;0;
29;Ephesos;Aegean;North Africa;3.1;123.8333;2.503365411;3;0.834455137;26;0.096283285;2.6;78.4332;3.314922762;3;1.104974254;29;0.114307681;0.1;10.2832;0.972459935;3;0.324153312;29;0.033533101;0.1;7.6998;1.298735032;3;0.432911677;22;0.059033411;
30;Ephesos;Aegean;Iberian Peninsula;6;123.8333;4.845223377;3;1.615074459;26;0.186354745;11.5666;78.4332;14.74707139;3;4.915690464;29;0.508519703;0.5666;10.2832;5.50995799;3;1.836652663;29;0.189998551;0.5666;7.6998;7.358632692;3;2.452877564;22;0.334483304;
31;Ephesos;Aegean;Aegean;67.0333;123.8333;54.13188537;3;18.04396179;26;2.081995591;7.4666;78.4332;9.519693191;3;3.173231064;29;0.328265282;6.0166;10.2832;58.50902443;3;19.50300814;29;2.017552566;4.6832;7.6998;60.82235902;3;20.27411967;22;2.764652683;
32;Ephesos;Aegean;Western Mediterranean;0;123.8333;0;3;0;26;0;0;78.4332;0;3;0;29;0;0;10.2832;0;3;0;29;0;0;7.6998;0;3;0;22;0;
33;Ephesos;Aegean;Eastern Mediterranean;5;123.8333;4.037686147;3;1.345895382;26;0.155295621;6;78.4332;7.649821759;3;2.549940586;29;0.263786957;0.15;10.2832;1.458689902;3;0.486229967;29;0.050299652;0.15;7.6998;1.948102548;3;0.649367516;22;0.088550116;
34;Ephesos;Aegean;unknown;0;123.8333;0;3;0;26;0;0;78.4332;0;3;0;29;0;0;10.2832;0;3;0;29;0;0;7.6998;0;3;0;22;0;
35;Ephesos;Aegean;Pontic Sea;0;123.8333;0;3;0;26;0;0.4;78.4332;0.509988117;3;0.169996039;29;0.017585797;0.4;10.2832;3.889839739;3;1.296613246;29;0.134132405;1.65;7.6998;21.42912803;3;7.143042676;22;0.974051274;
36;Ephesos;Aegean;Egypt;0.5;123.8333;0.403768615;3;0.134589538;26;0.015529562;2.6;78.4332;3.314922762;3;1.104974254;29;0.114307681;0.1;10.2832;0.972459935;3;0.324153312;29;0.033533101;0.1;7.6998;1.298735032;3;0.432911677;22;0.059033411;
37;Ephesos;Aegean;Gallia;0;123.8333;0;3;0;26;0;0.1;78.4332;0.127497029;3;0.04249901;29;0.004396449;0.1;10.2832;0.972459935;3;0.324153312;29;0.033533101;0.1;7.6998;1.298735032;3;0.432911677;22;0.059033411;
38;Ephesos;Aegean;Adria;0;123.8333;0;3;0;26;0;0;78.4332;0;3;0;29;0;0;10.2832;0;3;0;29;0;0;7.6998;0;3;0;22;0;
117;Corinth;Aegean;Italy;0;0.25;0;3;0;26;0;0;0.75;0;3;0;29;0;1;4;25;3;8.333333333;29;0.862068966;0;5;0;3;0;22;0;
118;Corinth;Aegean;Baetica;0;0.25;0;3;0;26;0;0;0.75;0;3;0;29;0;0;4;0;3;0;29;0;0;5;0;3;0;22;0;
119;Corinth;Aegean;Tarraconensis;0;0.25;0;3;0;26;0;0;0.75;0;3;0;29;0;0;4;0;3;0;29;0;0;5;0;3;0;22;0;
120;Corinth;Aegean;North Africa;0;0.25;0;3;0;26;0;0;0.75;0;3;0;29;0;0.5;4;12.5;3;4.166666667;29;0.431034483;0.5;5;10;3;3.333333333;22;0.454545455;
121;Corinth;Aegean;Iberian Peninsula;0;0.25;0;3;0;26;0;0;0.75;0;3;0;29;0;0;4;0;3;0;29;0;0;5;0;3;0;22;0;
122;Corinth;Aegean;Aegean;0;0.25;0;3;0;26;0;0;0.75;0;3;0;29;0;1;4;25;3;8.333333333;29;0.862068966;2;5;40;3;13.33333333;22;1.818181818;
123;Corinth;Aegean;Western Mediterranean;0;0.25;0;3;0;26;0;0;0.75;0;3;0;29;0;0;4;0;3;0;29;0;0;5;0;3;0;22;0;
124;Corinth;Aegean;Eastern Mediterranean;0;0.25;0;3;0;26;0;0;0.75;0;3;0;29;0;0;4;0;3;0;29;0;0;5;0;3;0;22;0;
125;Corinth;Aegean;unknown;0.25;0.25;100;3;33.33333333;26;3.846153846;0.75;0.75;100;3;33.33333333;29;3.448275862;1.5;4;37.5;3;12.5;29;1.293103448;2.5;5;50;3;16.66666667;22;2.272727273;
126;Corinth;Aegean;Pontic Sea;0;0.25;0;3;0;26;0;0;0.75;0;3;0;29;0;0;4;0;3;0;29;0;0;5;0;3;0;22;0;
127;Corinth;Aegean;Egypt;0;0.25;0;3;0;26;0;0;0.75;0;3;0;29;0;0;4;0;3;0;29;0;0;5;0;3;0;22;0;
128;Corinth;Aegean;Gallia;0;0.25;0;3;0;26;0;0;0.75;0;3;0;29;0;0;4;0;3;0;29;0;0;5;0;3;0;22;0;
129;Corinth;Aegean;Adria;0;0.25;0;3;0;26;0;0;0.75;0;3;0;29;0;0;4;0;3;0;29;0;0;5;0;3;0;22;0;
247;Sparta;Aegean;Italy;0;1;0;3;0;26;0;0;5.5;0;3;0;29;0;0;5.5;0;3;0;29;0;0;3.5;0;3;0;22;0;
248;Sparta;Aegean;Baetica;0;1;0;3;0;26;0;0;5.5;0;3;0;29;0;0;5.5;0;3;0;29;0;0;3.5;0;3;0;22;0;
249;Sparta;Aegean;Tarraconensis;0;1;0;3;0;26;0;0;5.5;0;3;0;29;0;0;5.5;0;3;0;29;0;0;3.5;0;3;0;22;0;
250;Sparta;Aegean;North Africa;0;1;0;3;0;26;0;0;5.5;0;3;0;29;0;0;5.5;0;3;0;29;0;0;3.5;0;3;0;22;0;
251;Sparta;Aegean;Iberian Peninsula;0;1;0;3;0;26;0;0;5.5;0;3;0;29;0;0;5.5;0;3;0;29;0;0;3.5;0;3;0;22;0;
252;Sparta;Aegean;Aegean;1;1;100;3;33.33333333;26;3.846153846;4.5;5.5;81.81818182;3;27.27272727;29;2.821316614;4.5;5.5;81.81818182;3;27.27272727;29;2.821316614;2;3.5;57.14285714;3;19.04761905;22;2.597402597;
253;Sparta;Aegean;Western Mediterranean;0;1;0;3;0;26;0;0;5.5;0;3;0;29;0;0;5.5;0;3;0;29;0;0;3.5;0;3;0;22;0;
254;Sparta;Aegean;Eastern Mediterranean;0;1;0;3;0;26;0;0;5.5;0;3;0;29;0;0;5.5;0;3;0;29;0;0;3.5;0;3;0;22;0;
255;Sparta;Aegean;unknown;0;1;0;3;0;26;0;1;5.5;18.18181818;3;6.060606061;29;0.626959248;1;5.5;18.18181818;3;6.060606061;29;0.626959248;0;3.5;0;3;0;22;0;
256;Sparta;Aegean;Pontic Sea;0;1;0;3;0;26;0;0;5.5;0;3;0;29;0;0;5.5;0;3;0;29;0;0;3.5;0;3;0;22;0;
257;Sparta;Aegean;Egypt;0;1;0;3;0;26;0;0;5.5;0;3;0;29;0;0;5.5;0;3;0;29;0;0;3.5;0;3;0;22;0;
258;Sparta;Aegean;Gallia;0;1;0;3;0;26;0;0;5.5;0;3;0;29;0;0;5.5;0;3;0;29;0;0;3.5;0;3;0;22;0;
259;Sparta;Aegean;Adria;0;1;0;3;0;26;0;0;5.5;0;3;0;29;0;0;5.5;0;3;0;29;0;1.5;3.5;42.85714286;3;14.28571429;22;1.948051948;
39;Baelo Claudia;Baetica;Italy;16;65;24.61538462;2;12.30769231;26;0.946745562;15;42.5;35.29411765;1;35.29411765;29;1.21703854;1;6;16.66666667;1;16.66666667;29;0.574712644;0.2;1.5;13.33333333;1;13.33333333;22;0.606060606;
40;Baelo Claudia;Baetica;Baetica;13.5;65;20.76923077;2;10.38461538;26;0.798816568;7;42.5;16.47058824;1;16.47058824;29;0.567951318;3;6;50;1;50;29;1.724137931;0.8;1.5;53.33333333;1;53.33333333;22;2.424242424;
41;Baelo Claudia;Baetica;Tarraconensis;0;65;0;2;0;26;0;0;42.5;0;1;0;29;0;0;6;0;1;0;29;0;0;1.5;0;1;0;22;0;
42;Baelo Claudia;Baetica;North Africa;0;65;0;2;0;26;0;0;42.5;0;1;0;29;0;0;6;0;1;0;29;0;0;1.5;0;1;0;22;0;
43;Baelo Claudia;Baetica;Iberian Peninsula;0;65;0;2;0;26;0;0;42.5;0;1;0;29;0;0;6;0;1;0;29;0;0;1.5;0;1;0;22;0;
44;Baelo Claudia;Baetica;Aegean;0;65;0;2;0;26;0;0;42.5;0;1;0;29;0;0;6;0;1;0;29;0;0;1.5;0;1;0;22;0;
45;Baelo Claudia;Baetica;Western Mediterranean;24.5;65;37.69230769;2;18.84615385;26;1.449704142;13.5;42.5;31.76470588;1;31.76470588;29;1.095334686;2;6;33.33333333;1;33.33333333;29;1.149425287;0;1.5;0;1;0;22;0;
46;Baelo Claudia;Baetica;Eastern Mediterranean;0;65;0;2;0;26;0;0;42.5;0;1;0;29;0;0;6;0;1;0;29;0;0;1.5;0;1;0;22;0;
47;Baelo Claudia;Baetica;unknown;11;65;16.92307692;2;8.461538462;26;0.650887574;7;42.5;16.47058824;1;16.47058824;29;0.567951318;0;6;0;1;0;29;0;0.5;1.5;33.33333333;1;33.33333333;22;1.515151515;
48;Baelo Claudia;Baetica;Pontic Sea;0;65;0;2;0;26;0;0;42.5;0;1;0;29;0;0;6;0;1;0;29;0;0;1.5;0;1;0;22;0;
49;Baelo Claudia;Baetica;Egypt;0;65;0;2;0;26;0;0;42.5;0;1;0;29;0;0;6;0;1;0;29;0;0;1.5;0;1;0;22;0;
50;Baelo Claudia;Baetica;Gallia;0;65;0;2;0;26;0;0;42.5;0;1;0;29;0;0;6;0;1;0;29;0;0;1.5;0;1;0;22;0;
51;Baelo Claudia;Baetica;Adria;0;65;0;2;0;26;0;0;42.5;0;1;0;29;0;0;6;0;1;0;29;0;0;1.5;0;1;0;22;0;
52;Valencia;Baetica;Italy;0.5;13.5;3.703703704;2;1.851851852;26;0.142450142;0;0;0;1;0;29;0;0;0;0;1;0;29;0;0;0;0;1;0;22;0;
53;Valencia;Baetica;Baetica;6;13.5;44.44444444;2;22.22222222;26;1.709401709;0;0;0;1;0;29;0;0;0;0;1;0;29;0;0;0;0;1;0;22;0;
54;Valencia;Baetica;Tarraconensis;4;13.5;29.62962963;2;14.81481481;26;1.13960114;0;0;0;1;0;29;0;0;0;0;1;0;29;0;0;0;0;1;0;22;0;
55;Valencia;Baetica;North Africa;2.5;13.5;18.51851852;2;9.259259259;26;0.712250712;0;0;0;1;0;29;0;0;0;0;1;0;29;0;0;0;0;1;0;22;0;
56;Valencia;Baetica;Iberian Peninsula;0;13.5;0;2;0;26;0;0;0;0;1;0;29;0;0;0;0;1;0;29;0;0;0;0;1;0;22;0;
57;Valencia;Baetica;Aegean;0;13.5;0;2;0;26;0;0;0;0;1;0;29;0;0;0;0;1;0;29;0;0;0;0;1;0;22;0;
58;Valencia;Baetica;Western Mediterranean;0;13.5;0;2;0;26;0;0;0;0;1;0;29;0;0;0;0;1;0;29;0;0;0;0;1;0;22;0;
59;Valencia;Baetica;Eastern Mediterranean;0.5;13.5;3.703703704;2;1.851851852;26;0.142450142;0;0;0;1;0;29;0;0;0;0;1;0;29;0;0;0;0;1;0;22;0;
60;Valencia;Baetica;unknown;0;13.5;0;2;0;26;0;0;0;0;1;0;29;0;0;0;0;1;0;29;0;0;0;0;1;0;22;0;
61;Valencia;Baetica;Pontic Sea;0;13.5;0;2;0;26;0;0;0;0;1;0;29;0;0;0;0;1;0;29;0;0;0;0;1;0;22;0;
62;Valencia;Baetica;Egypt;0;13.5;0;2;0;26;0;0;0;0;1;0;29;0;0;0;0;1;0;29;0;0;0;0;1;0;22;0;
63;Valencia;Baetica;Gallia;0;13.5;0;2;0;26;0;0;0;0;1;0;29;0;0;0;0;1;0;29;0;0;0;0;1;0;22;0;
64;Valencia;Baetica;Adria;0;13.5;0;2;0;26;0;0;0;0;1;0;29;0;0;0;0;1;0;29;0;0;0;0;1;0;22;0;
65;Berytus;Eastern Mediterranean;Italy;0;0;0;2;0;26;0;0;0;0;2;0;29;0;0;7;0;3;0;29;0;0;253;0;3;0;22;0;
66;Berytus;Eastern Mediterranean;Baetica;0;0;0;2;0;26;0;0;0;0;2;0;29;0;0;7;0;3;0;29;0;0;253;0;3;0;22;0;
67;Berytus;Eastern Mediterranean;Tarraconensis;0;0;0;2;0;26;0;0;0;0;2;0;29;0;0;7;0;3;0;29;0;0;253;0;3;0;22;0;
68;Berytus;Eastern Mediterranean;North Africa;0;0;0;2;0;26;0;0;0;0;2;0;29;0;0;7;0;3;0;29;0;1;253;0.395256917;3;0.131752306;22;0.017966223;
69;Berytus;Eastern Mediterranean;Iberian Peninsula;0;0;0;2;0;26;0;0;0;0;2;0;29;0;0;7;0;3;0;29;0;0;253;0;3;0;22;0;
70;Berytus;Eastern Mediterranean;Aegean;0;0;0;2;0;26;0;0;0;0;2;0;29;0;0;7;0;3;0;29;0;10;253;3.95256917;3;1.317523057;22;0.179662235;
71;Berytus;Eastern Mediterranean;Western Mediterranean;0;0;0;2;0;26;0;0;0;0;2;0;29;0;0;7;0;3;0;29;0;9;253;3.557312253;3;1.185770751;22;0.161696011;
72;Berytus;Eastern Mediterranean;Eastern Mediterranean;0;0;0;2;0;26;0;0;0;0;2;0;29;0;7;7;100;3;33.33333333;29;3.448275862;208;253;82.21343874;3;27.40447958;22;3.736974488;
73;Berytus;Eastern Mediterranean;unknown;0;0;0;2;0;26;0;0;0;0;2;0;29;0;0;7;0;3;0;29;0;25;253;9.881422925;3;3.293807642;22;0.449155587;
74;Berytus;Eastern Mediterranean;Pontic Sea;0;0;0;2;0;26;0;0;0;0;2;0;29;0;0;7;0;3;0;29;0;0;253;0;3;0;22;0;
75;Berytus;Eastern Mediterranean;Egypt;0;0;0;2;0;26;0;0;0;0;2;0;29;0;0;7;0;3;0;29;0;0;253;0;3;0;22;0;
76;Berytus;Eastern Mediterranean;Gallia;0;0;0;2;0;26;0;0;0;0;2;0;29;0;0;7;0;3;0;29;0;0;253;0;3;0;22;0;
77;Berytus;Eastern Mediterranean;Adria;0;0;0;2;0;26;0;0;0;0;2;0;29;0;0;7;0;3;0;29;0;0;253;0;3;0;22;0;
78;Caesarea;Eastern Mediterranean;Italy;3;12.5;24;2;12;26;0.923076923;3;12.4999;24.000192;2;12.000096;29;0.827592828;0;8.4999;0;3;0;29;0;0;8.4999;0;3;0;22;0;
79;Caesarea;Eastern Mediterranean;Baetica;0;12.5;0;2;0;26;0;0;12.4999;0;2;0;29;0;0;8.4999;0;3;0;29;0;0;8.4999;0;3;0;22;0;
80;Caesarea;Eastern Mediterranean;Tarraconensis;0;12.5;0;2;0;26;0;0;12.4999;0;2;0;29;0;0;8.4999;0;3;0;29;0;0;8.4999;0;3;0;22;0;
81;Caesarea;Eastern Mediterranean;North Africa;0.5;12.5;4;2;2;26;0.153846154;0.5;12.4999;4.000032;2;2.000016;29;0.137932138;0;8.4999;0;3;0;29;0;0;8.4999;0;3;0;22;0;
82;Caesarea;Eastern Mediterranean;Iberian Peninsula;2.5;12.5;20;2;10;26;0.769230769;2.8333;12.4999;22.66658133;2;11.33329067;29;0.781606253;0.5833;8.4999;6.862433676;3;2.287477892;29;0.236635644;0.5833;8.4999;6.862433676;3;2.287477892;22;0.311928803;
83;Caesarea;Eastern Mediterranean;Aegean;3;12.5;24;2;12;26;0.923076923;3;12.4999;24.000192;2;12.000096;29;0.827592828;0.5;8.4999;5.882422146;3;1.960807382;29;0.202842143;0.5;8.4999;5.882422146;3;1.960807382;22;0.267382825;
84;Caesarea;Eastern Mediterranean;Western Mediterranean;0;12.5;0;2;0;26;0;0;12.4999;0;2;0;29;0;0;8.4999;0;3;0;29;0;0;8.4999;0;3;0;22;0;
85;Caesarea;Eastern Mediterranean;Eastern Mediterranean;0;12.5;0;2;0;26;0;0;12.4999;0;2;0;29;0;6.5;8.4999;76.4714879;3;25.49049597;29;2.636947859;6.5;8.4999;76.4714879;3;25.49049597;22;3.475976723;
86;Caesarea;Eastern Mediterranean;unknown;2.5;12.5;20;2;10;26;0.769230769;2.8333;12.4999;22.66658133;2;11.33329067;29;0.781606253;0.5833;8.4999;6.862433676;3;2.287477892;29;0.236635644;0.5833;8.4999;6.862433676;3;2.287477892;22;0.311928803;
87;Caesarea;Eastern Mediterranean;Pontic Sea;0;12.5;0;2;0;26;0;0;12.4999;0;2;0;29;0;0;8.4999;0;3;0;29;0;0;8.4999;0;3;0;22;0;
88;Caesarea;Eastern Mediterranean;Egypt;0;12.5;0;2;0;26;0;0;12.4999;0;2;0;29;0;0;8.4999;0;3;0;29;0;0;8.4999;0;3;0;22;0;
89;Caesarea;Eastern Mediterranean;Gallia;0;12.5;0;2;0;26;0;0.3333;12.4999;2.666421331;2;1.333210666;29;0.091945563;0.3333;8.4999;3.921222603;3;1.307074201;29;0.135214573;0.3333;8.4999;3.921222603;3;1.307074201;22;0.178237391;
90;Caesarea;Eastern Mediterranean;Adria;1;12.5;8;2;4;26;0.307692308;0;12.4999;0;2;0;29;0;0;8.4999;0;3;0;29;0;0;8.4999;0;3;0;22;0;
91;Paphos;Eastern Mediterranean;Italy;0;5.1665;0;2;0;26;0;11.25;18.49993;60.81104091;2;30.40552045;29;2.096932445;1.25;3.6665;34.09245875;3;11.36415292;29;1.175602026;0.25;15.5;1.612903226;3;0.537634409;22;0.073313783;
92;Paphos;Eastern Mediterranean;Baetica;0;5.1665;0;2;0;26;0;0;18.49993;0;2;0;29;0;0;3.6665;0;3;0;29;0;0;15.5;0;3;0;22;0;
93;Paphos;Eastern Mediterranean;Tarraconensis;0;5.1665;0;2;0;26;0;0;18.49993;0;2;0;29;0;0;3.6665;0;3;0;29;0;0;15.5;0;3;0;22;0;
94;Paphos;Eastern Mediterranean;North Africa;0;5.1665;0;2;0;26;0;0;18.49993;0;2;0;29;0;0;3.6665;0;3;0;29;0;0;15.5;0;3;0;22;0;
95;Paphos;Eastern Mediterranean;Iberian Peninsula;0;5.1665;0;2;0;26;0;0;18.49993;0;2;0;29;0;0;3.6665;0;3;0;29;0;0;15.5;0;3;0;22;0;
96;Paphos;Eastern Mediterranean;Aegean;2.6666;5.1665;51.61327785;2;25.80663892;26;1.985126071;2;18.49993;10.81085172;2;5.405425858;29;0.37278799;1.1666;3.6665;31.8178099;3;10.60593663;29;1.097165859;3;15.5;19.35483871;3;6.451612903;22;0.879765396;
97;Paphos;Eastern Mediterranean;Western Mediterranean;0;5.1665;0;2;0;26;0;0;18.49993;0;2;0;29;0;0;3.6665;0;3;0;29;0;0;15.5;0;3;0;22;0;
98;Paphos;Eastern Mediterranean;Eastern Mediterranean;1.1666;5.1665;22.58008323;2;11.29004161;26;0.86846474;3.66663;18.49993;19.81969662;2;9.909848308;29;0.683437814;0.3333;3.6665;9.090413201;3;3.030137734;29;0.313462524;5;15.5;32.25806452;3;10.75268817;22;1.46627566;
99;Paphos;Eastern Mediterranean;unknown;1.3333;5.1665;25.80663892;2;12.90331946;26;0.992563036;1.5833;18.49993;8.558410762;2;4.279205381;29;0.295117612;0.5833;3.6665;15.90890495;3;5.302968317;29;0.548582929;7.25;15.5;46.77419355;3;15.59139785;22;2.126099707;
100;Paphos;Eastern Mediterranean;Pontic Sea;0;5.1665;0;2;0;26;0;0;18.49993;0;2;0;29;0;0;3.6665;0;3;0;29;0;0;15.5;0;3;0;22;0;
101;Paphos;Eastern Mediterranean;Egypt;0;5.1665;0;2;0;26;0;0;18.49993;0;2;0;29;0;0;3.6665;0;3;0;29;0;0;15.5;0;3;0;22;0;
102;Paphos;Eastern Mediterranean;Gallia;0;5.1665;0;2;0;26;0;0;18.49993;0;2;0;29;0;0;3.6665;0;3;0;29;0;0;15.5;0;3;0;22;0;
103;Paphos;Eastern Mediterranean;Adria;0;5.1665;0;2;0;26;0;0;18.49993;0;2;0;29;0;0.3333;3.6665;9.090413201;3;3.030137734;29;0.313462524;0;15.5;0;3;0;22;0;
130;Arles;Gallia;Italy;79.5;81.5;97.54601227;7;13.93514461;26;3.751769703;0;74;0;7;0;29;0;0;74;0;6;0;29;0;0.5;4.5;11.11111111;5;2.222222222;22;0.505050505;
131;Arles;Gallia;Baetica;0;81.5;0;7;0;26;0;0;74;0;7;0;29;0;0;74;0;6;0;29;0;0;4.5;0;5;0;22;0;
132;Arles;Gallia;Tarraconensis;0;81.5;0;7;0;26;0;0;74;0;7;0;29;0;0;74;0;6;0;29;0;0;4.5;0;5;0;22;0;
133;Arles;Gallia;North Africa;2;81.5;2.45398773;7;0.350569676;26;0.094384143;1;74;1.351351351;7;0.193050193;29;0.046598322;1;74;1.351351351;6;0.225225225;29;0.046598322;0;4.5;0;5;0;22;0;
134;Arles;Gallia;Iberian Peninsula;0;81.5;0;7;0;26;0;57.5;74;77.7027027;7;11.1003861;29;2.679403541;57.5;74;77.7027027;6;12.95045045;29;2.679403541;2;4.5;44.44444444;5;8.888888889;22;2.02020202;
135;Arles;Gallia;Aegean;0;81.5;0;7;0;26;0;1;74;1.351351351;7;0.193050193;29;0.046598322;1;74;1.351351351;6;0.225225225;29;0.046598322;1;4.5;22.22222222;5;4.444444444;22;1.01010101;
136;Arles;Gallia;Western Mediterranean;0;81.5;0;7;0;26;0;0;74;0;7;0;29;0;0;74;0;6;0;29;0;0;4.5;0;5;0;22;0;
137;Arles;Gallia;Eastern Mediterranean;0;81.5;0;7;0;26;0;1;74;1.351351351;7;0.193050193;29;0.046598322;1;74;1.351351351;6;0.225225225;29;0.046598322;1;4.5;22.22222222;5;4.444444444;22;1.01010101;
138;Arles;Gallia;unknown;0;81.5;0;7;0;26;0;0;74;0;7;0;29;0;0;74;0;6;0;29;0;0;4.5;0;5;0;22;0;
139;Arles;Gallia;Pontic Sea;0;81.5;0;7;0;26;0;0;74;0;7;0;29;0;0;74;0;6;0;29;0;0;4.5;0;5;0;22;0;
140;Arles;Gallia;Egypt;0;81.5;0;7;0;26;0;0;74;0;7;0;29;0;0;74;0;6;0;29;0;0;4.5;0;5;0;22;0;
141;Arles;Gallia;Gallia;0;81.5;0;7;0;26;0;13.5;74;18.24324324;7;2.606177606;29;0.629077353;13.5;74;18.24324324;6;3.040540541;29;0.629077353;0;4.5;0;5;0;22;0;
142;Arles;Gallia;Adria;0;81.5;0;7;0;26;0;0;74;0;7;0;29;0;0;74;0;6;0;29;0;0;4.5;0;5;0;22;0;
143;Frejus;Gallia;Italy;0;0;0;7;0;26;0;0;0;0;7;0;29;0;0;0;0;6;0;29;0;0;76;0;5;0;22;0;
144;Frejus;Gallia;Baetica;0;0;0;7;0;26;0;0;0;0;7;0;29;0;0;0;0;6;0;29;0;0;76;0;5;0;22;0;
145;Frejus;Gallia;Tarraconensis;0;0;0;7;0;26;0;0;0;0;7;0;29;0;0;0;0;6;0;29;0;0;76;0;5;0;22;0;
146;Frejus;Gallia;North Africa;0;0;0;7;0;26;0;0;0;0;7;0;29;0;0;0;0;6;0;29;0;1;76;1.315789474;5;0.263157895;22;0.059808612;
147;Frejus;Gallia;Iberian Peninsula;0;0;0;7;0;26;0;0;0;0;7;0;29;0;0;0;0;6;0;29;0;19;76;25;5;5;22;1.136363636;
148;Frejus;Gallia;Aegean;0;0;0;7;0;26;0;0;0;0;7;0;29;0;0;0;0;6;0;29;0;0;76;0;5;0;22;0;
149;Frejus;Gallia;Western Mediterranean;0;0;0;7;0;26;0;0;0;0;7;0;29;0;0;0;0;6;0;29;0;0;76;0;5;0;22;0;
150;Frejus;Gallia;Eastern Mediterranean;0;0;0;7;0;26;0;0;0;0;7;0;29;0;0;0;0;6;0;29;0;0;76;0;5;0;22;0;
151;Frejus;Gallia;unknown;0;0;0;7;0;26;0;0;0;0;7;0;29;0;0;0;0;6;0;29;0;4;76;5.263157895;5;1.052631579;22;0.23923445;
152;Frejus;Gallia;Pontic Sea;0;0;0;7;0;26;0;0;0;0;7;0;29;0;0;0;0;6;0;29;0;0;76;0;5;0;22;0;
153;Frejus;Gallia;Egypt;0;0;0;7;0;26;0;0;0;0;7;0;29;0;0;0;0;6;0;29;0;0;76;0;5;0;22;0;
154;Frejus;Gallia;Gallia;0;0;0;7;0;26;0;0;0;0;7;0;29;0;0;0;0;6;0;29;0;52;76;68.42105263;5;13.68421053;22;3.110047847;
155;Frejus;Gallia;Adria;0;0;0;7;0;26;0;0;0;0;7;0;29;0;0;0;0;6;0;29;0;0;76;0;5;0;22;0;
156;La Nautique;Gallia;Italy;3.6666;160.67093;2.282055628;7;0.326007947;26;0.08777137;0.6666;110.6709;0.602326357;7;0.086046622;29;0.020769874;0.6666;110.6709;0.602326357;6;0.100387726;29;0.020769874;0;0;0;5;0;22;0;
157;La Nautique;Gallia;Baetica;9.213;160.67093;5.73408021;7;0.819154316;26;0.220541547;9.213;110.6709;8.324681556;7;1.189240222;29;0.287057985;9.213;110.6709;8.324681556;6;1.387446926;29;0.287057985;0;0;0;5;0;22;0;
158;La Nautique;Gallia;Tarraconensis;106.484;160.67093;66.27458993;7;9.467798562;26;2.54902269;71.484;110.6709;64.59150508;7;9.227357869;29;2.227293279;71.484;110.6709;64.59150508;6;10.76525085;29;2.227293279;0;0;0;5;0;22;0;
159;La Nautique;Gallia;North Africa;3.553;160.67093;2.21135211;7;0.315907444;26;0.085052004;2.553;110.6709;2.306839467;7;0.329548495;29;0.079546189;2.553;110.6709;2.306839467;6;0.384473245;29;0.079546189;0;0;0;5;0;22;0;
160;La Nautique;Gallia;Iberian Peninsula;0;160.67093;0;7;0;26;0;0;110.6709;0;7;0;29;0;0;110.6709;0;6;0;29;0;0;0;0;5;0;22;0;
161;La Nautique;Gallia;Aegean;0;160.67093;0;7;0;26;0;0;110.6709;0;7;0;29;0;0;110.6709;0;6;0;29;0;0;0;0;5;0;22;0;
162;La Nautique;Gallia;Western Mediterranean;0;160.67093;0;7;0;26;0;0;110.6709;0;7;0;29;0;0;110.6709;0;6;0;29;0;0;0;0;5;0;22;0;
163;La Nautique;Gallia;Eastern Mediterranean;3;160.67093;1.867170371;7;0.266738624;26;0.071814245;0;110.6709;0;7;0;29;0;0;110.6709;0;6;0;29;0;0;0;0;5;0;22;0;
164;La Nautique;Gallia;unknown;27.751;160.67093;17.27194832;7;2.467421189;26;0.664305705;26.751;110.6709;24.17166572;7;3.453095103;29;0.833505715;26.751;110.6709;24.17166572;6;4.028610954;29;0.833505715;0;0;0;5;0;22;0;
165;La Nautique;Gallia;Pontic Sea;0;160.67093;0;7;0;26;0;0;110.6709;0;7;0;29;0;0;110.6709;0;6;0;29;0;0;0;0;5;0;22;0;
166;La Nautique;Gallia;Egypt;0;160.67093;0;7;0;26;0;0;110.6709;0;7;0;29;0;0;110.6709;0;6;0;29;0;0;0;0;5;0;22;0;
167;La Nautique;Gallia;Gallia;7.00333;160.67093;4.358803425;7;0.622686204;26;0.167646286;0.0033;110.6709;0.002981814;7;0.000425973;29;0.000102821;0.0033;110.6709;0.002981814;6;0.000496969;29;0.000102821;0;0;0;5;0;22;0;
168;La Nautique;Gallia;Adria;0;160.67093;0;7;0;26;0;0;110.6709;0;7;0;29;0;0;110.6709;0;6;0;29;0;0;0;0;5;0;22;0;
169;La Ramiere;Gallia;Italy;6;20;30;7;4.285714286;26;1.153846154;20.5;615.5;3.330625508;7;0.475803644;29;0.114849155;19;2186;0.869167429;6;0.144861238;29;0.029971291;5.75;1896.75;0.303150125;5;0.060630025;22;0.013779551;
170;La Ramiere;Gallia;Baetica;0;20;0;7;0;26;0;0;615.5;0;7;0;29;0;0;2186;0;6;0;29;0;0;1896.75;0;5;0;22;0;
171;La Ramiere;Gallia;Tarraconensis;0;20;0;7;0;26;0;0;615.5;0;7;0;29;0;0;2186;0;6;0;29;0;0;1896.75;0;5;0;22;0;
172;La Ramiere;Gallia;North Africa;0;20;0;7;0;26;0;5.5;615.5;0.893582453;7;0.127654636;29;0.030813188;7;2186;0.320219579;6;0.05336993;29;0.011042054;2.5;1896.75;0.131804402;5;0.02636088;22;0.005991109;
173;La Ramiere;Gallia;Iberian Peninsula;6.5;20;32.5;7;4.642857143;26;1.25;68.5;615.5;11.12916328;7;1.589880469;29;0.383764251;163.5;2186;7.479414456;6;1.246569076;29;0.257910843;55.75;1896.75;2.939238171;5;0.587847634;22;0.133601735;
174;La Ramiere;Gallia;Aegean;0;20;0;7;0;26;0;0;615.5;0;7;0;29;0;0;2186;0;6;0;29;0;0;1896.75;0;5;0;22;0;
175;La Ramiere;Gallia;Western Mediterranean;0;20;0;7;0;26;0;0;615.5;0;7;0;29;0;0;2186;0;6;0;29;0;0;1896.75;0;5;0;22;0;
176;La Ramiere;Gallia;Eastern Mediterranean;0;20;0;7;0;26;0;0;615.5;0;7;0;29;0;0;2186;0;6;0;29;0;0;1896.75;0;5;0;22;0;
177;La Ramiere;Gallia;unknown;1.5;20;7.5;7;1.071428571;26;0.288461538;11;615.5;1.787164907;7;0.255309272;29;0.061626376;14;2186;0.640439158;6;0.10673986;29;0.022084109;6.25;1896.75;0.329511006;5;0.065902201;22;0.014977773;
178;La Ramiere;Gallia;Pontic Sea;0;20;0;7;0;26;0;0;615.5;0;7;0;29;0;0;2186;0;6;0;29;0;0;1896.75;0;5;0;22;0;
179;La Ramiere;Gallia;Egypt;0;20;0;7;0;26;0;0;615.5;0;7;0;29;0;0;2186;0;6;0;29;0;0;1896.75;0;5;0;22;0;
180;La Ramiere;Gallia;Gallia;6;20;30;7;4.285714286;26;1.153846154;530.5;615.5;86.19008936;7;12.31286991;29;2.972072047;1982.5;2186;90.69075938;6;15.11512656;29;3.127267565;1826.5;1896.75;96.2962963;5;19.25925926;22;4.377104377;
181;La Ramiere;Gallia;Adria;0;20;0;7;0;26;0;0;615.5;0;7;0;29;0;0;2186;0;6;0;29;0;0;1896.75;0;5;0;22;0;
182;Lyon;Gallia;Italy;160.25;586.56;27.32030824;7;3.902901177;26;1.050781086;38.49;307;12.53745928;7;1.791065612;29;0.432326182;0;0;0;6;0;29;0;0;0;0;5;0;22;0;
183;Lyon;Gallia;Baetica;163.06;586.56;27.79937261;7;3.971338945;26;1.069206639;97.14;307;31.64169381;7;4.520241973;29;1.09109289;0;0;0;6;0;29;0;0;0;0;5;0;22;0;
184;Lyon;Gallia;Tarraconensis;45.1;586.56;7.688897981;7;1.098413997;26;0.295726845;38.94;307;12.68403909;7;1.812005584;29;0.437380658;0;0;0;6;0;29;0;0;0;0;5;0;22;0;
185;Lyon;Gallia;North Africa;0;586.56;0;7;0;26;0;0;307;0;7;0;29;0;0;0;0;6;0;29;0;0;0;0;5;0;22;0;
186;Lyon;Gallia;Iberian Peninsula;0;586.56;0;7;0;26;0;0;307;0;7;0;29;0;0;0;0;6;0;29;0;0;0;0;5;0;22;0;
187;Lyon;Gallia;Aegean;0;586.56;0;7;0;26;0;0;307;0;7;0;29;0;0;0;0;6;0;29;0;0;0;0;5;0;22;0;
188;Lyon;Gallia;Western Mediterranean;0;586.56;0;7;0;26;0;0;307;0;7;0;29;0;0;0;0;6;0;29;0;0;0;0;5;0;22;0;
189;Lyon;Gallia;Eastern Mediterranean;75.64;586.56;12.89552646;7;1.842218066;26;0.495981787;47.68;307;15.53094463;7;2.218706375;29;0.535549815;0;0;0;6;0;29;0;0;0;0;5;0;22;0;
190;Lyon;Gallia;unknown;97.41;586.56;16.60699673;7;2.372428104;26;0.638730643;45.81;307;14.9218241;7;2.131689158;29;0.514545659;0;0;0;6;0;29;0;0;0;0;5;0;22;0;
191;Lyon;Gallia;Pontic Sea;0;586.56;0;7;0;26;0;0;307;0;7;0;29;0;0;0;0;6;0;29;0;0;0;0;5;0;22;0;
192;Lyon;Gallia;Egypt;0;586.56;0;7;0;26;0;0;307;0;7;0;29;0;0;0;0;6;0;29;0;0;0;0;5;0;22;0;
193;Lyon;Gallia;Gallia;45.1;586.56;7.688897981;7;1.098413997;26;0.295726845;38.94;307;12.68403909;7;1.812005584;29;0.437380658;0;0;0;6;0;29;0;0;0;0;5;0;22;0;
194;Lyon;Gallia;Adria;0;586.56;0;7;0;26;0;0;307;0;7;0;29;0;0;0;0;6;0;29;0;0;0;0;5;0;22;0;
195;Narbonne;Gallia;Italy;768.8;1354.9;56.742195;7;8.106027857;26;2.182392115;36.25;388.75;9.324758842;7;1.332108406;29;0.321543408;0.25;0.75;33.33333333;6;5.555555556;29;1.149425287;0;0;0;5;0;22;0;
196;Narbonne;Gallia;Baetica;83.4;1354.9;6.155435826;7;0.879347975;26;0.236747532;51.75;388.75;13.31189711;7;1.901699587;29;0.459030935;0.25;0.75;33.33333333;6;5.555555556;29;1.149425287;0;0;0;5;0;22;0;
197;Narbonne;Gallia;Tarraconensis;296;1354.9;21.84663075;7;3.12094725;26;0.840255029;248;388.75;63.79421222;7;9.113458888;29;2.199800421;0;0.75;0;6;0;29;0;0;0;0;5;0;22;0;
198;Narbonne;Gallia;North Africa;96.5;1354.9;7.122296848;7;1.017470978;26;0.273934494;5.5;388.75;1.414790997;7;0.202113;29;0.048785896;0;0.75;0;6;0;29;0;0;0;0;5;0;22;0;
199;Narbonne;Gallia;Iberian Peninsula;0;1354.9;0;7;0;26;0;0;388.75;0;7;0;29;0;0;0.75;0;6;0;29;0;0;0;0;5;0;22;0;
200;Narbonne;Gallia;Aegean;2.5;1354.9;0.184515462;7;0.026359352;26;0.007096749;1.125;388.75;0.289389068;7;0.041341295;29;0.009978933;0.125;0.75;16.66666667;6;2.777777778;29;0.574712644;0;0;0;5;0;22;0;
201;Narbonne;Gallia;Western Mediterranean;0;1354.9;0;7;0;26;0;0;388.75;0;7;0;29;0;0;0.75;0;6;0;29;0;0;0;0;5;0;22;0;
202;Narbonne;Gallia;Eastern Mediterranean;2.5;1354.9;0.184515462;7;0.026359352;26;0.007096749;1.125;388.75;0.289389068;7;0.041341295;29;0.009978933;0.125;0.75;16.66666667;6;2.777777778;29;0.574712644;0;0;0;5;0;22;0;
203;Narbonne;Gallia;unknown;105.2;1354.9;7.764410658;7;1.109201523;26;0.298631179;45;388.75;11.5755627;7;1.653651814;29;0.399157335;0;0.75;0;6;0;29;0;0;0;0;5;0;22;0;
204;Narbonne;Gallia;Pontic Sea;0;1354.9;0;7;0;26;0;0;388.75;0;7;0;29;0;0;0.75;0;6;0;29;0;0;0;0;5;0;22;0;
205;Narbonne;Gallia;Egypt;0;1354.9;0;7;0;26;0;0;388.75;0;7;0;29;0;0;0.75;0;6;0;29;0;0;0;0;5;0;22;0;
206;Narbonne;Gallia;Gallia;0;1354.9;0;7;0;26;0;0;388.75;0;7;0;29;0;0;0.75;0;6;0;29;0;0;0;0;5;0;22;0;
207;Narbonne;Gallia;Adria;0;1354.9;0;7;0;26;0;0;388.75;0;7;0;29;0;0;0.75;0;6;0;29;0;0;0;0;5;0;22;0;
208;Nimes;Gallia;Italy;11;322.5;3.410852713;7;0.487264673;26;0.131186643;11;322.5;3.410852713;7;0.487264673;29;0.117615611;0;823;0;6;0;29;0;4.5;1139.25;0.394996708;5;0.078999342;22;0.017954396;
209;Nimes;Gallia;Baetica;0;322.5;0;7;0;26;0;0;322.5;0;7;0;29;0;0;823;0;6;0;29;0;0;1139.25;0;5;0;22;0;
210;Nimes;Gallia;Tarraconensis;0;322.5;0;7;0;26;0;0;322.5;0;7;0;29;0;0;823;0;6;0;29;0;0;1139.25;0;5;0;22;0;
211;Nimes;Gallia;North Africa;0;322.5;0;7;0;26;0;0;322.5;0;7;0;29;0;0;823;0;6;0;29;0;0;1139.25;0;5;0;22;0;
212;Nimes;Gallia;Iberian Peninsula;115.5;322.5;35.81395349;7;5.11627907;26;1.37745975;0;322.5;0;7;0;29;0;188.5;823;22.90400972;6;3.817334953;29;0.789793439;314;1139.25;27.56199254;5;5.512398508;22;1.252817843;
213;Nimes;Gallia;Aegean;0.5;322.5;0.15503876;7;0.022148394;26;0.005963029;115.5;322.5;35.81395349;7;5.11627907;29;1.234963913;1;823;0.121506683;6;0.020251114;29;0.004189886;1;1139.25;0.087777046;5;0.017555409;22;0.003989866;
214;Nimes;Gallia;Western Mediterranean;0;322.5;0;7;0;26;0;0.5;322.5;0.15503876;7;0.022148394;29;0.005346164;0;823;0;6;0;29;0;0;1139.25;0;5;0;22;0;
215;Nimes;Gallia;Eastern Mediterranean;0;322.5;0;7;0;26;0;0;322.5;0;7;0;29;0;0;823;0;6;0;29;0;0;1139.25;0;5;0;22;0;103.3306255
216;Nimes;Gallia;unknown;63;322.5;19.53488372;7;2.790697674;26;0.751341682;63;322.5;19.53488372;7;2.790697674;29;0.67361668;76;823;9.234507898;6;1.53908465;29;0.318431307;104.75;1139.25;9.1946456;5;1.83892912;22;0.417938436;
217;Nimes;Gallia;Pontic Sea;0;322.5;0;7;0;26;0;0;322.5;0;7;0;29;0;0;823;0;6;0;29;0;0;1139.25;0;5;0;22;0;
218;Nimes;Gallia;Egypt;0;322.5;0;7;0;26;0;0;322.5;0;7;0;29;0;0;823;0;6;0;29;0;0;1139.25;0;5;0;22;0;
219;Nimes;Gallia;Gallia;132.5;322.5;41.08527132;7;5.869324474;26;1.580202743;132.5;322.5;41.08527132;7;5.869324474;29;1.416733494;557.5;823;67.7399757;6;11.28999595;29;2.335861231;715;1139.25;62.76058811;5;12.55211762;22;2.852754005;
220;Nimes;Gallia;Adria;0;322.5;0;7;0;26;0;0;322.5;0;7;0;29;0;0;823;0;6;0;29;0;0;1139.25;0;5;0;22;0;
221;Toulon;Gallia;Italy;0;0;0;7;0;26;0;0;0;0;7;0;29;0;17;322;5.279503106;6;0.879917184;29;0.182051831;6;274;2.189781022;5;0.437956204;22;0.099535501;
222;Toulon;Gallia;Baetica;0;0;0;7;0;26;0;0;0;0;7;0;29;0;0;322;0;6;0;29;0;0;274;0;5;0;22;0;
223;Toulon;Gallia;Tarraconensis;0;0;0;7;0;26;0;0;0;0;7;0;29;0;0;322;0;6;0;29;0;0;274;0;5;0;22;0;
224;Toulon;Gallia;North Africa;0;0;0;7;0;26;0;0;0;0;7;0;29;0;21;322;6.52173913;6;1.086956522;29;0.224887556;12;274;4.379562044;5;0.875912409;22;0.199071002;
225;Toulon;Gallia;Iberian Peninsula;0;0;0;7;0;26;0;0;0;0;7;0;29;0;93;322;28.88198758;6;4.813664596;29;0.995930606;66.5;274;24.27007299;5;4.854014599;22;1.103185136;
226;Toulon;Gallia;Aegean;0;0;0;7;0;26;0;0;0;0;7;0;29;0;0;322;0;6;0;29;0;0;274;0;5;0;22;0;
227;Toulon;Gallia;Western Mediterranean;0;0;0;7;0;26;0;0;0;0;7;0;29;0;0;322;0;6;0;29;0;0;274;0;5;0;22;0;
228;Toulon;Gallia;Eastern Mediterranean;0;0;0;7;0;26;0;0;0;0;7;0;29;0;11;322;3.416149068;6;0.569358178;29;0.117798244;21.5;274;7.846715328;5;1.569343066;22;0.356668879;
229;Toulon;Gallia;unknown;0;0;0;7;0;26;0;0;0;0;7;0;29;0;4;322;1.242236025;6;0.207039337;29;0.042835725;11.5;274;4.197080292;5;0.839416058;22;0.190776377;
230;Toulon;Gallia;Pontic Sea;0;0;0;7;0;26;0;0;0;0;7;0;29;0;0;322;0;6;0;29;0;0;274;0;5;0;22;0;
231;Toulon;Gallia;Egypt;0;0;0;7;0;26;0;0;0;0;7;0;29;0;0;322;0;6;0;29;0;0;274;0;5;0;22;0;
232;Toulon;Gallia;Gallia;0;0;0;7;0;26;0;0;0;0;7;0;29;0;176;322;54.65838509;6;9.109730849;29;1.8847719;156.5;274;57.11678832;5;11.42335766;22;2.596217651;
233;Toulon;Gallia;Adria;0;0;0;7;0;26;0;0;0;0;7;0;29;0;0;322;0;6;0;29;0;0;274;0;5;0;22;0;
234;Vienne;Gallia;Italy;165.89;291.86;56.83889536;7;8.119842194;26;2.18611136;161.5;398.95;40.48126332;7;5.783037617;29;1.395905632;0;0;0;6;0;29;0;0;0;0;5;0;22;0;
235;Vienne;Gallia;Baetica;54.49;291.86;18.66991023;7;2.667130033;26;0.71807347;95.25;398.95;23.87517233;7;3.410738904;29;0.823281804;0;0;0;6;0;29;0;0;0;0;5;0;22;0;
236;Vienne;Gallia;Tarraconensis;17.965;291.86;6.155348455;7;0.879335494;26;0.236744171;46.305;398.95;11.60671763;7;1.658102519;29;0.400231643;0;0;0;6;0;29;0;0;0;0;5;0;22;0;
237;Vienne;Gallia;North Africa;0;291.86;0;7;0;26;0;0;398.95;0;7;0;29;0;0;0;0;6;0;29;0;0;0;0;5;0;22;0;
238;Vienne;Gallia;Iberian Peninsula;0;291.86;0;7;0;26;0;0;398.95;0;7;0;29;0;0;0;0;6;0;29;0;0;0;0;5;0;22;0;
239;Vienne;Gallia;Aegean;0;291.86;0;7;0;26;0;0;398.95;0;7;0;29;0;0;0;0;6;0;29;0;0;0;0;5;0;22;0;
240;Vienne;Gallia;Western Mediterranean;0;291.86;0;7;0;26;0;0;398.95;0;7;0;29;0;0;0;0;6;0;29;0;0;0;0;5;0;22;0;
241;Vienne;Gallia;Eastern Mediterranean;19.67;291.86;6.739532653;7;0.962790379;26;0.259212794;17.11;398.95;4.28875799;7;0.612679713;29;0.147888207;0;0;0;6;0;29;0;0;0;0;5;0;22;0;
242;Vienne;Gallia;unknown;15.88;291.86;5.440964846;7;0.777280692;26;0.209267879;32.48;398.95;8.141371099;7;1.163053014;29;0.280736934;0;0;0;6;0;29;0;0;0;0;5;0;22;0;
243;Vienne;Gallia;Pontic Sea;0;291.86;0;7;0;26;0;0;398.95;0;7;0;29;0;0;0;0;6;0;29;0;0;0;0;5;0;22;0;
244;Vienne;Gallia;Egypt;0;291.86;0;7;0;26;0;0;398.95;0;7;0;29;0;0;0;0;6;0;29;0;0;0;0;5;0;22;0;
245;Vienne;Gallia;Gallia;17.965;291.86;6.155348455;7;0.879335494;26;0.236744171;46.305;398.95;11.60671763;7;1.658102519;29;0.400231643;0;0;0;6;0;29;0;0;0;0;5;0;22;0;
246;Vienne;Gallia;Adria;0;291.86;0;7;0;26;0;0;398.95;0;7;0;29;0;0;0;0;6;0;29;0;0;0;0;5;0;22;0;
416;Mallorca;Iberian Peninsula;Italy;0;0;0;0;#DIV/0!;26;0;184;533;34.52157598;1;34.52157598;29;1.190399172;36;889;4.049493813;1;4.049493813;29;0.139637718;0;0;0;0;0;22;0;
417;Mallorca;Iberian Peninsula;Baetica;0;0;0;0;#DIV/0!;26;0;10;533;1.876172608;1;1.876172608;29;0.064695607;0;889;0;1;0;29;0;0;0;0;0;#DIV/0!;22;0;
418;Mallorca;Iberian Peninsula;Tarraconensis;0;0;0;0;#DIV/0!;26;0;48;533;9.005628518;1;9.005628518;29;0.310538914;72;889;8.098987627;1;8.098987627;29;0.279275435;0;0;0;0;#DIV/0!;22;0;
419;Mallorca;Iberian Peninsula;North Africa;0;0;0;0;#DIV/0!;26;0;0;533;0;1;0;29;0;0;889;0;1;0;29;0;0;0;0;0;#DIV/0!;22;0;
420;Mallorca;Iberian Peninsula;Iberian Peninsula;0;0;0;0;#DIV/0!;26;0;291;533;54.59662289;1;54.59662289;29;1.882642169;340;889;38.24521935;1;38.24521935;29;1.318800667;0;0;0;0;#DIV/0!;22;0;
421;Mallorca;Iberian Peninsula;Aegean;0;0;0;0;#DIV/0!;26;0;0;533;0;1;0;29;0;0;889;0;1;0;29;0;0;0;0;0;#DIV/0!;22;0;
422;Mallorca;Iberian Peninsula;Western Mediterranean;0;0;0;0;#DIV/0!;26;0;0;533;0;1;0;29;0;0;889;0;1;0;29;0;0;0;0;0;#DIV/0!;22;0;
423;Mallorca;Iberian Peninsula;Eastern Mediterranean;0;0;0;0;#DIV/0!;26;0;0;533;0;1;0;29;0;0;889;0;1;0;29;0;0;0;0;0;#DIV/0!;22;0;
424;Mallorca;Iberian Peninsula;unknown;0;0;0;0;#DIV/0!;26;0;0;533;0;1;0;29;0;441;889;49.60629921;1;49.60629921;29;1.710562042;0;0;0;0;#DIV/0!;22;0;
425;Mallorca;Iberian Peninsula;Pontic Sea;0;0;0;0;#DIV/0!;26;0;0;533;0;1;0;29;0;0;889;0;1;0;29;0;0;0;0;0;#DIV/0!;22;0;
426;Mallorca;Iberian Peninsula;Egypt;0;0;0;0;#DIV/0!;26;0;0;533;0;1;0;29;0;0;889;0;1;0;29;0;0;0;0;0;#DIV/0!;22;0;
427;Mallorca;Iberian Peninsula;Gallia;0;0;0;0;#DIV/0!;26;0;0;533;0;1;0;29;0;0;889;0;1;0;29;0;0;0;0;0;#DIV/0!;22;0;
428;Mallorca;Iberian Peninsula;Adria;0;0;0;0;#DIV/0!;26;0;0;533;0;1;0;29;0;0;889;0;1;0;29;0;0;0;0;0;0;22;0;
260;Albintimilium;Italy;Italy;60;232;25.86206897;6;4.310344828;26;0.99469496;30;91;32.96703297;7;4.709576138;29;1.13679424;0;0;0;7;0;29;0;0;0;0;4;0;22;0;
261;Albintimilium;Italy;Baetica;75;232;32.32758621;6;5.387931034;26;1.2433687;30;91;32.96703297;7;4.709576138;29;1.13679424;0;0;0;7;0;29;0;0;0;0;4;0;22;0;
262;Albintimilium;Italy;Tarraconensis;20;232;8.620689655;6;1.436781609;26;0.331564987;6;91;6.593406593;7;0.941915228;29;0.227358848;0;0;0;7;0;29;0;0;0;0;4;0;22;0;
263;Albintimilium;Italy;North Africa;0;232;0;6;0;26;0;0;91;0;7;0;29;0;0;0;0;7;0;29;0;0;0;0;4;0;22;0;
264;Albintimilium;Italy;Iberian Peninsula;0;232;0;6;0;26;0;0;91;0;7;0;29;0;0;0;0;7;0;29;0;0;0;0;4;0;22;0;
265;Albintimilium;Italy;Aegean;3;232;1.293103448;6;0.215517241;26;0.049734748;0;91;0;7;0;29;0;0;0;0;7;0;29;0;0;0;0;4;0;22;0;
266;Albintimilium;Italy;Western Mediterranean;15;232;6.465517241;6;1.077586207;26;0.24867374;6;91;6.593406593;7;0.941915228;29;0.227358848;0;0;0;7;0;29;0;0;0;0;4;0;22;0;
267;Albintimilium;Italy;Eastern Mediterranean;0;232;0;6;0;26;0;0;91;0;7;0;29;0;0;0;0;7;0;29;0;0;0;0;4;0;22;0;
268;Albintimilium;Italy;unknown;12;232;5.172413793;6;0.862068966;26;0.198938992;6;91;6.593406593;7;0.941915228;29;0.227358848;0;0;0;7;0;29;0;0;0;0;4;0;22;0;
269;Albintimilium;Italy;Pontic Sea;0;232;0;6;0;26;0;0;91;0;7;0;29;0;0;0;0;7;0;29;0;0;0;0;4;0;22;0;
270;Albintimilium;Italy;Egypt;0;232;0;6;0;26;0;0;91;0;7;0;29;0;0;0;0;7;0;29;0;0;0;0;4;0;22;0;
271;Albintimilium;Italy;Gallia;47;232;20.25862069;6;3.376436782;26;0.779177719;13;91;14.28571429;7;2.040816327;29;0.492610837;0;0;0;7;0;29;0;0;0;0;4;0;22;0;
272;Albintimilium;Italy;Adria;0;232;0;6;0;26;0;0;91;0;7;0;29;0;0;0;0;7;0;29;0;0;0;0;4;0;22;0;
273;Cosa;Italy;Italy;15.2;41.45;36.67068758;6;6.111781263;26;1.410411061;5;15.25;32.78688525;7;4.683840749;29;1.13058225;1.25;5.75;21.73913043;7;3.105590062;29;0.749625187;0.25;1.75;14.28571429;4;3.571428571;22;0.649350649;
274;Cosa;Italy;Baetica;6;41.45;14.47527141;6;2.412545235;26;0.556741208;3.75;15.25;24.59016393;7;3.512880562;29;0.847936687;0.75;5.75;13.04347826;7;1.863354037;29;0.449775112;0.75;1.75;42.85714286;4;10.71428571;22;1.948051948;
275;Cosa;Italy;Tarraconensis;1.75;41.45;4.221954162;6;0.703659027;26;0.162382852;0.25;15.25;1.639344262;7;0.234192037;29;0.056529112;0;5.75;0;7;0;29;0;0;1.75;0;4;0;22;0;
276;Cosa;Italy;North Africa;3;41.45;7.237635706;6;1.206272618;26;0.278370604;2.5;15.25;16.39344262;7;2.341920375;29;0.565291125;3.5;5.75;60.86956522;7;8.695652174;29;2.098950525;0.5;1.75;28.57142857;4;7.142857143;22;1.298701299;
277;Cosa;Italy;Iberian Peninsula;0;41.45;0;6;0;26;0;0;15.25;0;7;0;29;0;0;5.75;0;7;0;29;0;0;1.75;0;4;0;22;0;
278;Cosa;Italy;Aegean;8.75;41.45;21.10977081;6;3.518295135;26;0.811914262;1.25;15.25;8.196721311;7;1.170960187;29;0.282645562;0;5.75;0;7;0;29;0;0;1.75;0;4;0;22;0;
279;Cosa;Italy;Western Mediterranean;0;41.45;0;6;0;26;0;0;15.25;0;7;0;29;0;0;5.75;0;7;0;29;0;0;1.75;0;4;0;22;0;
280;Cosa;Italy;Eastern Mediterranean;0;41.45;0;6;0;26;0;0;15.25;0;7;0;29;0;0;5.75;0;7;0;29;0;0;1.75;0;4;0;22;0;
281;Cosa;Italy;unknown;5;41.45;12.06272618;6;2.010454363;26;0.463951007;2.25;15.25;14.75409836;7;2.107728337;29;0.508762012;0.25;5.75;4.347826087;7;0.621118012;29;0.149925037;0.25;1.75;14.28571429;4;3.571428571;22;0.649350649;
282;Cosa;Italy;Pontic Sea;0;41.45;0;6;0;26;0;0;15.25;0;7;0;29;0;0;5.75;0;7;0;29;0;0;1.75;0;4;0;22;0;
283;Cosa;Italy;Egypt;0;41.45;0;6;0;26;0;0;15.25;0;7;0;29;0;0;5.75;0;7;0;29;0;0;1.75;0;4;0;22;0;
284;Cosa;Italy;Gallia;1.75;41.45;4.221954162;6;0.703659027;26;0.162382852;0.25;15.25;1.639344262;7;0.234192037;29;0.056529112;0;5.75;0;7;0;29;0;0;1.75;0;4;0;22;0;
285;Cosa;Italy;Adria;0;0;0;6;0;26;0;0;15.25;0;7;0;29;0;0;5.75;0;7;0;29;0;0;1.75;0;4;0;22;0;
286;Monte Iato;Italy;Italy;0;0;0;6;0;26;0;3.25;9;36.11111111;7;5.158730159;29;1.245210728;2.25;7;32.14285714;7;4.591836735;29;1.108374384;0;0;0;4;0;22;0;
287;Monte Iato;Italy;Baetica;0;0;0;6;0;26;0;0;9;0;7;0;29;0;0;7;0;7;0;29;0;0;0;0;4;0;22;0;
288;Monte Iato;Italy;Tarraconensis;0;0;0;6;0;26;0;0;9;0;7;0;29;0;0;7;0;7;0;29;0;0;0;0;4;0;22;0;
289;Monte Iato;Italy;North Africa;0;0;0;6;0;26;0;1;9;11.11111111;7;1.587301587;29;0.383141762;1;7;14.28571429;7;2.040816327;29;0.492610837;0;0;0;4;0;22;0;
290;Monte Iato;Italy;Iberian Peninsula;0;0;0;6;0;26;0;1.5;9;16.66666667;7;2.380952381;29;0.574712644;0.5;7;7.142857143;7;1.020408163;29;0.246305419;0;0;0;4;0;22;0;
291;Monte Iato;Italy;Aegean;0;0;0;6;0;26;0;0.75;9;8.333333333;7;1.19047619;29;0.287356322;0.75;7;10.71428571;7;1.530612245;29;0.369458128;0;0;0;4;0;22;0;
292;Monte Iato;Italy;Western Mediterranean;0;0;0;6;0;26;0;0;9;0;7;0;29;0;0;7;0;7;0;29;0;0;0;0;4;0;22;0;
293;Monte Iato;Italy;Eastern Mediterranean;0;0;0;6;0;26;0;0;9;0;7;0;29;0;0;7;0;7;0;29;0;0;0;0;4;0;22;0;
294;Monte Iato;Italy;unknown;0;0;0;6;0;26;0;2.5;9;27.77777778;7;3.968253968;29;0.957854406;2.5;7;35.71428571;7;5.102040816;29;1.231527094;0;0;0;4;0;22;0;
295;Monte Iato;Italy;Pontic Sea;0;0;0;6;0;26;0;0;9;0;7;0;29;0;0;7;0;7;0;29;0;0;0;0;4;0;22;0;
296;Monte Iato;Italy;Egypt;0;0;0;6;0;26;0;0;9;0;7;0;29;0;0;7;0;7;0;29;0;0;0;0;4;0;22;0;
297;Monte Iato;Italy;Gallia;0;0;0;6;0;26;0;0;9;0;7;0;29;0;0;7;0;7;0;29;0;0;0;0;4;0;22;0;
298;Monte Iato;Italy;Adria;0;0;0;6;0;26;0;0;9;0;7;0;29;0;0;7;0;7;0;29;0;0;0;0;4;0;22;0;
299;Ostia;Italy;Italy;7.5;11.5;65.2173913;6;10.86956522;26;2.508361204;35.5;189.5;18.73350923;7;2.676215605;29;0.645983077;486;1737;27.97927461;7;3.99703923;29;0.964802573;288;1151.1;25.01954652;4;6.25488663;22;1.137252115;
300;Ostia;Italy;Baetica;0;11.5;0;6;0;26;0;0;189.5;0;7;0;29;0;0;1737;0;7;0;29;0;0;1151.1;0;4;0;22;0;
301;Ostia;Italy;Tarraconensis;0;11.5;0;6;0;26;0;0;189.5;0;7;0;29;0;0;1737;0;7;0;29;0;0;1151.1;0;4;0;22;0;
302;Ostia;Italy;North Africa;1;11.5;8.695652174;6;1.449275362;26;0.334448161;2.5;189.5;1.319261214;7;0.188465888;29;0.045491766;204;1737;11.74438687;7;1.677769553;29;0.404978858;10.5;1151.1;0.912170967;4;0.228042742;22;0.041462317;
303;Ostia;Italy;Iberian Peninsula;1.5;11.5;13.04347826;6;2.173913043;26;0.501672241;71.5;189.5;37.73087071;7;5.390124387;29;1.301064507;556.5;1737;32.03799655;7;4.576856649;29;1.104758502;391.8;1151.1;34.03700808;4;8.50925202;22;1.547136731;
304;Ostia;Italy;Aegean;0.5;11.5;4.347826087;6;0.724637681;26;0.16722408;19;189.5;10.02638522;7;1.432340746;29;0.345737422;97;1737;5.584340818;7;0.797762974;29;0.192563476;113.9;1151.1;9.894883155;4;2.473720789;22;0.449767416;
305;Ostia;Italy;Western Mediterranean;0;11.5;0;6;0;26;0;0;189.5;0;7;0;29;0;2.5;1737;0.14392631;7;0.020560901;29;0.004962976;2.5;1151.1;0.217183564;4;0.054295891;22;0.00987198;
306;Ostia;Italy;Eastern Mediterranean;0;11.5;0;6;0;26;0;0;189.5;0;7;0;29;0;17;1737;0.978698906;7;0.139814129;29;0.033748238;9.6;1151.1;0.833984884;4;0.208496221;22;0.037908404;
307;Ostia;Italy;unknown;1;11.5;8.695652174;6;1.449275362;26;0.334448161;11.5;189.5;6.068601583;7;0.866943083;29;0.209262124;106;1737;6.102475533;7;0.871782219;29;0.210430191;95.3;1151.1;8.279037442;4;2.069759361;22;0.376319884;
308;Ostia;Italy;Pontic Sea;0;11.5;0;6;0;26;0;0;189.5;0;7;0;29;0;0;1737;0;7;0;29;0;0;1151.1;0;4;0;22;0;
309;Ostia;Italy;Egypt;0;11.5;0;6;0;26;0;0;189.5;0;7;0;29;0;0;1737;0;7;0;29;0;0;1151.1;0;4;0;22;0;
310;Ostia;Italy;Gallia;0;11.5;0;6;0;26;0;49.5;189.5;26.12137203;7;3.731624576;29;0.900736967;268;1737;15.4289004;7;2.204128629;29;0.532031048;239.5;1151.1;20.80618539;4;5.201546347;22;0.945735699;
311;Ostia;Italy;Adria;0;11.5;0;6;0;26;0;0;189.5;0;7;0;29;0;0;1737;0;7;0;29;0;0;1151.1;0;4;0;22;0;
312;Padova;Italy;Italy;0.3333;51.9998;0.640964004;6;0.106827334;26;0.024652462;0.8333;99.4998;0.837489121;7;0.119641303;29;0.028878935;0.8333;55.4998;1.501446852;7;0.214492407;29;0.051774029;0;0;0;4;0;22;0;
313;Padova;Italy;Baetica;1;51.9998;1.92308432;6;0.320514053;26;0.073964782;41;99.4998;41.20611298;7;5.886587568;29;1.420900447;1;55.4998;1.801808295;7;0.257401185;29;0.062131321;0;0;0;4;0;22;0;
314;Padova;Italy;Tarraconensis;0;51.9998;0;6;0;26;0;0;99.4998;0;7;0;29;0;0;55.4998;0;7;0;29;0;0;0;0;4;0;22;0;
315;Padova;Italy;North Africa;0;51.9998;0;6;0;26;0;0;99.4998;0;7;0;29;0;0;55.4998;0;7;0;29;0;0;0;0;4;0;22;0;
316;Padova;Italy;Iberian Peninsula;0;51.9998;0;6;0;26;0;0;99.4998;0;7;0;29;0;0;55.4998;0;7;0;29;0;0;0;0;4;0;22;0;
317;Padova;Italy;Aegean;0.6666;51.9998;1.281928007;6;0.213654668;26;0.049304923;0.6666;99.4998;0.669951095;7;0.095707299;29;0.023101762;0.6666;55.4998;1.201085409;7;0.17158363;29;0.041416738;0;0;0;4;0;22;0;
318;Padova;Italy;Western Mediterranean;0;51.9998;0;6;0;26;0;0;99.4998;0;7;0;29;0;0;55.4998;0;7;0;29;0;0;0;0;4;0;22;0;
319;Padova;Italy;Eastern Mediterranean;0;51.9998;0;6;0;26;0;0;99.4998;0;7;0;29;0;0;55.4998;0;7;0;29;0;0;0;0;4;0;22;0;
320;Padova;Italy;unknown;1.8333;51.9998;3.525590483;6;0.587598414;26;0.135599634;0.8333;99.4998;0.837489121;7;0.119641303;29;0.028878935;1.3333;55.4998;2.402350999;7;0.343193;29;0.08283969;0;0;0;4;0;22;0;
321;Padova;Italy;Pontic Sea;0;51.9998;0;6;0;26;0;0;99.4998;0;7;0;29;0;0;55.4998;0;7;0;29;0;0;0;0;4;0;22;0;
322;Padova;Italy;Egypt;0;51.9998;0;6;0;26;0;0;99.4998;0;7;0;29;0;0;55.4998;0;7;0;29;0;0;0;0;4;0;22;0;
323;Padova;Italy;Gallia;0;51.9998;0;6;0;26;0;0;99.4998;0;7;0;29;0;0;55.4998;0;7;0;29;0;0;0;0;4;0;22;0;
324;Padova;Italy;Adria;48.1666;51.9998;92.62843319;6;15.4380722;26;3.562632046;56.1666;99.4998;56.44895769;7;8.064136812;29;1.946515782;51.6666;55.4998;93.09330844;7;13.29904406;29;3.210114084;0;0;0;4;0;22;0;
325;Pompeii;Italy;Italy;44.1466;106.3264;41.51988594;6;6.919980989;26;1.59691869;20.6466;59.9264;34.45326267;7;4.921894667;29;1.18804354;15.6966;52.2764;30.0261686;7;4.289452657;29;1.035385124;0;0;0;4;0;22;0;
326;Pompeii;Italy;Baetica;0;106.3264;0;6;0;26;0;0;59.9264;0;7;0;29;0;0;52.2764;0;7;0;29;0;0;0;0;4;0;22;0;
327;Pompeii;Italy;Tarraconensis;0;106.3264;0;6;0;26;0;0;59.9264;0;7;0;29;0;0;52.2764;0;7;0;29;0;0;0;0;4;0;22;0;
328;Pompeii;Italy;North Africa;21.2866;106.3264;20.02005146;6;3.336675244;26;0.770001979;10.4866;59.9264;17.49913227;7;2.499876038;29;0.603418354;9.2366;52.2764;17.66877597;7;2.524110853;29;0.609268137;0;0;0;4;0;22;0;
329;Pompeii;Italy;Iberian Peninsula;4.5466;106.3264;4.276078189;6;0.712679698;26;0.164464546;3.2966;59.9264;5.501081326;7;0.785868761;29;0.18969246;3.2966;52.2764;6.306096059;7;0.900870866;29;0.217451588;0;0;0;4;0;22;0;
330;Pompeii;Italy;Aegean;0;106.3264;0;6;0;26;0;0;59.9264;0;7;0;29;0;0;52.2764;0;7;0;29;0;0;0;0;4;0;22;0;
331;Pompeii;Italy;Western Mediterranean;0;106.3264;0;6;0;26;0;0;59.9264;0;7;0;29;0;0;52.2764;0;7;0;29;0;0;0;0;4;0;22;0;
332;Pompeii;Italy;Eastern Mediterranean;14.7333;106.3264;13.85667153;6;2.309445255;26;0.532948905;5.7833;59.9264;9.65067149;7;1.378667356;29;0.332781776;5.1333;52.2764;9.819536158;7;1.40279088;29;0.338604695;0;0;0;4;0;22;0;
333;Pompeii;Italy;unknown;21.6133;106.3264;20.32731288;6;3.38788548;26;0.781819726;19.7133;59.9264;32.89585225;7;4.699407464;29;1.134339733;18.9133;52.2764;36.17942322;7;5.168489031;29;1.247566318;0;0;0;4;0;22;0;
334;Pompeii;Italy;Pontic Sea;0;106.3264;0;6;0;26;0;0;59.9264;0;7;0;29;0;0;52.2764;0;7;0;29;0;0;0;0;4;0;22;0;
335;Pompeii;Italy;Egypt;0;106.3264;0;6;0;26;0;0;59.9264;0;7;0;29;0;0;52.2764;0;7;0;29;0;0;0;0;4;0;22;0;
336;Pompeii;Italy;Gallia;0;106.3264;0;6;0;26;0;0;59.9264;0;7;0;29;0;0;52.2764;0;7;0;29;0;0;0;0;4;0;22;0;
337;Pompeii;Italy;Adria;0;106.3264;0;6;0;26;0;0;59.9264;0;7;0;29;0;0;52.2764;0;7;0;29;0;0;0;0;4;0;22;0;
338;Rome;Italy;Italy;0;0;0;6;0;26;0;0;0;0;7;0;29;0;1680;4723;35.5706119;7;5.081515986;29;1.226572824;233.8;859.8;27.19237032;4;6.79809258;22;1.236016833;
339;Rome;Italy;Baetica;0;0;0;6;0;26;0;0;0;0;7;0;29;0;0;4723;0;7;0;29;0;0;859.8;0;4;0;22;0;
340;Rome;Italy;Tarraconensis;0;0;0;6;0;26;0;0;0;0;7;0;29;0;100;4723;2.117298327;7;0.30247119;29;0.073010287;13.8;859.8;1.605024424;4;0.401256106;22;0.072955656;
341;Rome;Italy;North Africa;0;0;0;6;0;26;0;0;0;0;7;0;29;0;243;4723;5.145034935;7;0.735004991;29;0.177414998;145.6;859.8;16.93417074;4;4.233542684;22;0.769735034;
342;Rome;Italy;Iberian Peninsula;0;0;0;6;0;26;0;0;0;0;7;0;29;0;1115;4723;23.60787635;7;3.372553764;29;0.814064702;234.6;859.8;27.28541521;4;6.821353803;22;1.240246146;
343;Rome;Italy;Aegean;0;0;0;6;0;26;0;0;0;0;7;0;29;0;862;4723;18.25111158;7;2.607301655;29;0.629348675;126.6;859.8;14.7243545;4;3.681088625;22;0.669288841;
344;Rome;Italy;Western Mediterranean;0;0;0;6;0;26;0;0;0;0;7;0;29;0;0;4723;0;7;0;29;0;0;859.8;0;4;0;22;0;
345;Rome;Italy;Eastern Mediterranean;0;0;0;6;0;26;0;0;0;0;7;0;29;0;148;4723;3.133601524;7;0.447657361;29;0.108055225;9.8;859.8;1.139799953;4;0.284949988;22;0.051809089;
346;Rome;Italy;unknown;0;0;0;6;0;26;0;0;0;0;7;0;29;0;288;4723;6.097819183;7;0.871117026;29;0.210269627;9.4;859.8;1.093277506;4;0.273319377;22;0.049694432;
347;Rome;Italy;Pontic Sea;0;0;0;6;0;26;0;0;0;0;7;0;29;0;0;4723;0;7;0;29;0;0;859.8;0;4;0;22;0;
348;Rome;Italy;Egypt;0;0;0;6;0;26;0;0;0;0;7;0;29;0;9;4723;0.190556849;7;0.027222407;29;0.006570926;1.8;859.8;0.209351012;4;0.052337753;22;0.009515955;
349;Rome;Italy;Gallia;0;0;0;6;0;26;0;0;0;0;7;0;29;0;278;4723;5.88608935;7;0.840869907;29;0.202968598;84.4;859.8;9.816236334;4;2.454059084;22;0.446192561;
350;Rome;Italy;Adria;0;0;0;6;0;26;0;0;0;0;7;0;29;0;0;4723;0;7;0;29;0;0;859.8;0;4;0;22;0;
351;Settefinestre;Italy;Italy;53.6666;119.9997;44.72227847;6;7.453713079;26;1.720087634;6.6666;32.9997;20.20200184;7;2.886000262;29;0.696620753;6.6666;32.9997;20.20200184;7;2.886000262;29;0.696620753;78;223.9999;34.82144412;4;8.705361029;22;1.582792914;
352;Settefinestre;Italy;Baetica;0;119.9997;0;6;0;26;0;0;32.9997;0;7;0;29;0;0;32.9997;0;7;0;29;0;0;223.9999;0;4;0;22;0;
353;Settefinestre;Italy;Tarraconensis;0;119.9997;0;6;0;26;0;0;32.9997;0;7;0;29;0;0;32.9997;0;7;0;29;0;0;223.9999;0;4;0;22;0;
354;Settefinestre;Italy;North Africa;2.6666;119.9997;2.222172222;6;0.370362037;26;0.085468162;2.6666;32.9997;8.080679521;7;1.154382789;29;0.278644121;2.6666;32.9997;8.080679521;7;1.154382789;29;0.278644121;4;223.9999;1.785715083;4;0.446428771;22;0.081168867;
355;Settefinestre;Italy;Iberian Peninsula;0.6666;119.9997;0.555501389;6;0.092583565;26;0.021365438;0.6666;32.9997;2.020018364;7;0.288574052;29;0.069655806;0.6666;32.9997;2.020018364;7;0.288574052;29;0.069655806;33.9999;223.9999;15.17853356;4;3.79463339;22;0.689933344;
356;Settefinestre;Italy;Aegean;1.6666;119.9997;1.388836805;6;0.231472801;26;0.0534168;0.6666;32.9997;2.020018364;7;0.288574052;29;0.069655806;0.6666;32.9997;2.020018364;7;0.288574052;29;0.069655806;2;223.9999;0.892857541;4;0.223214385;22;0.040584434;
357;Settefinestre;Italy;Western Mediterranean;0;119.9997;0;6;0;26;0;0;32.9997;0;7;0;29;0;0;32.9997;0;7;0;29;0;0;223.9999;0;4;0;22;0;
358;Settefinestre;Italy;Eastern Mediterranean;0;119.9997;0;6;0;26;0;0;32.9997;0;7;0;29;0;0;32.9997;0;7;0;29;0;0;223.9999;0;4;0;22;0;
359;Settefinestre;Italy;unknown;61.3333;119.9997;51.11121111;6;8.518535185;26;1.965815812;22.3333;32.9997;67.67728191;7;9.668183131;29;2.333699376;22.3333;32.9997;67.67728191;7;9.668183131;29;2.333699376;105;223.9999;46.87502093;4;11.71875523;22;2.130682769;
360;Settefinestre;Italy;Pontic Sea;0;119.9997;0;6;0;26;0;0;32.9997;0;7;0;29;0;0;32.9997;0;7;0;29;0;0;223.9999;0;4;0;22;0;
361;Settefinestre;Italy;Egypt;0;119.9997;0;6;0;26;0;0;32.9997;0;7;0;29;0;0;32.9997;0;7;0;29;0;0;223.9999;0;4;0;22;0;
362;Settefinestre;Italy;Gallia;0;119.9997;0;6;0;26;0;0;32.9997;0;7;0;29;0;0;32.9997;0;7;0;29;0;1;223.9999;0.446428771;4;0.111607193;22;0.020292217;
363;Settefinestre;Italy;Adria;0;119.9997;0;6;0;26;0;0;32.9997;0;7;0;29;0;0;32.9997;0;7;0;29;0;0;223.9999;0;4;0;22;0;
364;Berenike;North Africa;Italy;9;31;29.03225806;3;9.677419355;26;1.11662531;17;42;40.47619048;4;10.11904762;29;1.395730706;23;124;18.5483871;4;4.637096774;29;0.639599555;1;114;0.877192982;3;0.292397661;22;0.039872408;
365;Berenike;North Africa;Baetica;0;31;0;3;0;26;0;0;42;0;4;0;29;0;0;124;0;4;0;29;0;0;114;0;3;0;22;0;
366;Berenike;North Africa;Tarraconensis;0;31;0;3;0;26;0;0;42;0;4;0;29;0;0;124;0;4;0;29;0;0;114;0;3;0;22;0;
367;Berenike;North Africa;North Africa;9.5;31;30.64516129;3;10.21505376;26;1.17866005;16.5;42;39.28571429;4;9.821428571;29;1.354679803;42;124;33.87096774;4;8.467741935;29;1.167964405;70;114;61.40350877;3;20.46783626;22;2.791068581;
368;Berenike;North Africa;Iberian Peninsula;0;31;0;3;0;26;0;1;42;2.380952381;4;0.595238095;29;0.082101806;10;124;8.064516129;4;2.016129032;29;0.278086763;11;114;9.649122807;3;3.216374269;22;0.438596491;
369;Berenike;North Africa;Aegean;12;31;38.70967742;3;12.90322581;26;1.488833747;3;42;7.142857143;4;1.785714286;29;0.246305419;3;124;2.419354839;4;0.60483871;29;0.083426029;26;114;22.80701754;3;7.602339181;22;1.036682616;
370;Berenike;North Africa;Western Mediterranean;0.5;31;1.612903226;3;0.537634409;26;0.062034739;4.5;42;10.71428571;4;2.678571429;29;0.369458128;43;124;34.67741935;4;8.669354839;29;1.195773081;2;114;1.754385965;3;0.584795322;22;0.079744817;
371;Berenike;North Africa;Eastern Mediterranean;0;31;0;3;0;26;0;0;42;0;4;0;29;0;3;124;2.419354839;4;0.60483871;29;0.083426029;4;114;3.50877193;3;1.169590643;22;0.159489633;
372;Berenike;North Africa;unknown;0;31;0;3;0;26;0;0;42;0;4;0;29;0;0;124;0;4;0;29;0;0;114;0;3;0;22;0;
373;Berenike;North Africa;Pontic Sea;0;31;0;3;0;26;0;0;42;0;4;0;29;0;0;124;0;4;0;29;0;0;114;0;3;0;22;0;
374;Berenike;North Africa;Egypt;0;31;0;3;0;26;0;0;42;0;4;0;29;0;0;124;0;4;0;29;0;0;114;0;3;0;22;0;
375;Berenike;North Africa;Gallia;0;31;0;3;0;26;0;0;42;0;4;0;29;0;0;124;0;4;0;29;0;0;114;0;3;0;22;0;
376;Berenike;North Africa;Adria;0;31;0;3;0;26;0;0;42;0;4;0;29;0;0;124;0;4;0;29;0;0;114;0;3;0;22;0;
377;Carthage;North Africa;Italy;30704.5;178948;17.1583365;3;5.7194455;26;0.659936019;1037;14204;7.300760349;4;1.825190087;29;0.251750357;241.75;18337.25;1.318354715;4;0.329588679;29;0.045460507;201.25;20544.25;0.97959283;3;0.326530943;22;0.044526947;
378;Carthage;North Africa;Baetica;0;178948;0;3;0;26;0;0;14204;0;4;0;29;0;0;18337.25;0;4;0;29;0;0;20544.25;0;3;0;22;0;
379;Carthage;North Africa;Tarraconensis;0;178948;0;3;0;26;0;0;14204;0;4;0;29;0;0;18337.25;0;4;0;29;0;0;20544.25;0;3;0;22;0;
380;Carthage;North Africa;North Africa;138011;178948;77.12352192;3;25.70784064;26;2.966289304;7393;14204;52.04871867;4;13.01217967;29;1.794783402;11011.5;18337.25;60.04989843;4;15.01247461;29;2.070686153;14869.25;20544.25;72.37669908;3;24.12556636;22;3.289849958;
381;Carthage;North Africa;Iberian Peninsula;725;178948;0.405145629;3;0.135048543;26;0.015582524;225;14204;1.584060828;4;0.396015207;29;0.054622787;100;18337.25;0.545338041;4;0.13633451;29;0.01880476;0;20544.25;0;3;0;22;0;
382;Carthage;North Africa;Aegean;200;178948;0.111764311;3;0.03725477;26;0.004298627;0;14204;0;4;0;29;0;0;18337.25;0;4;0;29;0;0;20544.25;0;3;0;22;0;
383;Carthage;North Africa;Western Mediterranean;0;178948;0;3;0;26;0;0;14204;0;4;0;29;0;0;18337.25;0;4;0;29;0;0;20544.25;0;3;0;22;0;
384;Carthage;North Africa;Eastern Mediterranean;0;178948;0;3;0;26;0;0;14204;0;4;0;29;0;0;18337.25;0;4;0;29;0;0;20544.25;0;3;0;22;0;
385;Carthage;North Africa;unknown;8882.5;178948;4.963732481;3;1.654577494;26;0.190912788;5524;14204;38.89045339;4;9.722613348;29;1.341050117;6984;18337.25;38.08640881;4;9.521602203;29;1.313324442;5473.75;20544.25;26.64370809;3;8.881236031;22;1.211077641;
386;Carthage;North Africa;Pontic Sea;0;178948;0;3;0;26;0;0;14204;0;4;0;29;0;0;18337.25;0;4;0;29;0;0;20544.25;0;3;0;22;0;
387;Carthage;North Africa;Egypt;0;178948;0;3;0;26;0;0;14204;0;4;0;29;0;0;18337.25;0;4;0;29;0;0;20544.25;0;3;0;22;0;
388;Carthage;North Africa;Gallia;425;178948;0.237499162;3;0.079166387;26;0.009134583;25;14204;0.176006759;4;0.04400169;29;0.006069199;0;18337.25;0;4;0;29;0;0;20544.25;0;3;0;22;0;
389;Carthage;North Africa;Adria;0;178948;0;3;0;26;0;0;14204;0;4;0;29;0;0;18337.25;0;4;0;29;0;0;20544.25;0;3;0;22;0;
390;Leptis Magna;North Africa;Italy;0;0;0;3;0;26;0;2.5;11.5;21.73913043;4;5.434782609;29;0.749625187;2.5;11.5;21.73913043;4;5.434782609;29;0.749625187;0;0;0;3;0;22;0;
391;Leptis Magna;North Africa;Baetica;0;0;0;3;0;26;0;0;11.5;0;4;0;29;0;0;11.5;0;4;0;29;0;0;0;0;3;0;22;0;
392;Leptis Magna;North Africa;Tarraconensis;0;0;0;3;0;26;0;0;11.5;0;4;0;29;0;0;11.5;0;4;0;29;0;0;0;0;3;0;22;0;
393;Leptis Magna;North Africa;North Africa;0;0;0;3;0;26;0;6;11.5;52.17391304;4;13.04347826;29;1.79910045;6;11.5;52.17391304;4;13.04347826;29;1.79910045;0;0;0;3;0;22;0;
394;Leptis Magna;North Africa;Iberian Peninsula;0;0;0;3;0;26;0;1;11.5;8.695652174;4;2.173913043;29;0.299850075;1;11.5;8.695652174;4;2.173913043;29;0.299850075;0;0;0;3;0;22;0;
395;Leptis Magna;North Africa;Aegean;0;0;0;3;0;26;0;0.5;11.5;4.347826087;4;1.086956522;29;0.149925037;0.5;11.5;4.347826087;4;1.086956522;29;0.149925037;0;0;0;3;0;22;0;
396;Leptis Magna;North Africa;Western Mediterranean;0;0;0;3;0;26;0;0;11.5;0;4;0;29;0;0;11.5;0;4;0;29;0;0;0;0;3;0;22;0;
397;Leptis Magna;North Africa;Eastern Mediterranean;0;0;0;3;0;26;0;0.5;11.5;4.347826087;4;1.086956522;29;0.149925037;0.5;11.5;4.347826087;4;1.086956522;29;0.149925037;0;0;0;3;0;22;0;
398;Leptis Magna;North Africa;unknown;0;0;0;3;0;26;0;1;11.5;8.695652174;4;2.173913043;29;0.299850075;1;11.5;8.695652174;4;2.173913043;29;0.299850075;0;0;0;3;0;22;0;
399;Leptis Magna;North Africa;Pontic Sea;0;0;0;3;0;26;0;0;11.5;0;4;0;29;0;0;11.5;0;4;0;29;0;0;0;0;3;0;22;0;
400;Leptis Magna;North Africa;Egypt;0;0;0;3;0;26;0;0;11.5;0;4;0;29;0;0;11.5;0;4;0;29;0;0;0;0;3;0;22;0;
401;Leptis Magna;North Africa;Gallia;0;0;0;3;0;26;0;0;11.5;0;4;0;29;0;0;11.5;0;4;0;29;0;0;0;0;3;0;22;0;
402;Leptis Magna;North Africa;Adria;0;0;0;3;0;26;0;0;11.5;0;4;0;29;0;0;11.5;0;4;0;29;0;0;0;0;3;0;22;0;
403;Sabratha;North Africa;Italy;12.196;91.0293;13.39788398;3;4.465961326;26;0.51530323;7.146;63.6626;11.22480075;4;2.806200187;29;0.387062095;7.176;46.6926;15.36860231;4;3.842150576;29;0.529951804;9.256;11.4393;80.91404194;3;26.97134731;22;3.677910997;
404;Sabratha;North Africa;Baetica;0;91.0293;0;3;0;26;0;0;63.6626;0;4;0;29;0;0;46.6926;0;4;0;29;0;0;11.4393;0;3;0;22;0;
405;Sabratha;North Africa;Tarraconensis;0;91.0293;0;3;0;26;0;0;63.6626;0;4;0;29;0;0;46.6926;0;4;0;29;0;0;11.4393;0;3;0;22;0;
406;Sabratha;North Africa;North Africa;78.0833;91.0293;85.77820548;3;28.59273516;26;3.299161749;55.6666;63.6626;87.44003544;4;21.86000886;29;3.015173636;38.6666;46.6926;82.81098075;4;20.70274519;29;2.855551061;1.3333;11.4393;11.65543346;3;3.885144487;22;0.52979243;
407;Sabratha;North Africa;Iberian Peninsula;0.75;91.0293;0.823910543;3;0.274636848;26;0.031688867;0.85;63.6626;1.335163817;4;0.333790954;29;0.046040132;0.85;46.6926;1.82041694;4;0.455104235;29;0.062772998;0.85;11.4393;7.430524595;3;2.476841532;22;0.337751118;
408;Sabratha;North Africa;Aegean;0;91.0293;0;3;0;26;0;0;63.6626;0;4;0;29;0;0;46.6926;0;4;0;29;0;0;11.4393;0;3;0;22;0;
409;Sabratha;North Africa;Western Mediterranean;0;91.0293;0;3;0;26;0;0;63.6626;0;4;0;29;0;0;46.6926;0;4;0;29;0;0;11.4393;0;3;0;22;0;
410;Sabratha;North Africa;Eastern Mediterranean;0;91.0293;0;3;0;26;0;0;63.6626;0;4;0;29;0;0;46.6926;0;4;0;29;0;0;11.4393;0;3;0;22;0;
411;Sabratha;North Africa;unknown;0;91.0293;0;3;0;26;0;0;63.6626;0;4;0;29;0;0;46.6926;0;4;0;29;0;0;11.4393;0;3;0;22;0;
412;Sabratha;North Africa;Pontic Sea;0;91.0293;0;3;0;26;0;0;63.6626;0;4;0;29;0;0;46.6926;0;4;0;29;0;0;11.4393;0;3;0;22;0;
413;Sabratha;North Africa;Egypt;0;91.0293;0;3;0;26;0;0;63.6626;0;4;0;29;0;0;46.6926;0;4;0;29;0;0;11.4393;0;3;0;22;0;
414;Sabratha;North Africa;Gallia;0;91.0293;0;3;0;26;0;0;63.6626;0;4;0;29;0;0;46.6926;0;4;0;29;0;0;11.4393;0;3;0;22;0;
415;Sabratha;North Africa;Adria;0;91.0293;0;3;0;26;0;0;63.6626;0;4;0;29;0;0;46.6926;0;4;0;29;0;0;11.4393;0;3;0;22;0;
429;Baetulo;Tarraconensis;Italy;0;50;0;1;0;26;0;0;50;0;2;0;29;0;0;50;0;2;0;29;0;0;0;0;1;0;22;0;
430;Baetulo;Tarraconensis;Baetica;5;50;10;1;10;26;0.384615385;5;50;10;2;5;29;0.344827586;5;50;10;2;5;29;0.344827586;0;0;0;1;0;22;0;
431;Baetulo;Tarraconensis;Tarraconensis;40.25;50;80.5;1;80.5;26;3.096153846;40.25;50;80.5;2;40.25;29;2.775862069;40.25;50;80.5;2;40.25;29;2.775862069;0;0;0;1;0;22;0;
432;Baetulo;Tarraconensis;North Africa;0;50;0;1;0;26;0;0;50;0;2;0;29;0;0;50;0;2;0;29;0;0;0;0;1;0;22;0;
433;Baetulo;Tarraconensis;Iberian Peninsula;0;50;0;1;0;26;0;0;50;0;2;0;29;0;0;50;0;2;0;29;0;0;0;0;1;0;22;0;
434;Baetulo;Tarraconensis;Aegean;0;50;0;1;0;26;0;0;50;0;2;0;29;0;0;50;0;2;0;29;0;0;0;0;1;0;22;0;
435;Baetulo;Tarraconensis;Western Mediterranean;0;50;0;1;0;26;0;0;50;0;2;0;29;0;0;50;0;2;0;29;0;0;0;0;1;0;22;0;
436;Baetulo;Tarraconensis;Eastern Mediterranean;0;50;0;1;0;26;0;0;50;0;2;0;29;0;0;50;0;2;0;29;0;0;0;0;1;0;22;0;
437;Baetulo;Tarraconensis;unknown;2.75;50;5.5;1;5.5;26;0.211538462;2.75;50;5.5;2;2.75;29;0.189655172;2.75;50;5.5;2;2.75;29;0.189655172;0;0;0;1;0;22;0;
438;Baetulo;Tarraconensis;Pontic Sea;0;50;0;1;0;26;0;0;50;0;2;0;29;0;0;50;0;2;0;29;0;0;0;0;1;0;22;0;
439;Baetulo;Tarraconensis;Egypt;0;50;0;1;0;26;0;0;50;0;2;0;29;0;0;50;0;2;0;29;0;0;0;0;1;0;22;0;
440;Baetulo;Tarraconensis;Gallia;2;50;4;1;4;26;0.153846154;2;50;4;2;2;29;0.137931034;2;50;4;2;2;29;0.137931034;0;0;0;1;0;22;0;
441;Baetulo;Tarraconensis;Adria;0;50;0;1;0;26;0;0;50;0;2;0;29;0;0;50;0;2;0;29;0;0;0;0;1;0;22;0;
442;Tarraco;Tarraconensis;Italy;0;0;0;1;0;26;0;1.14;28.5;4;2;2;29;0.137931034;1.14;28.5;4;2;2;29;0.137931034;0;26;0;1;0;22;0;
443;Tarraco;Tarraconensis;Baetica;0;0;0;1;0;26;0;9.69;28.5;34;2;17;29;1.172413793;9.69;28.5;34;2;17;29;1.172413793;6.76;26;26;1;26;22;1.181818182;
444;Tarraco;Tarraconensis;Tarraconensis;0;0;0;1;0;26;0;8.835;28.5;31;2;15.5;29;1.068965517;8.835;28.5;31;2;15.5;29;1.068965517;0;26;0;1;0;22;0;
445;Tarraco;Tarraconensis;North Africa;0;0;0;1;0;26;0;0;28.5;0;2;0;29;0;0;28.5;0;2;0;29;0;2.86;26;11;1;11;22;0.5;
446;Tarraco;Tarraconensis;Iberian Peninsula;0;0;0;1;0;26;0;0;28.5;0;2;0;29;0;0;28.5;0;2;0;29;0;0;26;0;1;0;22;0;
447;Tarraco;Tarraconensis;Aegean;0;0;0;1;0;26;0;0;28.5;0;2;0;29;0;0;28.5;0;2;0;29;0;0;26;0;1;0;22;0;
448;Tarraco;Tarraconensis;Western Mediterranean;0;0;0;1;0;26;0;0;28.5;0;2;0;29;0;0;28.5;0;2;0;29;0;11.44;26;44;1;44;22;2;
449;Tarraco;Tarraconensis;Eastern Mediterranean;0;0;0;1;0;26;0;0;28.5;0;2;0;29;0;0;28.5;0;2;0;29;0;4.94;26;19;1;19;22;0.863636364;
450;Tarraco;Tarraconensis;unknown;0;0;0;1;0;26;0;8.835;28.5;31;2;15.5;29;1.068965517;8.835;28.5;31;2;15.5;29;1.068965517;0;26;0;1;0;22;0;
451;Tarraco;Tarraconensis;Pontic Sea;0;0;0;1;0;26;0;0;28.5;0;2;0;29;0;0;28.5;0;2;0;29;0;0;26;0;1;0;22;0;
452;Tarraco;Tarraconensis;Egypt;0;0;0;1;0;26;0;0;28.5;0;2;0;29;0;0;28.5;0;2;0;29;0;0;26;0;1;0;22;0;
453;Tarraco;Tarraconensis;Gallia;0;0;0;1;0;26;0;0;28.5;0;2;0;29;0;0;28.5;0;2;0;29;0;0;26;0;1;0;22;0;
454;Tarraco;Tarraconensis;Adria;0;0;0;1;0;26;0;0;28.5;0;2;0;29;0;0;28.5;0;2;0;29;0;0;26;0;1;0;22;0;
