ID;site;region;origin;frequency_A;total_A;percentage_site_A;sites_A;percentage_in_all_A;rounded_A;frequency_B;total_B;percentage_site_B;sites_B;percentage_in_all_B;rounded_B;frequency_C;total_C;percentage_site_C;sites_C;percentage_in_all_C;rounded_C;frequency_D;total_D;percentage_site_D;sites_D;percentage_in_all_D;rounded_D;;frequency_all;total_all;percenage_site_all;sites_all;percentage_all_all;percentage_all_all_rounded
0;Aquileia;Adria;Italy;1.97;41.43;4.755008448;25;0.190200338;0.2;1.7;41.16;4.130223518;29;0.142421501;0.1;36.14;348.33;10.3752189;28;0.370543532;0.4;0.25;54.17;0.461510061;22;0.02097773;0;;40.06;485.09;8.258261354;35;0.235950324;0.2
1;Aquileia;Adria;Baetica;0;41.43;0;25;0;0;0;41.16;0;29;0;0;0;348.33;0;28;0;0;0;54.17;0;22;0;0;;0;485.09;0;35;0;0
2;Aquileia;Adria;Tarraconensis;0;41.43;0;25;0;0;0;41.16;0;29;0;0;0;348.33;0;28;0;0;0;54.17;0;22;0;0;;0;485.09;0;35;0;0
3;Aquileia;Adria;North Africa;15.15;41.43;36.56770456;25;1.462708182;1.5;15.15;41.16;36.80758017;29;1.269226903;1.3;0;348.33;0;28;0;0;15.93;54.17;29.40742108;22;1.336700958;1.3;;46.23;485.09;9.530190274;35;0.272291151;0.3
4;Aquileia;Adria;Iberian Peninsula;0.6;41.43;1.448225923;25;0.057929037;0.1;0.6;41.16;1.457725948;29;0.050266412;0.1;36.14;348.33;10.3752189;28;0.370543532;0.4;0.25;54.17;0.461510061;22;0.02097773;0;;37.59;485.09;7.749077491;35;0.221402214;0.2
5;Aquileia;Adria;Aegean;0;41.43;0;25;0;0;0;41.16;0;29;0;0;0;348.33;0;28;0;0;0;54.17;0;22;0;0;;0;485.09;0;35;0;0
6;Aquileia;Adria;Western Mediterranean;0;41.43;0;25;0;0;0;41.16;0;29;0;0;0;348.33;0;28;0;0;0;54.17;0;22;0;0;;0;485.09;0;35;0;0
7;Aquileia;Adria;Eastern Mediterranean;15.49;41.43;37.38836592;25;1.495534637;1.5;15.49;41.16;37.63362488;29;1.297711203;1.3;77.28;348.33;22.18585824;28;0.79235208;0.8;23.77;54.17;43.88037659;22;1.994562572;2;;132.03;485.09;27.21762972;35;0.777646563;0.8
8;Aquileia;Adria;unknown;8.22;41.43;19.84069515;25;0.793627806;0.8;8.22;41.16;19.97084548;29;0.688649844;0.7;198.77;348.33;57.06370396;28;2.037989427;2;13.97;54.17;25.7891822;22;1.172235555;1.2;;229.18;485.09;47.24484116;35;1.349852605;1.3
9;Aquileia;Adria;Pontic Sea;0;41.43;0;25;0;0;0;41.16;0;29;0;0;0;348.33;0;28;0;0;0;54.17;0;22;0;0;;0;485.09;0;35;0;0
10;Aquileia;Adria;Egypt;0;41.43;0;25;0;0;0;41.16;0;29;0;0;0;348.33;0;28;0;0;0;54.17;0;22;0;0;;0;485.09;0;35;0;0
11;Aquileia;Adria;Gallia;0;41.43;0;25;0;0;0;41.16;0;29;0;0;0;348.33;0;28;0;0;0;54.17;0;22;0;0;;0;485.09;0;35;0;0
13;Butrint;Adria;Italy;0;0;0;25;0;0;0.5;2.5;20;29;0.689655172;0.7;2.5;12;20.83333333;28;0.744047619;0.7;3;9;33.33333333;22;1.515151515;1.5;;6;23.5;25.53191489;35;0.729483283;0.7
14;Butrint;Adria;Baetica;0;0;0;25;0;0;0.5;2.5;20;29;0.689655172;0.7;0.5;12;4.166666667;28;0.148809524;0.1;0;9;0;22;0;0;;1;23.5;4.255319149;35;0.121580547;0.1
15;Butrint;Adria;Tarraconensis;0;0;0;25;0;0;0;2.5;0;29;0;0;0;12;0;28;0;0;0;9;0;22;0;0;;0;23.5;0;35;0;0
16;Butrint;Adria;North Africa;0;0;0;25;0;0;0;2.5;0;29;0;0;0.5;12;4.166666667;28;0.148809524;0.1;0.5;9;5.555555556;22;0.252525253;0.3;;1;23.5;4.255319149;35;0.121580547;0.1
17;Butrint;Adria;Iberian Peninsula;0;0;0;25;0;0;0;2.5;0;29;0;0;0;12;0;28;0;0;0;9;0;22;0;0;;0;23.5;0;35;0;0
18;Butrint;Adria;Aegean;0;0;0;25;0;0;1;2.5;40;29;1.379310345;1.4;4;12;33.33333333;28;1.19047619;1.2;3;9;33.33333333;22;1.515151515;1.5;;8;23.5;34.04255319;35;0.972644377;1
19;Butrint;Adria;Western Mediterranean;0;0;0;25;0;0;0;2.5;0;29;0;0;0;12;0;28;0;0;0;9;0;22;0;0;;0;23.5;0;35;0;0
20;Butrint;Adria;Eastern Mediterranean;0;0;0;25;0;0;0;2.5;0;29;0;0;0.5;12;4.166666667;28;0.148809524;0.1;0.5;9;5.555555556;22;0.252525253;0.3;;1;23.5;4.255319149;35;0.121580547;0.1
21;Butrint;Adria;unknown;0;0;0;25;0;0;0;2.5;0;29;0;0;4;12;33.33333333;28;1.19047619;1.2;2;9;22.22222222;22;1.01010101;1;;6;23.5;25.53191489;35;0.729483283;0.7
22;Butrint;Adria;Pontic Sea;0;0;0;25;0;0;0;2.5;0;29;0;0;0;12;0;28;0;0;0;9;0;22;0;0;;0;23.5;0;35;0;0
23;Butrint;Adria;Egypt;0;0;0;25;0;0;0;2.5;0;29;0;0;0;12;0;28;0;0;0;9;0;22;0;0;;0;23.5;0;35;0;0
24;Butrint;Adria;Gallia;0;0;0;25;0;0;0;2.5;0;29;0;0;0;12.5;0;28;0;0;0;9;0;22;0;0;;0;24;0;35;0;0
26;Ephesos;Aegean;Italy;42.2;56.8;74.29577465;25;2.971830986;3;47.7;70.9666;67.21471791;29;2.317748893;2.3;2.85;4.2666;66.79791872;28;2.385639954;2.4;0.35;3.0166;11.60246635;22;0.527384834;0.5;;93.1;135.0498;68.93753267;35;1.969643791;2
27;Ephesos;Aegean;Baetica;0;56.8;0;25;0;0;0;70.9666;0;29;0;0;0;4.2666;0;28;0;0;0;3.0166;0;22;0;0;;0;135.0498;0;35;0;0
28;Ephesos;Aegean;Tarraconensis;0;56.8;0;25;0;0;0;70.9666;0;29;0;0;0;4.2666;0;28;0;0;0;3.0166;0;22;0;0;;0;135.0498;0;35;0;0
29;Ephesos;Aegean;North Africa;3.1;56.8;5.457746479;25;0.218309859;0.2;2.6;70.9666;3.663695316;29;0.126334321;0.1;0.1;4.2666;2.343786622;28;0.083706665;0.1;0.1;3.0166;3.314990387;22;0.150681381;0.2;;5.9;135.0498;4.368758784;35;0.12482168;0.1
30;Ephesos;Aegean;Iberian Peninsula;6;56.8;10.56338028;25;0.422535211;0.4;11.5666;70.9666;16.29865317;29;0.562022523;0.6;0.5666;4.2666;13.279895;28;0.474281964;0.5;0.5666;3.0166;18.78273553;22;0.853760706;0.9;;18.6998;135.0498;13.84659585;35;0.395617024;0.4
32;Ephesos;Aegean;Western Mediterranean;0;56.8;0;25;0;0;0;70.9666;0;29;0;0;0;4.2666;0;28;0;0;0;3.0166;0;22;0;0;;0;135.0498;0;35;0;0
33;Ephesos;Aegean;Eastern Mediterranean;5;56.8;8.802816901;25;0.352112676;0.4;6;70.9666;8.454681498;29;0.291540741;0.3;0.15;4.2666;3.515679932;28;0.125559998;0.1;0.15;3.0166;4.97248558;22;0.226022072;0.2;;11.3;135.0498;8.367283772;35;0.239065251;0.2
34;Ephesos;Aegean;unknown;0;56.8;0;25;0;0;0;70.9666;0;29;0;0;0;4.2666;0;28;0;0;0;3.0166;0;22;0;0;;0;135.0498;0;35;0;0
35;Ephesos;Aegean;Pontic Sea;0;56.8;0;25;0;0;0.4;70.9666;0.563645433;29;0.019436049;0;0.4;4.2666;9.375146487;28;0.33482666;0.3;1.65;3.0166;54.69734138;22;2.48624279;2.5;;2.45;135.0498;1.814145597;35;0.051832731;0.1
36;Ephesos;Aegean;Egypt;0.5;56.8;0.88028169;25;0.035211268;0;2.6;70.9666;3.663695316;29;0.126334321;0.1;0.1;4.2666;2.343786622;28;0.083706665;0.1;0.1;3.0166;3.314990387;22;0.150681381;0.2;;3.3;135.0498;2.443543049;35;0.069815516;0.1
37;Ephesos;Aegean;Gallia;0;56.8;0;25;0;0;0.1;70.9666;0.140911358;29;0.004859012;0;0.1;4.2666;2.343786622;28;0.083706665;0.1;0.1;3.0166;3.314990387;22;0.150681381;0.2;;0.3;135.0498;0.222140277;35;0.006346865;0
38;Ephesos;Aegean;Adria;0;56.8;0;25;0;0;0;70.9666;0;29;0;0;0;4.2666;0;28;0;0;0;3.0166;0;22;0;0;;0;135.0498;0;35;0;0
39;Baelo Claudia;Baetica;Italy;16;51.5;31.06796117;25;1.242718447;1.2;15;35.5;42.25352113;29;1.45701797;1.5;1;3;33.33333333;28;1.19047619;1.2;0.2;0.7;28.57142857;22;1.298701299;1.3;;32.2;90.7;35.5016538;35;1.014332966;1
41;Baelo Claudia;Baetica;Tarraconensis;0;51.5;0;25;0;0;0;35.5;0;29;0;0;0;3;0;28;0;0;0;0.7;0;22;0;0;;0;90.7;0;35;0;0
42;Baelo Claudia;Baetica;North Africa;0;51.5;0;25;0;0;0;35.5;0;29;0;0;0;3;0;28;0;0;0;0.7;0;22;0;0;;0;90.7;0;35;0;0
43;Baelo Claudia;Baetica;Iberian Peninsula;0;51.5;0;25;0;0;0;35.5;0;29;0;0;0;3;0;28;0;0;0;0.7;0;22;0;0;;0;90.7;0;35;0;0
44;Baelo Claudia;Baetica;Aegean;0;51.5;0;25;0;0;0;35.5;0;29;0;0;0;3;0;28;0;0;0;0.7;0;22;0;0;;0;90.7;0;35;0;0
45;Baelo Claudia;Baetica;Western Mediterranean;24.5;51.5;47.57281553;25;1.902912621;1.9;13.5;35.5;38.02816901;29;1.311316173;1.3;2;3;66.66666667;28;2.380952381;2.4;0;0.7;0;22;0;0;;40;90.7;44.1014333;35;1.260040951;1.3
46;Baelo Claudia;Baetica;Eastern Mediterranean;0;51.5;0;25;0;0;0;35.5;0;29;0;0;0;3;0;28;0;0;0;0.7;0;22;0;0;;0;90.7;0;35;0;0
47;Baelo Claudia;Baetica;unknown;11;51.5;21.3592233;25;0.854368932;0.9;7;35.5;19.71830986;29;0.679941719;0.7;0;3;0;28;0;0;0.5;0.7;71.42857143;22;3.246753247;3.2;;18.5;90.7;20.3969129;35;0.58276894;0.6
48;Baelo Claudia;Baetica;Pontic Sea;0;51.5;0;25;0;0;0;35.5;0;29;0;0;0;3;0;28;0;0;0;0.7;0;22;0;0;;0;90.7;0;35;0;0
49;Baelo Claudia;Baetica;Egypt;0;51.5;0;25;0;0;0;35.5;0;29;0;0;0;3;0;28;0;0;0;0.7;0;22;0;0;;0;90.7;0;35;0;0
50;Baelo Claudia;Baetica;Gallia;0;51.5;0;25;0;0;0;35.5;0;29;0;0;0;3;0;28;0;0;0;0.7;0;22;0;0;;0;90.7;0;35;0;0
51;Baelo Claudia;Baetica;Adria;0;51.5;0;25;0;0;0;35.5;0;29;0;0;0;3;0;28;0;0;0;0.7;0;22;0;0;;0;90.7;0;35;0;0
52;Valencia;Baetica;Italy;0.5;7.5;6.666666667;25;0.266666667;0.3;0;0;0;29;0;0;0;0;0;28;0;0;0;0;0;22;0;0;;0.5;7.5;6.666666667;35;0.19047619;0.2
54;Valencia;Baetica;Tarraconensis;4;7.5;53.33333333;25;2.133333333;2.1;0;0;0;29;0;0;0;0;0;28;0;0;0;0;0;22;0;0;;4;7.5;53.33333333;35;1.523809524;1.5
55;Valencia;Baetica;North Africa;2.5;7.5;33.33333333;25;1.333333333;1.3;0;0;0;29;0;0;0;0;0;28;0;0;0;0;0;22;0;0;;2.5;7.5;33.33333333;35;0.952380952;1
56;Valencia;Baetica;Iberian Peninsula;0;7.5;0;25;0;0;0;0;0;29;0;0;0;0;0;28;0;0;0;0;0;22;0;0;;0;7.5;0;35;0;0
57;Valencia;Baetica;Aegean;0;7.5;0;25;0;0;0;0;0;29;0;0;0;0;0;28;0;0;0;0;0;22;0;0;;0;7.5;0;35;0;0
58;Valencia;Baetica;Western Mediterranean;0;7.5;0;25;0;0;0;0;0;29;0;0;0;0;0;28;0;0;0;0;0;22;0;0;;0;7.5;0;35;0;0
59;Valencia;Baetica;Eastern Mediterranean;0.5;7.5;6.666666667;25;0.266666667;0.3;0;0;0;29;0;0;0;0;0;28;0;0;0;0;0;22;0;0;;0.5;7.5;6.666666667;35;0.19047619;0.2
60;Valencia;Baetica;unknown;0;7.5;0;25;0;0;0;0;0;29;0;0;0;0;0;28;0;0;0;0;0;22;0;0;;0;7.5;0;35;0;0
61;Valencia;Baetica;Pontic Sea;0;7.5;0;25;0;0;0;0;0;29;0;0;0;0;0;28;0;0;0;0;0;22;0;0;;0;7.5;0;35;0;0
62;Valencia;Baetica;Egypt;0;7.5;0;25;0;0;0;0;0;29;0;0;0;0;0;28;0;0;0;0;0;22;0;0;;0;7.5;0;35;0;0
63;Valencia;Baetica;Gallia;0;7.5;0;25;0;0;0;0;0;29;0;0;0;0;0;28;0;0;0;0;0;22;0;0;;0;7.5;0;35;0;0
64;Valencia;Baetica;Adria;0;7.5;0;25;0;0;0;0;0;29;0;0;0;0;0;28;0;0;0;0;0;22;0;0;;0;7.5;0;35;0;0
65;Berytus;Eastern Mediterranean;Italy;0;0;0;25;0;0;0;0;0;29;0;0;0;0;0;28;0;0;0;45;0;22;0;0;;0;45;0;35;0;0
66;Berytus;Eastern Mediterranean;Baetica;0;0;0;25;0;0;0;0;0;29;0;0;0;0;0;28;0;0;0;45;0;22;0;0;;0;45;0;35;0;0
67;Berytus;Eastern Mediterranean;Tarraconensis;0;0;0;25;0;0;0;0;0;29;0;0;0;0;0;28;0;0;0;45;0;22;0;0;;0;45;0;35;0;0
68;Berytus;Eastern Mediterranean;North Africa;0;0;0;25;0;0;0;0;0;29;0;0;0;0;0;28;0;0;1;45;2.222222222;22;0.101010101;0.1;;1;45;2.222222222;35;0.063492063;0.1
69;Berytus;Eastern Mediterranean;Iberian Peninsula;0;0;0;25;0;0;0;0;0;29;0;0;0;0;0;28;0;0;0;45;0;22;0;0;;0;45;0;35;0;0
70;Berytus;Eastern Mediterranean;Aegean;0;0;0;25;0;0;0;0;0;29;0;0;0;0;0;28;0;0;10;45;22.22222222;22;1.01010101;1;;10;45;22.22222222;35;0.634920635;0.6
71;Berytus;Eastern Mediterranean;Western Mediterranean;0;0;0;25;0;0;0;0;0;29;0;0;0;0;0;28;0;0;9;45;20;22;0.909090909;0.9;;9;45;20;35;0.571428571;0.6
73;Berytus;Eastern Mediterranean;unknown;0;0;0;25;0;0;0;0;0;29;0;0;0;0;0;28;0;0;25;45;55.55555556;22;2.525252525;2.5;;25;45;55.55555556;35;1.587301587;1.6
74;Berytus;Eastern Mediterranean;Pontic Sea;0;0;0;25;0;0;0;0;0;29;0;0;0;0;0;28;0;0;0;45;0;22;0;0;;0;45;0;35;0;0
75;Berytus;Eastern Mediterranean;Egypt;0;0;0;25;0;0;0;0;0;29;0;0;0;0;0;28;0;0;0;45;0;22;0;0;;0;45;0;35;0;0
76;Berytus;Eastern Mediterranean;Gallia;0;0;0;25;0;0;0;0;0;29;0;0;0;0;0;28;0;0;0;45;0;22;0;0;;0;45;0;35;0;0
77;Berytus;Eastern Mediterranean;Adria;0;0;0;25;0;0;0;0;0;29;0;0;0;0;0;28;0;0;0;45;0;22;0;0;;0;45;0;35;0;0
78;Caesarea;Eastern Mediterranean;Italy;3;12.5;24;25;0.96;1;3;12.4999;24.000192;29;0.827592828;0.8;0;1.9999;0;28;0;0;0;1.9999;0;22;0;0;;6;28.9997;20.68986921;35;0.59113912;0.6
79;Caesarea;Eastern Mediterranean;Baetica;0;12.5;0;25;0;0;0;12.4999;0;29;0;0;0;1.9999;0;28;0;0;0;1.9999;0;22;0;0;;0;28.9997;0;35;0;0
80;Caesarea;Eastern Mediterranean;Tarraconensis;0;12.5;0;25;0;0;0;12.4999;0;29;0;0;0;1.9999;0;28;0;0;0;1.9999;0;22;0;0;;0;28.9997;0;35;0;0
81;Caesarea;Eastern Mediterranean;North Africa;0.5;12.5;4;25;0.16;0.2;0.5;12.4999;4.000032;29;0.137932138;0.1;0;1.9999;0;28;0;0;0;1.9999;0;22;0;0;;1;28.9997;3.448311534;35;0.098523187;0.1
82;Caesarea;Eastern Mediterranean;Iberian Peninsula;2.5;12.5;20;25;0.8;0.8;2.8333;12.4999;22.66658133;29;0.781606253;0.8;0.5833;1.9999;29.16645832;28;1.041659226;1;0.5833;1.9999;29.16645832;22;1.325748106;1.3;;6.4999;28.9997;22.41368014;35;0.640390861;0.6
83;Caesarea;Eastern Mediterranean;Aegean;3;12.5;24;25;0.96;1;3;12.4999;24.000192;29;0.827592828;0.8;0.5;1.9999;25.00125006;28;0.892901788;0.9;0.5;1.9999;25.00125006;22;1.136420457;1.1;;7;28.9997;24.13818074;35;0.689662307;0.7
84;Caesarea;Eastern Mediterranean;Western Mediterranean;0;12.5;0;25;0;0;0;12.4999;0;29;0;0;0;1.9999;0;28;0;0;0;1.9999;0;22;0;0;;0;28.9997;0;35;0;0
86;Caesarea;Eastern Mediterranean;unknown;2.5;12.5;20;25;0.8;0.8;2.8333;12.4999;22.66658133;29;0.781606253;0.8;0.5833;1.9999;29.16645832;28;1.041659226;1;0.5833;1.9999;29.16645832;22;1.325748106;1.3;;6.4999;28.9997;22.41368014;35;0.640390861;0.6
87;Caesarea;Eastern Mediterranean;Pontic Sea;0;12.5;0;25;0;0;0;12.4999;0;29;0;0;0;1.9999;0;28;0;0;0;1.9999;0;22;0;0;;0;28.9997;0;35;0;0
88;Caesarea;Eastern Mediterranean;Egypt;0;12.5;0;25;0;0;0;12.4999;0;29;0;0;0;1.9999;0;28;0;0;0;1.9999;0;22;0;0;;0;28.9997;0;35;0;0
89;Caesarea;Eastern Mediterranean;Gallia;0;12.5;0;25;0;0;0.3333;12.4999;2.666421331;29;0.091945563;0.1;0.3333;1.9999;16.66583329;28;0.595208332;0.6;0.3333;1.9999;16.66583329;22;0.757537877;0.8;;0.9999;28.9997;3.447966703;35;0.098513334;0.1
90;Caesarea;Eastern Mediterranean;Adria;1;12.5;8;25;0.32;0.3;0;12.4999;0;29;0;0;0;1.9999;0;28;0;0;0;1.9999;0;22;0;0;;1;28.9997;3.448311534;35;0.098523187;0.1
91;Paphos;Eastern Mediterranean;Italy;0;3.9999;0;25;0;0;11.25;14.8333;75.84286706;29;2.615271278;2.6;1.25;3.3332;37.50150006;28;1.339339288;1.3;0.25;10.5;2.380952381;22;0.108225108;0.1;;12.75;32.6664;39.03093086;35;1.115169453;1.1
92;Paphos;Eastern Mediterranean;Baetica;0;3.9999;0;25;0;0;0;14.8333;0;29;0;0;0;3.3332;0;28;0;0;0;10.5;0;22;0;0;;0;32.6664;0;35;0;0
93;Paphos;Eastern Mediterranean;Tarraconensis;0;3.9999;0;25;0;0;0;14.8333;0;29;0;0;0;3.3332;0;28;0;0;0;10.5;0;22;0;0;;0;32.6664;0;35;0;0
94;Paphos;Eastern Mediterranean;North Africa;0;3.9999;0;25;0;0;0;14.8333;0;29;0;0;0;3.3332;0;28;0;0;0;10.5;0;22;0;0;;0;32.6664;0;35;0;0
95;Paphos;Eastern Mediterranean;Iberian Peninsula;0;3.9999;0;25;0;0;0;14.8333;0;29;0;0;0;3.3332;0;28;0;0;0;10.5;0;22;0;0;;0;32.6664;0;35;0;0
96;Paphos;Eastern Mediterranean;Aegean;2.6666;3.9999;66.66666667;25;2.666666667;2.7;2;14.8333;13.48317637;29;0.464937116;0.5;1.1666;3.3332;34.99939998;28;1.249978571;1.2;3;10.5;28.57142857;22;1.298701299;1.3;;8.8332;32.6664;27.0406289;35;0.772589397;0.8
97;Paphos;Eastern Mediterranean;Western Mediterranean;0;3.9999;0;25;0;0;0;14.8333;0;29;0;0;0;3.3332;0;28;0;0;0;10.5;0;22;0;0;;0;32.6664;0;35;0;0
99;Paphos;Eastern Mediterranean;unknown;1.3333;3.9999;33.33333333;25;1.333333333;1.3;1.5833;14.8333;10.67395657;29;0.368067468;0.4;0.5833;3.3332;17.49969999;28;0.624989285;0.6;7.25;10.5;69.04761905;22;3.138528139;3.1;;10.7499;32.6664;32.90812578;35;0.940232165;0.9
100;Paphos;Eastern Mediterranean;Pontic Sea;0;3.9999;0;25;0;0;0;14.8333;0;29;0;0;0;3.3332;0;28;0;0;0;10.5;0;22;0;0;;0;32.6664;0;35;0;0
101;Paphos;Eastern Mediterranean;Egypt;0;3.9999;0;25;0;0;0;14.8333;0;29;0;0;0;3.3332;0;28;0;0;0;10.5;0;22;0;0;;0;32.6664;0;35;0;0
102;Paphos;Eastern Mediterranean;Gallia;0;3.9999;0;25;0;0;0;14.8333;0;29;0;0;0;3.3332;0;28;0;0;0;10.5;0;22;0;0;;0;32.6664;0;35;0;0
103;Paphos;Eastern Mediterranean;Adria;0;3.9999;0;25;0;0;0;14.8333;0;29;0;0;0.3333;3.3332;9.999399976;28;0.357121428;0.4;0;10.5;0;22;0;0;;0.3333;32.6664;1.020314452;35;0.029151841;0
104;Pula;Adria;Italy;1286;1286;100;25;4;4;0;0;0;29;0;0;0;0;0;28;0;0;0;0;0;22;0;0;;1286;1286;100;35;2.857142857;2.9
105;Pula;Adria;Baetica;0;1286;0;25;0;0;0;0;0;29;0;0;0;0;0;28;0;0;0;0;0;22;0;0;;0;1286;0;35;0;0
106;Pula;Adria;Tarraconensis;0;1286;0;25;0;0;0;0;0;29;0;0;0;0;0;28;0;0;0;0;0;22;0;0;;0;1286;0;35;0;0
107;Pula;Adria;North Africa;0;1286;0;25;0;0;0;0;0;29;0;0;0;0;0;28;0;0;0;0;0;22;0;0;;0;1286;0;35;0;0
108;Pula;Adria;Iberian Peninsula;0;1286;0;25;0;0;0;0;0;29;0;0;0;0;0;28;0;0;0;0;0;22;0;0;;0;1286;0;35;0;0
109;Pula;Adria;Aegean;0;1286;0;25;0;0;0;0;0;29;0;0;0;0;0;28;0;0;0;0;0;22;0;0;;0;1286;0;35;0;0
110;Pula;Adria;Western Mediterranean;0;1286;0;25;0;0;0;0;0;29;0;0;0;0;0;28;0;0;0;0;0;22;0;0;;0;1286;0;35;0;0
111;Pula;Adria;Eastern Mediterranean;0;1286;0;25;0;0;0;0;0;29;0;0;0;0;0;28;0;0;0;0;0;22;0;0;;0;1286;0;35;0;0
112;Pula;Adria;unknown;0;1286;0;25;0;0;0;0;0;29;0;0;0;0;0;28;0;0;0;0;0;22;0;0;;0;1286;0;35;0;0
113;Pula;Adria;Pontic Sea;0;1286;0;25;0;0;0;0;0;29;0;0;0;0;0;28;0;0;0;0;0;22;0;0;;0;1286;0;35;0;0
114;Pula;Adria;Egypt;0;1286;0;25;0;0;0;0;0;29;0;0;0;0;0;28;0;0;0;0;0;22;0;0;;0;1286;0;35;0;0
115;Pula;Adria;Gallia;0;1286;0;25;0;0;0;0;0;29;0;0;0;0;0;28;0;0;0;0;0;22;0;0;;0;1286;0;35;0;0
117;Corinth;Aegean;Italy;0;0.25;0;25;0;0;0;0.75;0;29;0;0;1;3;33.33333333;28;1.19047619;1.2;0;3;0;22;0;0;;1;7;14.28571429;35;0.408163265;0.4
118;Corinth;Aegean;Baetica;0;0.25;0;25;0;0;0;0.75;0;29;0;0;0;3;0;28;0;0;0;3;0;22;0;0;;0;7;0;35;0;0
119;Corinth;Aegean;Tarraconensis;0;0.25;0;25;0;0;0;0.75;0;29;0;0;0;3;0;28;0;0;0;3;0;22;0;0;;0;7;0;35;0;0
120;Corinth;Aegean;North Africa;0;0.25;0;25;0;0;0;0.75;0;29;0;0;0.5;3;16.66666667;28;0.595238095;0.6;0.5;3;16.66666667;22;0.757575758;0.8;;1;7;14.28571429;35;0.408163265;0.4
121;Corinth;Aegean;Iberian Peninsula;0;0.25;0;25;0;0;0;0.75;0;29;0;0;0;3;0;28;0;0;0;3;0;22;0;0;;0;7;0;35;0;0
123;Corinth;Aegean;Western Mediterranean;0;0.25;0;25;0;0;0;0.75;0;29;0;0;0;3;0;28;0;0;0;3;0;22;0;0;;0;7;0;35;0;0
124;Corinth;Aegean;Eastern Mediterranean;0;0.25;0;25;0;0;0;0.75;0;29;0;0;0;3;0;28;0;0;0;3;0;22;0;0;;0;7;0;35;0;0
125;Corinth;Aegean;unknown;0.25;0.25;100;25;4;4;0.75;0.75;100;29;3.448275862;3.4;1.5;3;50;28;1.785714286;1.8;2.5;3;83.33333333;22;3.787878788;3.8;;5;7;71.42857143;35;2.040816327;2
126;Corinth;Aegean;Pontic Sea;0;0.25;0;25;0;0;0;0.75;0;29;0;0;0;3;0;28;0;0;0;3;0;22;0;0;;0;7;0;35;0;0
127;Corinth;Aegean;Egypt;0;0.25;0;25;0;0;0;0.75;0;29;0;0;0;3;0;28;0;0;0;3;0;22;0;0;;0;7;0;35;0;0
128;Corinth;Aegean;Gallia;0;0.25;0;25;0;0;0;0.75;0;29;0;0;0;3;0;28;0;0;0;3;0;22;0;0;;0;7;0;35;0;0
129;Corinth;Aegean;Adria;0;0.25;0;25;0;0;0;0.75;0;29;0;0;0;3;0;28;0;0;0;3;0;22;0;0;;0;7;0;35;0;0
130;Arles;Gallia;Italy;79.5;81.5;97.54601227;25;3.901840491;3.9;0;60.5;0;29;0;0;0;60.5;0;28;0;0;0.5;4.5;11.11111111;22;0.505050505;0.5;;80;207;38.647343;35;1.1042098;1.1
131;Arles;Gallia;Baetica;0;81.5;0;25;0;0;0;60.5;0;29;0;0;0;60.5;0;28;0;0;0;4.5;0;22;0;0;;0;207;0;35;0;0
132;Arles;Gallia;Tarraconensis;0;81.5;0;25;0;0;0;60.5;0;29;0;0;0;60.5;0;28;0;0;0;4.5;0;22;0;0;;0;207;0;35;0;0
133;Arles;Gallia;North Africa;2;81.5;2.45398773;25;0.098159509;0.1;1;60.5;1.652892562;29;0.056996295;0.1;1;60.5;1.652892562;28;0.059031877;0.1;0;4.5;0;22;0;0;;4;207;1.93236715;35;0.05521049;0.1
134;Arles;Gallia;Iberian Peninsula;0;81.5;0;25;0;0;57.5;60.5;95.04132231;29;3.277286976;3.3;57.5;60.5;95.04132231;28;3.39433294;3.4;2;4.5;44.44444444;22;2.02020202;2;;117;207;56.52173913;35;1.614906832;1.6
135;Arles;Gallia;Aegean;0;81.5;0;25;0;0;1;60.5;1.652892562;29;0.056996295;0.1;1;60.5;1.652892562;28;0.059031877;0.1;1;4.5;22.22222222;22;1.01010101;1;;3;207;1.449275362;35;0.041407867;0
136;Arles;Gallia;Western Mediterranean;0;81.5;0;25;0;0;0;60.5;0;29;0;0;0;60.5;0;28;0;0;0;4.5;0;22;0;0;;0;207;0;35;0;0
137;Arles;Gallia;Eastern Mediterranean;0;81.5;0;25;0;0;1;60.5;1.652892562;29;0.056996295;0.1;1;60.5;1.652892562;28;0.059031877;0.1;1;4.5;22.22222222;22;1.01010101;1;;3;207;1.449275362;35;0.041407867;0
138;Arles;Gallia;unknown;0;81.5;0;25;0;0;0;60.5;0;29;0;0;0;60.5;0;28;0;0;0;4.5;0;22;0;0;;0;207;0;35;0;0
139;Arles;Gallia;Pontic Sea;0;81.5;0;25;0;0;0;60.5;0;29;0;0;0;60.5;0;28;0;0;0;4.5;0;22;0;0;;0;207;0;35;0;0
140;Arles;Gallia;Egypt;0;81.5;0;25;0;0;0;60.5;0;29;0;0;0;60.5;0;28;0;0;0;4.5;0;22;0;0;;0;207;0;35;0;0
142;Arles;Gallia;Adria;0;81.5;0;25;0;0;0;60.5;0;29;0;0;0;60.5;0;28;0;0;0;4.5;0;22;0;0;;0;207;0;35;0;0
143;Frejus;Gallia;Italy;0;0;0;25;0;0;0;0;0;29;0;0;0;0;0;28;0;0;0;24;0;22;0;0;;0;24;0;35;0;0
144;Frejus;Gallia;Baetica;0;0;0;25;0;0;0;0;0;29;0;0;0;0;0;28;0;0;0;24;0;22;0;0;;0;24;0;35;0;0
145;Frejus;Gallia;Tarraconensis;0;0;0;25;0;0;0;0;0;29;0;0;0;0;0;28;0;0;0;24;0;22;0;0;;0;24;0;35;0;0
146;Frejus;Gallia;North Africa;0;0;0;25;0;0;0;0;0;29;0;0;0;0;0;28;0;0;1;24;4.166666667;22;0.189393939;0.2;;1;24;4.166666667;35;0.119047619;0.1
147;Frejus;Gallia;Iberian Peninsula;0;0;0;25;0;0;0;0;0;29;0;0;0;0;0;28;0;0;19;24;79.16666667;22;3.598484848;3.6;;19;24;79.16666667;35;2.261904762;2.3
148;Frejus;Gallia;Aegean;0;0;0;25;0;0;0;0;0;29;0;0;0;0;0;28;0;0;0;24;0;22;0;0;;0;24;0;35;0;0
149;Frejus;Gallia;Western Mediterranean;0;0;0;25;0;0;0;0;0;29;0;0;0;0;0;28;0;0;0;24;0;22;0;0;;0;24;0;35;0;0
150;Frejus;Gallia;Eastern Mediterranean;0;0;0;25;0;0;0;0;0;29;0;0;0;0;0;28;0;0;0;24;0;22;0;0;;0;24;0;35;0;0
151;Frejus;Gallia;unknown;0;0;0;25;0;0;0;0;0;29;0;0;0;0;0;28;0;0;4;24;16.66666667;22;0.757575758;0.8;;4;24;16.66666667;35;0.476190476;0.5
152;Frejus;Gallia;Pontic Sea;0;0;0;25;0;0;0;0;0;29;0;0;0;0;0;28;0;0;0;24;0;22;0;0;;0;24;0;35;0;0
153;Frejus;Gallia;Egypt;0;0;0;25;0;0;0;0;0;29;0;0;0;0;0;28;0;0;0;24;0;22;0;0;;0;24;0;35;0;0
155;Frejus;Gallia;Adria;0;0;0;25;0;0;0;0;0;29;0;0;0;0;0;28;0;0;0;24;0;22;0;0;;0;24;0;35;0;0
156;La Nautique;Gallia;Italy;3.6666;153.6676;2.38605926;25;0.09544237;0.1;0.6666;110.6676;0.602344318;29;0.020770494;0;0.6666;110.6676;0.602344318;28;0.021512297;0;0;0;0;22;0;0;;4.9998;375.0028;1.333270045;35;0.03809343;0
157;La Nautique;Gallia;Baetica;9.213;153.6676;5.995408271;25;0.239816331;0.2;9.213;110.6676;8.32492979;29;0.287066544;0.3;9.213;110.6676;8.32492979;28;0.297318921;0.3;0;0;0;22;0;0;;27.639;375.0028;7.370344968;35;0.210581285;0.2
158;La Nautique;Gallia;Tarraconensis;106.484;153.6676;69.2950238;25;2.771800952;2.8;71.484;110.6676;64.59343114;29;2.227359694;2.2;71.484;110.6676;64.59343114;28;2.306908255;2.3;0;0;0;22;0;0;;249.452;375.0028;66.52003665;35;1.900572476;1.9
159;La Nautique;Gallia;North Africa;3.553;153.6676;2.312133462;25;0.092485338;0.1;2.553;110.6676;2.306908255;29;0.079548561;0.1;2.553;110.6676;2.306908255;28;0.082389581;0.1;0;0;0;22;0;0;;8.659;375.0028;2.309049426;35;0.065972841;0.1
160;La Nautique;Gallia;Iberian Peninsula;0;153.6676;0;25;0;0;0;110.6676;0;29;0;0;0;110.6676;0;28;0;0;0;0;0;22;0;0;;0;375.0028;0;35;0;0
161;La Nautique;Gallia;Aegean;0;153.6676;0;25;0;0;0;110.6676;0;29;0;0;0;110.6676;0;28;0;0;0;0;0;22;0;0;;0;375.0028;0;35;0;0
162;La Nautique;Gallia;Western Mediterranean;0;153.6676;0;25;0;0;0;110.6676;0;29;0;0;0;110.6676;0;28;0;0;0;0;0;22;0;0;;0;375.0028;0;35;0;0
163;La Nautique;Gallia;Eastern Mediterranean;3;153.6676;1.9522658;25;0.078090632;0.1;0;110.6676;0;29;0;0;0;110.6676;0;28;0;0;0;0;0;22;0;0;;3;375.0028;0.799994027;35;0.022856972;0
164;La Nautique;Gallia;unknown;27.751;153.6676;18.0591094;25;0.722364376;0.7;26.751;110.6676;24.1723865;29;0.833530569;0.8;26.751;110.6676;24.1723865;28;0.863299518;0.9;0;0;0;22;0;0;;81.253;375.0028;21.66730488;35;0.619065854;0.6
165;La Nautique;Gallia;Pontic Sea;0;153.6676;0;25;0;0;0;110.6676;0;29;0;0;0;110.6676;0;28;0;0;0;0;0;22;0;0;;0;375.0028;0;35;0;0
166;La Nautique;Gallia;Egypt;0;153.6676;0;25;0;0;0;110.6676;0;29;0;0;0;110.6676;0;28;0;0;0;0;0;22;0;0;;0;375.0028;0;35;0;0
168;La Nautique;Gallia;Adria;0;153.6676;0;25;0;0;0;110.6676;0;29;0;0;0;110.6676;0;28;0;0;0;0;0;22;0;0;;0;375.0028;0;35;0;0
169;La Ramiere;Gallia;Italy;6;14;42.85714286;25;1.714285714;1.7;20.5;110.6676;18.52394016;29;0.638756557;0.6;19;203.5;9.336609337;28;0.333450333;0.3;5.75;70.25;8.185053381;22;0.372047881;0.4;;51.25;398.4176;12.86338756;35;0.367525359;0.4
170;La Ramiere;Gallia;Baetica;0;14;0;25;0;0;0;85;0;29;0;0;0;203.5;0;28;0;0;0;70.25;0;22;0;0;;0;372.75;0;35;0;0
171;La Ramiere;Gallia;Tarraconensis;0;14;0;25;0;0;0;85;0;29;0;0;0;203.5;0;28;0;0;0;70.25;0;22;0;0;;0;372.75;0;35;0;0
172;La Ramiere;Gallia;North Africa;0;14;0;25;0;0;5.5;85;6.470588235;29;0.223123732;0.2;7;203.5;3.43980344;28;0.122850123;0.1;2.5;70.25;3.558718861;22;0.161759948;0.2;;15;372.75;4.024144869;35;0.114975568;0.1
173;La Ramiere;Gallia;Iberian Peninsula;6.5;14;46.42857143;25;1.857142857;1.9;68.5;85;80.58823529;29;2.778904665;2.8;163.5;203.5;80.34398034;28;2.869427869;2.9;55.75;70.25;79.3594306;22;3.607246846;3.6;;294.25;372.75;78.94030852;35;2.255437386;2.3
174;La Ramiere;Gallia;Aegean;0;14;0;25;0;0;0;85;0;29;0;0;0;203.5;0;28;0;0;0;70.25;0;22;0;0;;0;372.75;0;35;0;0
175;La Ramiere;Gallia;Western Mediterranean;0;14;0;25;0;0;0;85;0;29;0;0;0;203.5;0;28;0;0;0;70.25;0;22;0;0;;0;372.75;0;35;0;0
176;La Ramiere;Gallia;Eastern Mediterranean;0;14;0;25;0;0;0;85;0;29;0;0;0;203.5;0;28;0;0;0;70.25;0;22;0;0;;0;372.75;0;35;0;0
177;La Ramiere;Gallia;unknown;1.5;14;10.71428571;25;0.428571429;0.4;11;85;12.94117647;29;0.446247465;0.4;14;203.5;6.87960688;28;0.245700246;0.2;6.25;70.25;8.896797153;22;0.404399871;0.4;;32.75;372.75;8.786049631;35;0.251029989;0.3
178;La Ramiere;Gallia;Pontic Sea;0;14;0;25;0;0;0;85;0;29;0;0;0;203.5;0;28;0;0;0;70.25;0;22;0;0;;0;372.75;0;35;0;0
179;La Ramiere;Gallia;Egypt;0;14;0;25;0;0;0;85;0;29;0;0;0;203.5;0;28;0;0;0;70.25;0;22;0;0;;0;372.75;0;35;0;0
181;La Ramiere;Gallia;Adria;0;14;0;25;0;0;0;85;0;29;0;0;0;203.5;0;28;0;0;0;70.25;0;22;0;0;;0;372.75;0;35;0;0
182;Lyon;Gallia;Italy;160.25;541.46;29.59590736;25;1.183836294;1.2;38.49;268.06;14.35872566;29;0.495128471;0.5;0;0;0;28;0;0;0;0;0;22;0;0;;198.74;809.52;24.55035083;35;0.701438595;0.7
183;Lyon;Gallia;Baetica;163.06;541.46;30.1148746;25;1.204594984;1.2;97.14;268.06;36.23815564;29;1.249591574;1.2;0;0;0;28;0;0;0;0;0;22;0;0;;260.2;809.52;32.1425042;35;0.918357263;0.9
184;Lyon;Gallia;Tarraconensis;45.1;541.46;8.329331807;25;0.333173272;0.3;38.94;268.06;14.52659852;29;0.50091719;0.5;0;0;0;28;0;0;0;0;0;22;0;0;;84.04;809.52;10.38146062;35;0.296613161;0.3
185;Lyon;Gallia;North Africa;0;541.46;0;25;0;0;0;268.06;0;29;0;0;0;0;0;28;0;0;0;0;0;22;0;0;;0;809.52;0;35;0;0
186;Lyon;Gallia;Iberian Peninsula;0;541.46;0;25;0;0;0;268.06;0;29;0;0;0;0;0;28;0;0;0;0;0;22;0;0;;0;809.52;0;35;0;0
187;Lyon;Gallia;Aegean;0;541.46;0;25;0;0;0;268.06;0;29;0;0;0;0;0;28;0;0;0;0;0;22;0;0;;0;809.52;0;35;0;0
188;Lyon;Gallia;Western Mediterranean;0;541.46;0;25;0;0;0;268.06;0;29;0;0;0;0;0;28;0;0;0;0;0;22;0;0;;0;809.52;0;35;0;0
189;Lyon;Gallia;Eastern Mediterranean;75.64;541.46;13.96963765;25;0.558785506;0.6;47.68;268.06;17.7870626;29;0.613346986;0.6;0;0;0;28;0;0;0;0;0;22;0;0;;123.32;809.52;15.23371875;35;0.435249107;0.4
190;Lyon;Gallia;unknown;97.41;541.46;17.99024859;25;0.719609943;0.7;45.81;268.06;17.08945758;29;0.589291641;0.6;0;0;0;28;0;0;0;0;0;22;0;0;;143.22;809.52;17.69196561;35;0.505484732;0.5
191;Lyon;Gallia;Pontic Sea;0;541.46;0;25;0;0;0;268.06;0;29;0;0;0;0;0;28;0;0;0;0;0;22;0;0;;0;809.52;0;35;0;0
192;Lyon;Gallia;Egypt;0;541.46;0;25;0;0;0;268.06;0;29;0;0;0;0;0;28;0;0;0;0;0;22;0;0;;0;809.52;0;35;0;0
194;Lyon;Gallia;Adria;0;541.46;0;25;0;0;0;268.06;0;29;0;0;0;0;0;28;0;0;0;0;0;22;0;0;;0;809.52;0;35;0;0
195;Narbonne;Gallia;Italy;768.8;1354.9;56.742195;25;2.2696878;2.3;36.25;388.75;9.324758842;29;0.321543408;0.3;0.25;0.75;33.33333333;28;1.19047619;1.2;0;0;0;22;0;0;;805.3;1744.4;46.16487044;35;1.318996298;1.3
196;Narbonne;Gallia;Baetica;83.4;1354.9;6.155435826;25;0.246217433;0.2;51.75;388.75;13.31189711;29;0.459030935;0.5;0.25;0.75;33.33333333;28;1.19047619;1.2;0;0;0;22;0;0;;135.4;1744.4;7.761981197;35;0.221770891;0.2
197;Narbonne;Gallia;Tarraconensis;296;1354.9;21.84663075;25;0.87386523;0.9;248;388.75;63.79421222;29;2.199800421;2.2;0;0.75;0;28;0;0;0;0;0;22;0;0;;544;1744.4;31.18550791;35;0.891014512;0.9
198;Narbonne;Gallia;North Africa;96.5;1354.9;7.122296848;25;0.284891874;0.3;5.5;388.75;1.414790997;29;0.048785896;0;0;0.75;0;28;0;0;0;0;0;22;0;0;;102;1744.4;5.847282733;35;0.167065221;0.2
199;Narbonne;Gallia;Iberian Peninsula;0;1354.9;0;25;0;0;0;388.75;0;29;0;0;0;0.75;0;28;0;0;0;0;0;22;0;0;;0;1744.4;0;35;0;0
200;Narbonne;Gallia;Aegean;2.5;1354.9;0.184515462;25;0.007380618;0;1.125;388.75;0.289389068;29;0.009978933;0;0.125;0.75;16.66666667;28;0.595238095;0.6;0;0;0;22;0;0;;3.75;1744.4;0.21497363;35;0.006142104;0
201;Narbonne;Gallia;Western Mediterranean;0;1354.9;0;25;0;0;0;388.75;0;29;0;0;0;0.75;0;28;0;0;0;0;0;22;0;0;;0;1744.4;0;35;0;0
202;Narbonne;Gallia;Eastern Mediterranean;2.5;1354.9;0.184515462;25;0.007380618;0;1.125;388.75;0.289389068;29;0.009978933;0;0.125;0.75;16.66666667;28;0.595238095;0.6;0;0;0;22;0;0;;3.75;1744.4;0.21497363;35;0.006142104;0
203;Narbonne;Gallia;unknown;105.2;1354.9;7.764410658;25;0.310576426;0.3;45;388.75;11.5755627;29;0.399157335;0.4;0;0.75;0;28;0;0;0;0;0;22;0;0;;150.2;1744.4;8.610410456;35;0.246011727;0.2
204;Narbonne;Gallia;Pontic Sea;0;1354.9;0;25;0;0;0;388.75;0;29;0;0;0;0.75;0;28;0;0;0;0;0;22;0;0;;0;1744.4;0;35;0;0
205;Narbonne;Gallia;Egypt;0;1354.9;0;25;0;0;0;388.75;0;29;0;0;0;0.75;0;28;0;0;0;0;0;22;0;0;;0;1744.4;0;35;0;0
207;Narbonne;Gallia;Adria;0;1354.9;0;25;0;0;0;388.75;0;29;0;0;0;0.75;0;28;0;0;0;0;0;22;0;0;;0;1744.4;0;35;0;0
208;Nimes;Gallia;Italy;11;190;5.789473684;25;0.231578947;0.2;11;190;5.789473684;29;0.199637024;0.2;0;265.5;0;28;0;0;4.5;424.25;1.060695345;22;0.048213425;0;;26.5;1069.75;2.477214302;35;0.070777551;0.1
209;Nimes;Gallia;Baetica;0;190;0;25;0;0;0;190;0;29;0;0;0;265.5;0;28;0;0;0;424.25;0;22;0;0;;0;1069.75;0;35;0;0
210;Nimes;Gallia;Tarraconensis;0;190;0;25;0;0;0;190;0;29;0;0;0;265.5;0;28;0;0;0;424.25;0;22;0;0;;0;1069.75;0;35;0;0
211;Nimes;Gallia;North Africa;0;190;0;25;0;0;0;190;0;29;0;0;0;265.5;0;28;0;0;0;424.25;0;22;0;0;;0;1069.75;0;35;0;0
212;Nimes;Gallia;Iberian Peninsula;115.5;190;60.78947368;25;2.431578947;2.4;0;190;0;29;0;0;188.5;265.5;70.99811676;28;2.535647027;2.5;314;424.25;74.01296405;22;3.364225639;3.4;;618;1069.75;57.77050713;35;1.650585918;1.7
213;Nimes;Gallia;Aegean;0.5;190;0.263157895;25;0.010526316;0;115.5;190;60.78947368;29;2.096188748;2.1;1;265.5;0.376647834;28;0.013451708;0;1;424.25;0.235710077;22;0.010714094;0;;118;1069.75;11.03061463;35;0.315160418;0.3
214;Nimes;Gallia;Western Mediterranean;0;190;0;25;0;0;0.5;190;0.263157895;29;0.00907441;0;0;265.5;0;28;0;0;0;424.25;0;22;0;0;;0.5;1069.75;0.046739892;35;0.001335425;0
215;Nimes;Gallia;Eastern Mediterranean;0;190;0;25;0;0;0;190;0;29;0;0;0;265.5;0;28;0;0;0;424.25;0;22;0;0;;0;1069.75;0;35;0;0
216;Nimes;Gallia;unknown;63;190;33.15789474;25;1.326315789;1.3;63;190;33.15789474;29;1.143375681;1.1;76;265.5;28.6252354;28;1.022329836;1;104.75;424.25;24.69063052;22;1.122301387;1.1;;306.75;1069.75;28.67492405;35;0.819283544;0.8
217;Nimes;Gallia;Pontic Sea;0;190;0;25;0;0;0;190;0;29;0;0;0;265.5;0;28;0;0;0;424.25;0;22;0;0;;0;1069.75;0;35;0;0
218;Nimes;Gallia;Egypt;0;190;0;25;0;0;0;190;0;29;0;0;0;265.5;0;28;0;0;0;424.25;0;22;0;0;;0;1069.75;0;35;0;0
220;Nimes;Gallia;Adria;0;190;0;25;0;0;0;190;0;29;0;0;0;265.5;0;28;0;0;0;424.25;0;22;0;0;;0;1069.75;0;35;0;0
221;Toulon;Gallia;Italy;0;0;0;25;0;0;0;0;0;29;0;0;17;146;11.64383562;28;0.415851272;0.4;6;117.5;5.106382979;22;0.232108317;0.2;;23;263.5;8.728652751;35;0.249390079;0.2
222;Toulon;Gallia;Baetica;0;0;0;25;0;0;0;0;0;29;0;0;0;146;0;28;0;0;0;117.5;0;22;0;0;;0;263.5;0;35;0;0
223;Toulon;Gallia;Tarraconensis;0;0;0;25;0;0;0;0;0;29;0;0;0;146;0;28;0;0;0;117.5;0;22;0;0;;0;263.5;0;35;0;0
224;Toulon;Gallia;North Africa;0;0;0;25;0;0;0;0;0;29;0;0;21;146;14.38356164;28;0.51369863;0.5;12;117.5;10.21276596;22;0.464216634;0.5;;33;263.5;12.52371917;35;0.357820548;0.4
225;Toulon;Gallia;Iberian Peninsula;0;0;0;25;0;0;0;0;0;29;0;0;93;146;63.69863014;28;2.274951076;2.3;66.5;117.5;56.59574468;22;2.572533849;2.6;;159.5;263.5;60.5313093;35;1.72946598;1.7
226;Toulon;Gallia;Aegean;0;0;0;25;0;0;0;0;0;29;0;0;0;146;0;28;0;0;0;117.5;0;22;0;0;;0;263.5;0;35;0;0
227;Toulon;Gallia;Western Mediterranean;0;0;0;25;0;0;0;0;0;29;0;0;0;146;0;28;0;0;0;117.5;0;22;0;0;;0;263.5;0;35;0;0
228;Toulon;Gallia;Eastern Mediterranean;0;0;0;25;0;0;0;0;0;29;0;0;11;146;7.534246575;28;0.269080235;0.3;21.5;117.5;18.29787234;22;0.83172147;0.8;;32.5;263.5;12.33396584;35;0.352399024;0.4
229;Toulon;Gallia;unknown;0;0;0;25;0;0;0;0;0;29;0;0;4;146;2.739726027;28;0.097847358;0.1;11.5;117.5;9.787234043;22;0.444874275;0.4;;15.5;263.5;5.882352941;35;0.168067227;0.2
230;Toulon;Gallia;Pontic Sea;0;0;0;25;0;0;0;0;0;29;0;0;0;146;0;28;0;0;0;117.5;0;22;0;0;;0;263.5;0;35;0;0
231;Toulon;Gallia;Egypt;0;0;0;25;0;0;0;0;0;29;0;0;0;146;0;28;0;0;0;117.5;0;22;0;0;;0;263.5;0;35;0;0
233;Toulon;Gallia;Adria;0;0;0;25;0;0;0;0;0;29;0;0;0;146;0;28;0;0;0;117.5;0;22;0;0;;0;263.5;0;35;0;0
234;Vienne;Gallia;Italy;165.89;273.895;60.5670056;25;2.422680224;2.4;161.5;352.645;45.79676445;29;1.579198774;1.6;0;0;0;28;0;0;0;0;0;22;0;0;;327.39;626.54;52.25364701;35;1.492961343;1.5
235;Vienne;Gallia;Baetica;54.49;273.895;19.89448511;25;0.795779405;0.8;95.25;352.645;27.01016603;29;0.931385036;0.9;0;0;0;28;0;0;0;0;0;22;0;0;;149.74;626.54;23.8995116;35;0.682843189;0.7
236;Vienne;Gallia;Tarraconensis;17.965;273.895;6.55908286;25;0.262363314;0.3;46.305;352.645;13.1307689;29;0.452785135;0.5;0;0;0;28;0;0;0;0;0;22;0;0;;64.27;626.54;10.25792447;35;0.293083556;0.3
237;Vienne;Gallia;North Africa;0;273.895;0;25;0;0;0;352.645;0;29;0;0;0;0;0;28;0;0;0;0;0;22;0;0;;0;626.54;0;35;0;0
238;Vienne;Gallia;Iberian Peninsula;0;273.895;0;25;0;0;0;352.645;0;29;0;0;0;0;0;28;0;0;0;0;0;22;0;0;;0;626.54;0;35;0;0
239;Vienne;Gallia;Aegean;0;273.895;0;25;0;0;0;352.645;0;29;0;0;0;0;0;28;0;0;0;0;0;22;0;0;;0;626.54;0;35;0;0
240;Vienne;Gallia;Western Mediterranean;0;273.895;0;25;0;0;0;352.645;0;29;0;0;0;0;0;28;0;0;0;0;0;22;0;0;;0;626.54;0;35;0;0
241;Vienne;Gallia;Eastern Mediterranean;19.67;273.895;7.181584184;25;0.287263367;0.3;17.11;352.645;4.85190489;29;0.167307065;0.2;0;0;0;28;0;0;0;0;0;22;0;0;;36.78;626.54;5.870335493;35;0.167723871;0.2
242;Vienne;Gallia;unknown;15.88;273.895;5.797842239;25;0.23191369;0.2;32.48;352.645;9.210395724;29;0.317599853;0.3;0;0;0;28;0;0;0;0;0;22;0;0;;48.36;626.54;7.718581415;35;0.220530898;0.2
243;Vienne;Gallia;Pontic Sea;0;273.895;0;25;0;0;0;352.645;0;29;0;0;0;0;0;28;0;0;0;0;0;22;0;0;;0;626.54;0;35;0;0
244;Vienne;Gallia;Egypt;0;273.895;0;25;0;0;0;352.645;0;29;0;0;0;0;0;28;0;0;0;0;0;22;0;0;;0;626.54;0;35;0;0
246;Vienne;Gallia;Adria;0;273.895;0;25;0;0;0;352.645;0;29;0;0;0;0;0;28;0;0;0;0;0;22;0;0;;0;626.54;0;35;0;0
247;Sparta;Aegean;Italy;0;0;0;25;0;0;0;1;0;29;0;0;0;1;0;28;0;0;0;1.5;0;22;0;0;;0;3.5;0;35;0;0
248;Sparta;Aegean;Baetica;0;0;0;25;0;0;0;1;0;29;0;0;0;1;0;28;0;0;0;1.5;0;22;0;0;;0;3.5;0;35;0;0
249;Sparta;Aegean;Tarraconensis;0;0;0;25;0;0;0;1;0;29;0;0;0;1;0;28;0;0;0;1.5;0;22;0;0;;0;3.5;0;35;0;0
250;Sparta;Aegean;North Africa;0;0;0;25;0;0;0;1;0;29;0;0;0;1;0;28;0;0;0;1.5;0;22;0;0;;0;3.5;0;35;0;0
251;Sparta;Aegean;Iberian Peninsula;0;0;0;25;0;0;0;1;0;29;0;0;0;1;0;28;0;0;0;1.5;0;22;0;0;;0;3.5;0;35;0;0
253;Sparta;Aegean;Western Mediterranean;0;0;0;25;0;0;0;1;0;29;0;0;0;1;0;28;0;0;0;1.5;0;22;0;0;;0;3.5;0;35;0;0
254;Sparta;Aegean;Eastern Mediterranean;0;0;0;25;0;0;0;1;0;29;0;0;0;1;0;28;0;0;0;1.5;0;22;0;0;;0;3.5;0;35;0;0
255;Sparta;Aegean;unknown;0;0;0;25;0;0;1;1;100;29;3.448275862;3.4;1;1;100;28;3.571428571;3.6;0;1.5;0;22;0;0;;2;3.5;57.14285714;35;1.632653061;1.6
256;Sparta;Aegean;Pontic Sea;0;0;0;25;0;0;0;1;0;29;0;0;0;1;0;28;0;0;0;1.5;0;22;0;0;;0;3.5;0;35;0;0
257;Sparta;Aegean;Egypt;0;0;0;25;0;0;0;1;0;29;0;0;0;1;0;28;0;0;0;1.5;0;22;0;0;;0;3.5;0;35;0;0
258;Sparta;Aegean;Gallia;0;0;0;25;0;0;0;1;0;29;0;0;0;1;0;28;0;0;0;1.5;0;22;0;0;;0;3.5;0;35;0;0
259;Sparta;Aegean;Adria;0;0;0;25;0;0;0;1;0;29;0;0;0;1;0;28;0;0;1.5;1.5;100;22;4.545454545;4.5;;1.5;3.5;42.85714286;35;1.224489796;1.2
261;Albintimilium;Italy;Baetica;75;172;43.60465116;25;1.744186047;1.7;30;61;49.18032787;29;1.695873375;1.7;0;0;0;28;0;0;0;0;0;22;0;0;;105;233;45.06437768;35;1.287553648;1.3
262;Albintimilium;Italy;Tarraconensis;20;172;11.62790698;25;0.465116279;0.5;6;61;9.836065574;29;0.339174675;0.3;0;0;0;28;0;0;0;0;0;22;0;0;;26;233;11.15879828;35;0.318822808;0.3
263;Albintimilium;Italy;North Africa;0;172;0;25;0;0;0;61;0;29;0;0;0;0;0;28;0;0;0;0;0;22;0;0;;0;233;0;35;0;0
264;Albintimilium;Italy;Iberian Peninsula;0;172;0;25;0;0;0;61;0;29;0;0;0;0;0;28;0;0;0;0;0;22;0;0;;0;233;0;35;0;0
265;Albintimilium;Italy;Aegean;3;172;1.744186047;25;0.069767442;0.1;0;61;0;29;0;0;0;0;0;28;0;0;0;0;0;22;0;0;;3;233;1.287553648;35;0.036787247;0
266;Albintimilium;Italy;Western Mediterranean;15;172;8.720930233;25;0.348837209;0.3;6;61;9.836065574;29;0.339174675;0.3;0;0;0;28;0;0;0;0;0;22;0;0;;21;233;9.012875536;35;0.25751073;0.3
267;Albintimilium;Italy;Eastern Mediterranean;0;172;0;25;0;0;0;61;0;29;0;0;0;0;0;28;0;0;0;0;0;22;0;0;;0;233;0;35;0;0
268;Albintimilium;Italy;unknown;12;172;6.976744186;25;0.279069767;0.3;6;61;9.836065574;29;0.339174675;0.3;0;0;0;28;0;0;0;0;0;22;0;0;;18;233;7.725321888;35;0.220723483;0.2
269;Albintimilium;Italy;Pontic Sea;0;172;0;25;0;0;0;61;0;29;0;0;0;0;0;28;0;0;0;0;0;22;0;0;;0;233;0;35;0;0
270;Albintimilium;Italy;Egypt;0;172;0;25;0;0;0;61;0;29;0;0;0;0;0;28;0;0;0;0;0;22;0;0;;0;233;0;35;0;0
271;Albintimilium;Italy;Gallia;47;172;27.3255814;25;1.093023256;1.1;13;61;21.31147541;29;0.734878462;0.7;0;0;0;28;0;0;0;0;0;22;0;0;;60;233;25.75107296;35;0.735744942;0.7
272;Albintimilium;Italy;Adria;0;172;0;25;0;0;0;61;0;29;0;0;0;0;0;28;0;0;0;0;0;22;0;0;;0;233;0;35;0;0
274;Cosa;Italy;Baetica;6;26.25;22.85714286;25;0.914285714;0.9;3.75;10.25;36.58536585;29;1.26156434;1.3;0.75;4.5;16.66666667;28;0.595238095;0.6;0.75;1.5;50;22;2.272727273;2.3;;11.25;42.5;26.47058824;35;0.756302521;0.8
275;Cosa;Italy;Tarraconensis;1.75;26.25;6.666666667;25;0.266666667;0.3;0.25;10.25;2.43902439;29;0.084104289;0.1;0;4.5;0;28;0;0;0;1.5;0;22;0;0;;2;42.5;4.705882353;35;0.134453782;0.1
276;Cosa;Italy;North Africa;3;26.25;11.42857143;25;0.457142857;0.5;2.5;10.25;24.3902439;29;0.841042893;0.8;3.5;4.5;77.77777778;28;2.777777778;2.8;0.5;1.5;33.33333333;22;1.515151515;1.5;;9.5;42.5;22.35294118;35;0.638655462;0.6
277;Cosa;Italy;Iberian Peninsula;0;26.25;0;25;0;0;0;10.25;0;29;0;0;0;4.5;0;28;0;0;0;1.5;0;22;0;0;;0;42.5;0;35;0;0
278;Cosa;Italy;Aegean;8.75;26.25;33.33333333;25;1.333333333;1.3;1.25;10.25;12.19512195;29;0.420521447;0.4;0;4.5;0;28;0;0;0;1.5;0;22;0;0;;10;42.5;23.52941176;35;0.672268908;0.7
279;Cosa;Italy;Western Mediterranean;0;26.25;0;25;0;0;0;10.25;0;29;0;0;0;4.5;0;28;0;0;0;1.5;0;22;0;0;;0;42.5;0;35;0;0
280;Cosa;Italy;Eastern Mediterranean;0;26.25;0;25;0;0;0;10.25;0;29;0;0;0;4.5;0;28;0;0;0;1.5;0;22;0;0;;0;42.5;0;35;0;0
281;Cosa;Italy;unknown;5;26.25;19.04761905;25;0.761904762;0.8;2.25;10.25;21.95121951;29;0.756938604;0.8;0.25;4.5;5.555555556;28;0.198412698;0.2;0.25;1.5;16.66666667;22;0.757575758;0.8;;7.75;42.5;18.23529412;35;0.521008403;0.5
282;Cosa;Italy;Pontic Sea;0;26.25;0;25;0;0;0;10.25;0;29;0;0;0;4.5;0;28;0;0;0;1.5;0;22;0;0;;0;42.5;0;35;0;0
283;Cosa;Italy;Egypt;0;26.25;0;25;0;0;0;10.25;0;29;0;0;0;4.5;0;28;0;0;0;1.5;0;22;0;0;;0;42.5;0;35;0;0
284;Cosa;Italy;Gallia;1.75;26.25;6.666666667;25;0.266666667;0.3;0.25;10.25;2.43902439;29;0.084104289;0.1;0;4.5;0;28;0;0;0;1.5;0;22;0;0;;2;42.5;4.705882353;35;0.134453782;0.1
285;Cosa;Italy;Adria;0;0;0;25;0;0;0;10.25;0;29;0;0;0;4.5;0;28;0;0;0;1.5;0;22;0;0;;0;16.25;0;35;0;0
287;Monte Iato;Italy;Baetica;0;0;0;25;0;0;0;5.75;0;29;0;0;0;4.75;0;28;0;0;0;0;0;22;0;0;;0;10.5;0;35;0;0
288;Monte Iato;Italy;Tarraconensis;0;0;0;25;0;0;0;5.75;0;29;0;0;0;4.75;0;28;0;0;0;0;0;22;0;0;;0;10.5;0;35;0;0
289;Monte Iato;Italy;North Africa;0;0;0;25;0;0;1;5.75;17.39130435;29;0.59970015;0.6;1;4.75;21.05263158;28;0.751879699;0.8;0;0;0;22;0;0;;2;10.5;19.04761905;35;0.544217687;0.5
290;Monte Iato;Italy;Iberian Peninsula;0;0;0;25;0;0;1.5;5.75;26.08695652;29;0.899550225;0.9;0.5;4.75;10.52631579;28;0.37593985;0.4;0;0;0;22;0;0;;2;10.5;19.04761905;35;0.544217687;0.5
291;Monte Iato;Italy;Aegean;0;0;0;25;0;0;0.75;5.75;13.04347826;29;0.449775112;0.4;0.75;4.75;15.78947368;28;0.563909774;0.6;0;0;0;22;0;0;;1.5;10.5;14.28571429;35;0.408163265;0.4
292;Monte Iato;Italy;Western Mediterranean;0;0;0;25;0;0;0;5.75;0;29;0;0;0;4.75;0;28;0;0;0;0;0;22;0;0;;0;10.5;0;35;0;0
293;Monte Iato;Italy;Eastern Mediterranean;0;0;0;25;0;0;0;5.75;0;29;0;0;0;4.75;0;28;0;0;0;0;0;22;0;0;;0;10.5;0;35;0;0
294;Monte Iato;Italy;unknown;0;0;0;25;0;0;2.5;5.75;43.47826087;29;1.499250375;1.5;2.5;4.75;52.63157895;28;1.879699248;1.9;0;0;0;22;0;0;;5;10.5;47.61904762;35;1.360544218;1.4
295;Monte Iato;Italy;Pontic Sea;0;0;0;25;0;0;0;5.75;0;29;0;0;0;4.75;0;28;0;0;0;0;0;22;0;0;;0;10.5;0;35;0;0
296;Monte Iato;Italy;Egypt;0;0;0;25;0;0;0;5.75;0;29;0;0;0;4.75;0;28;0;0;0;0;0;22;0;0;;0;10.5;0;35;0;0
297;Monte Iato;Italy;Gallia;0;0;0;25;0;0;0;5.75;0;29;0;0;0;4.75;0;28;0;0;0;0;0;22;0;0;;0;10.5;0;35;0;0
298;Monte Iato;Italy;Adria;0;0;0;25;0;0;0;5.75;0;29;0;0;0;4.75;0;28;0;0;0;0;0;22;0;0;;0;10.5;0;35;0;0
300;Ostia;Italy;Baetica;0;4;0;25;0;0;0;154;0;29;0;0;0;1251;0;28;0;0;0;863.1;0;22;0;0;;0;2272.1;0;35;0;0
301;Ostia;Italy;Tarraconensis;0;4;0;25;0;0;0;154;0;29;0;0;0;1251;0;28;0;0;0;863.1;0;22;0;0;;0;2272.1;0;35;0;0
302;Ostia;Italy;North Africa;1;4;25;25;1;1;2.5;154;1.623376623;29;0.055978504;0.1;204;1251;16.30695444;28;0.58239123;0.6;10.5;863.1;1.216545012;22;0.055297501;0.1;;218;2272.1;9.594648123;35;0.274132804;0.3
303;Ostia;Italy;Iberian Peninsula;1.5;4;37.5;25;1.5;1.5;71.5;154;46.42857143;29;1.600985222;1.6;556.5;1251;44.48441247;28;1.588729017;1.6;391.8;863.1;45.39450817;22;2.063386735;2.1;;1021.3;2272.1;44.94960609;35;1.28427446;1.3
304;Ostia;Italy;Aegean;0.5;4;12.5;25;0.5;0.5;19;154;12.33766234;29;0.425436632;0.4;97;1251;7.753796962;28;0.27692132;0.3;113.9;863.1;13.19661685;22;0.59984622;0.6;;230.4;2272.1;10.14039875;35;0.289725679;0.3
305;Ostia;Italy;Western Mediterranean;0;4;0;25;0;0;0;154;0;29;0;0;2.5;1251;0.199840128;28;0.007137147;0;2.5;863.1;0.289653574;22;0.013166072;0;;5;2272.1;0.220060737;35;0.00628745;0
306;Ostia;Italy;Eastern Mediterranean;0;4;0;25;0;0;0;154;0;29;0;0;17;1251;1.35891287;28;0.048532602;0;9.6;863.1;1.112269725;22;0.050557715;0.1;;26.6;2272.1;1.17072312;35;0.033449232;0
307;Ostia;Italy;unknown;1;4;25;25;1;1;11.5;154;7.467532468;29;0.25750112;0.3;106;1251;8.473221423;28;0.302615051;0.3;95.3;863.1;11.04159425;22;0.501890648;0.5;;213.8;2272.1;9.409797104;35;0.268851346;0.3
308;Ostia;Italy;Pontic Sea;0;4;0;25;0;0;0;154;0;29;0;0;0;1251;0;28;0;0;0;863.1;0;22;0;0;;0;2272.1;0;35;0;0
309;Ostia;Italy;Egypt;0;4;0;25;0;0;0;154;0;29;0;0;0;1251;0;28;0;0;0;863.1;0;22;0;0;;0;2272.1;0;35;0;0
310;Ostia;Italy;Gallia;0;4;0;25;0;0;49.5;154;32.14285714;29;1.108374384;1.1;268;1251;21.42286171;28;0.765102204;0.8;239.5;863.1;27.74881242;22;1.261309655;1.3;;557;2272.1;24.51476608;35;0.700421888;0.7
311;Ostia;Italy;Adria;0;4;0;25;0;0;0;154;0;29;0;0;0;1251;0;28;0;0;0;863.1;0;22;0;0;;0;2272.1;0;35;0;0
313;Padova;Italy;Baetica;1;51.6665;1.935490114;25;0.077419605;0.1;41;98.6665;41.55412425;29;1.432900836;1.4;1;54.6665;1.82927387;28;0.06533121;0.1;0;0;0;22;0;0;;43;204.9995;20.97566092;35;0.599304598;0.6
314;Padova;Italy;Tarraconensis;0;51.6665;0;25;0;0;0;98.6665;0;29;0;0;0;54.6665;0;28;0;0;0;0;0;22;0;0;;0;204.9995;0;35;0;0
315;Padova;Italy;North Africa;0;51.6665;0;25;0;0;0;98.6665;0;29;0;0;0;54.6665;0;28;0;0;0;0;0;22;0;0;;0;204.9995;0;35;0;0
316;Padova;Italy;Iberian Peninsula;0;51.6665;0;25;0;0;0;98.6665;0;29;0;0;0;54.6665;0;28;0;0;0;0;0;22;0;0;;0;204.9995;0;35;0;0
317;Padova;Italy;Aegean;0.6666;51.6665;1.29019771;25;0.051607908;0.1;0.6666;98.6665;0.675609249;29;0.023296871;0;0.6666;54.6665;1.219393962;28;0.043549784;0;0;0;0;22;0;0;;1.9998;204.9995;0.975514574;35;0.027871845;0
318;Padova;Italy;Western Mediterranean;0;51.6665;0;25;0;0;0;98.6665;0;29;0;0;0;54.6665;0;28;0;0;0;0;0;22;0;0;;0;204.9995;0;35;0;0
319;Padova;Italy;Eastern Mediterranean;0;51.6665;0;25;0;0;0;98.6665;0;29;0;0;0;54.6665;0;28;0;0;0;0;0;22;0;0;;0;204.9995;0;35;0;0
320;Padova;Italy;unknown;1.8333;51.6665;3.548334027;25;0.141933361;0.1;0.8333;98.6665;0.844562237;29;0.029122836;0;1.3333;54.6665;2.438970851;28;0.087106102;0.1;0;0;0;22;0;0;;3.9999;204.9995;1.951175491;35;0.055747871;0.1
321;Padova;Italy;Pontic Sea;0;51.6665;0;25;0;0;0;98.6665;0;29;0;0;0;54.6665;0;28;0;0;0;0;0;22;0;0;;0;204.9995;0;35;0;0
322;Padova;Italy;Egypt;0;51.6665;0;25;0;0;0;98.6665;0;29;0;0;0;54.6665;0;28;0;0;0;0;0;22;0;0;;0;204.9995;0;35;0;0
323;Padova;Italy;Gallia;0;51.6665;0;25;0;0;0;98.6665;0;29;0;0;0;54.6665;0;28;0;0;0;0;0;22;0;0;;0;204.9995;0;35;0;0
324;Padova;Italy;Adria;48.1666;51.6665;93.22597815;25;3.729039126;3.7;56.1666;98.6665;56.92570427;29;1.96295532;2;51.6666;54.6665;94.51236132;28;3.375441476;3.4;0;0;0;22;0;0;;155.9998;204.9995;76.09764902;35;2.174218543;2.2
326;Pompeii;Italy;Baetica;0;62.1798;0;25;0;0;0;39.2798;0;29;0;0;0;36.5798;0;28;0;0;0;0;0;22;0;0;;0;138.0394;0;35;0;0
327;Pompeii;Italy;Tarraconensis;0;62.1798;0;25;0;0;0;39.2798;0;29;0;0;0;36.5798;0;28;0;0;0;0;0;22;0;0;;0;138.0394;0;35;0;0
328;Pompeii;Italy;North Africa;21.2866;62.1798;34.23394736;25;1.369357894;1.4;10.4866;39.2798;26.69718278;29;0.92059251;0.9;9.2366;36.5798;25.25054812;28;0.90180529;0.9;0;0;0;22;0;0;;41.0098;138.0394;29.70876431;35;0.848821837;0.8
329;Pompeii;Italy;Iberian Peninsula;4.5466;62.1798;7.312020946;25;0.292480838;0.3;3.2966;39.2798;8.392608924;29;0.289400308;0.3;3.2966;36.5798;9.012077704;28;0.321859918;0.3;0;0;0;22;0;0;;11.1398;138.0394;8.070014793;35;0.230571851;0.2
330;Pompeii;Italy;Aegean;0;62.1798;0;25;0;0;0;39.2798;0;29;0;0;0;36.5798;0;28;0;0;0;0;0;22;0;0;;0;138.0394;0;35;0;0
331;Pompeii;Italy;Western Mediterranean;0;62.1798;0;25;0;0;0;39.2798;0;29;0;0;0;36.5798;0;28;0;0;0;0;0;22;0;0;;0;138.0394;0;35;0;0
332;Pompeii;Italy;Eastern Mediterranean;14.7333;62.1798;23.69467255;25;0.947786902;0.9;5.7833;39.2798;14.72334381;29;0.507701511;0.5;5.1333;36.5798;14.03315491;28;0.501184104;0.5;0;0;0;22;0;0;;25.6499;138.0394;18.58157888;35;0.530902254;0.5
333;Pompeii;Italy;unknown;21.6133;62.1798;34.75935915;25;1.390374366;1.4;19.7133;39.2798;50.1868645;29;1.730581534;1.7;18.9133;36.5798;51.70421927;28;1.84657926;1.8;0;0;0;22;0;0;;60.2399;138.0394;43.63964202;35;1.246846915;1.2
334;Pompeii;Italy;Pontic Sea;0;62.1798;0;25;0;0;0;39.2798;0;29;0;0;0;36.5798;0;28;0;0;0;0;0;22;0;0;;0;138.0394;0;35;0;0
335;Pompeii;Italy;Egypt;0;62.1798;0;25;0;0;0;39.2798;0;29;0;0;0;36.5798;0;28;0;0;0;0;0;22;0;0;;0;138.0394;0;35;0;0
336;Pompeii;Italy;Gallia;0;62.1798;0;25;0;0;0;39.2798;0;29;0;0;0;36.5798;0;28;0;0;0;0;0;22;0;0;;0;138.0394;0;35;0;0
337;Pompeii;Italy;Adria;0;62.1798;0;25;0;0;0;39.2798;0;29;0;0;0;36.5798;0;28;0;0;0;0;0;22;0;0;;0;138.0394;0;35;0;0
339;Rome;Italy;Baetica;0;0;0;25;0;0;0;0;0;29;0;0;0;3043;0;28;0;0;0;626;0;22;0;0;;0;3669;0;35;0;0
340;Rome;Italy;Tarraconensis;0;0;0;25;0;0;0;0;0;29;0;0;100;3043;3.286230693;28;0.117365382;0.1;13.8;626;2.204472843;22;0.100203311;0.1;;113.8;3669;3.101662578;35;0.088618931;0.1
341;Rome;Italy;North Africa;0;0;0;25;0;0;0;0;0;29;0;0;243;3043;7.985540585;28;0.285197878;0.3;145.6;626;23.25878594;22;1.057217543;1.1;;388.6;3669;10.59144181;35;0.302612623;0.3
342;Rome;Italy;Iberian Peninsula;0;0;0;25;0;0;0;0;0;29;0;0;1115;3043;36.64147223;28;1.308624008;1.3;234.6;626;37.47603834;22;1.703456288;1.7;;1349.6;3669;36.78386481;35;1.050967566;1.1
343;Rome;Italy;Aegean;0;0;0;25;0;0;0;0;0;29;0;0;862;3043;28.32730858;28;1.011689592;1;126.6;626;20.22364217;22;0.919256462;0.9;;988.6;3669;26.94467157;35;0.769847759;0.8
344;Rome;Italy;Western Mediterranean;0;0;0;25;0;0;0;0;0;29;0;0;0;3043;0;28;0;0;0;626;0;22;0;0;;0;3669;0;35;0;0
345;Rome;Italy;Eastern Mediterranean;0;0;0;25;0;0;0;0;0;29;0;0;148;3043;4.863621426;28;0.173700765;0.2;9.8;626;1.565495208;22;0.071158873;0.1;;157.8;3669;4.300899428;35;0.122882841;0.1
346;Rome;Italy;unknown;0;0;0;25;0;0;0;0;0;29;0;0;288;3043;9.464344397;28;0.3380123;0.3;9.4;626;1.501597444;22;0.068254429;0.1;;297.4;3669;8.105750886;35;0.231592882;0.2
347;Rome;Italy;Pontic Sea;0;0;0;25;0;0;0;0;0;29;0;0;0;3043;0;28;0;0;0;626;0;22;0;0;;0;3669;0;35;0;0
348;Rome;Italy;Egypt;0;0;0;25;0;0;0;0;0;29;0;0;9;3043;0.295760762;28;0.010562884;0;1.8;626;0.287539936;22;0.013069997;0;;10.8;3669;0.294358136;35;0.008410232;0
349;Rome;Italy;Gallia;0;0;0;25;0;0;0;0;0;29;0;0;278;3043;9.135721328;28;0.326275762;0.3;84.4;626;13.48242812;22;0.612837642;0.6;;362.4;3669;9.877350777;35;0.282210022;0.3
350;Rome;Italy;Adria;0;0;0;25;0;0;0;0;0;29;0;0;0;3043;0;28;0;0;0;626;0;22;0;0;;0;3669;0;35;0;0
352;Settefinestre;Italy;Baetica;0;75.3331;0;25;0;0;0;26.3331;0;29;0;0;0;26.3331;0;28;0;0;0;145.9999;0;22;0;0;;0;273.9992;0;35;0;0
353;Settefinestre;Italy;Tarraconensis;0;75.3331;0;25;0;0;0;26.3331;0;29;0;0;0;26.3331;0;28;0;0;0;145.9999;0;22;0;0;;0;273.9992;0;35;0;0
354;Settefinestre;Italy;North Africa;2.6666;75.3331;3.539745477;25;0.141589819;0.1;2.6666;26.3331;10.12641884;29;0.349186857;0.3;2.6666;26.3331;10.12641884;28;0.361657816;0.4;4;145.9999;2.739727904;22;0.124533087;0.1;;11.9998;273.9992;4.379501838;35;0.125128624;0.1
355;Settefinestre;Italy;Iberian Peninsula;0.6666;75.3331;0.884869997;25;0.0353948;0;0.6666;26.3331;2.531414835;29;0.087290167;0.1;0.6666;26.3331;2.531414835;28;0.090407673;0.1;33.9999;145.9999;23.28761869;22;1.058528122;1.1;;35.9997;273.9992;13.138615;35;0.375389;0.4
356;Settefinestre;Italy;Aegean;1.6666;75.3331;2.212307737;25;0.088492309;0.1;0.6666;26.3331;2.531414835;29;0.087290167;0.1;0.6666;26.3331;2.531414835;28;0.090407673;0.1;2;145.9999;1.369863952;22;0.062266543;0.1;;4.9998;273.9992;1.824749853;35;0.05213571;0.1
357;Settefinestre;Italy;Western Mediterranean;0;75.3331;0;25;0;0;0;26.3331;0;29;0;0;0;26.3331;0;28;0;0;0;145.9999;0;22;0;0;;0;273.9992;0;35;0;0
358;Settefinestre;Italy;Eastern Mediterranean;0;75.3331;0;25;0;0;0;26.3331;0;29;0;0;0;26.3331;0;28;0;0;0;145.9999;0;22;0;0;;0;273.9992;0;35;0;0
359;Settefinestre;Italy;unknown;61.3333;75.3331;81.41613713;25;3.256645485;3.3;22.3333;26.3331;84.81075149;29;2.924508672;2.9;22.3333;26.3331;84.81075149;28;3.02895541;3;105;145.9999;71.91785748;22;3.268993522;3.3;;210.9999;273.9992;77.00748761;35;2.200213932;2.2
360;Settefinestre;Italy;Pontic Sea;0;75.3331;0;25;0;0;0;26.3331;0;29;0;0;0;26.3331;0;28;0;0;0;145.9999;0;22;0;0;;0;273.9992;0;35;0;0
361;Settefinestre;Italy;Egypt;0;75.3331;0;25;0;0;0;26.3331;0;29;0;0;0;26.3331;0;28;0;0;0;145.9999;0;22;0;0;;0;273.9992;0;35;0;0
362;Settefinestre;Italy;Gallia;0;75.3331;0;25;0;0;0;26.3331;0;29;0;0;0;26.3331;0;28;0;0;1;145.9999;0.684931976;22;0.031133272;0;;1;273.9992;0.364964569;35;0.010427559;0
363;Settefinestre;Italy;Adria;0;75.3331;0;25;0;0;0;26.3331;0;29;0;0;0;26.3331;0;28;0;0;0;145.9999;0;22;0;0;;0;273.9992;0;35;0;0
364;Berenike;North Africa;Italy;9;21.5;41.86046512;25;1.674418605;1.7;17;25.5;66.66666667;29;2.298850575;2.3;23;82;28.04878049;28;1.00174216;1;1;44;2.272727273;22;0.103305785;0.1;;50;173;28.9017341;35;0.825763832;0.8
365;Berenike;North Africa;Baetica;0;21.5;0;25;0;0;0;25.5;0;29;0;0;0;82;0;28;0;0;0;44;0;22;0;0;;0;173;0;35;0;0
366;Berenike;North Africa;Tarraconensis;0;21.5;0;25;0;0;0;25.5;0;29;0;0;0;82;0;28;0;0;0;44;0;22;0;0;;0;173;0;35;0;0
368;Berenike;North Africa;Iberian Peninsula;0;21.5;0;25;0;0;1;25.5;3.921568627;29;0.135226504;0.1;10;82;12.19512195;28;0.43554007;0.4;11;44;25;22;1.136363636;1.1;;22;173;12.71676301;35;0.363336086;0.4
369;Berenike;North Africa;Aegean;12;21.5;55.81395349;25;2.23255814;2.2;3;25.5;11.76470588;29;0.405679513;0.4;3;82;3.658536585;28;0.130662021;0.1;26;44;59.09090909;22;2.685950413;2.7;;44;173;25.43352601;35;0.726672172;0.7
370;Berenike;North Africa;Western Mediterranean;0.5;21.5;2.325581395;25;0.093023256;0.1;4.5;25.5;17.64705882;29;0.60851927;0.6;43;82;52.43902439;28;1.8728223;1.9;2;44;4.545454545;22;0.20661157;0.2;;50;173;28.9017341;35;0.825763832;0.8
371;Berenike;North Africa;Eastern Mediterranean;0;21.5;0;25;0;0;0;25.5;0;29;0;0;3;82;3.658536585;28;0.130662021;0.1;4;44;9.090909091;22;0.41322314;0.4;;7;173;4.046242775;35;0.115606936;0.1
372;Berenike;North Africa;unknown;0;21.5;0;25;0;0;0;25.5;0;29;0;0;0;82;0;28;0;0;0;44;0;22;0;0;;0;173;0;35;0;0
373;Berenike;North Africa;Pontic Sea;0;21.5;0;25;0;0;0;25.5;0;29;0;0;0;82;0;28;0;0;0;44;0;22;0;0;;0;173;0;35;0;0
374;Berenike;North Africa;Egypt;0;21.5;0;25;0;0;0;25.5;0;29;0;0;0;82;0;28;0;0;0;44;0;22;0;0;;0;173;0;35;0;0
375;Berenike;North Africa;Gallia;0;21.5;0;25;0;0;0;25.5;0;29;0;0;0;82;0;28;0;0;0;44;0;22;0;0;;0;173;0;35;0;0
376;Berenike;North Africa;Adria;0;21.5;0;25;0;0;0;25.5;0;29;0;0;0;82;0;28;0;0;0;44;0;22;0;0;;0;173;0;35;0;0
377;Carthage;North Africa;Italy;30704.5;40937;75.00427486;25;3.000170994;3;1037;6811;15.22537072;29;0.525012784;0.5;241.75;7325.75;3.300003413;28;0.117857265;0.1;201.25;5675;3.546255507;22;0.161193432;0.2;;32184.5;60748.75;52.97969094;35;1.513705455;1.5
378;Carthage;North Africa;Baetica;0;40937;0;25;0;0;0;6811;0;29;0;0;0;7325.75;0;28;0;0;0;5675;0;22;0;0;;0;60748.75;0;35;0;0
379;Carthage;North Africa;Tarraconensis;0;40937;0;25;0;0;0;6811;0;29;0;0;0;7325.75;0;28;0;0;0;5675;0;22;0;0;;0;60748.75;0;35;0;0
381;Carthage;North Africa;Iberian Peninsula;725;40937;1.771013997;25;0.07084056;0.1;225;6811;3.303479665;29;0.113913092;0.1;100;7325.75;1.365047947;28;0.048751712;0;0;5675;0;22;0;0;;1050;60748.75;1.728430626;35;0.049383732;0
382;Carthage;North Africa;Aegean;200;40937;0.488555585;25;0.019542223;0;0;6811;0;29;0;0;0;7325.75;0;28;0;0;0;5675;0;22;0;0;;200;60748.75;0.329224881;35;0.009406425;0
383;Carthage;North Africa;Western Mediterranean;0;40937;0;25;0;0;0;6811;0;29;0;0;0;7325.75;0;28;0;0;0;5675;0;22;0;0;;0;60748.75;0;35;0;0
384;Carthage;North Africa;Eastern Mediterranean;0;40937;0;25;0;0;0;6811;0;29;0;0;0;7325.75;0;28;0;0;0;5675;0;22;0;0;;0;60748.75;0;35;0;0
385;Carthage;North Africa;unknown;8882.5;40937;21.69797494;25;0.867918997;0.9;5524;6811;81.10409631;29;2.796692976;2.8;6984;7325.75;95.33494864;28;3.404819594;3.4;5473.75;5675;96.45374449;22;4.384261113;4.4;;26864.25;60748.75;44.22189757;35;1.263482788;1.3
386;Carthage;North Africa;Pontic Sea;0;40937;0;25;0;0;0;6811;0;29;0;0;0;7325.75;0;28;0;0;0;5675;0;22;0;0;;0;60748.75;0;35;0;0
387;Carthage;North Africa;Egypt;0;40937;0;25;0;0;0;6811;0;29;0;0;0;7325.75;0;28;0;0;0;5675;0;22;0;0;;0;60748.75;0;35;0;0
388;Carthage;North Africa;Gallia;425;40937;1.038180619;25;0.041527225;0;25;6811;0.367053296;29;0.01265701;0;0;7325.75;0;28;0;0;0;5675;0;22;0;0;;450;60748.75;0.740755983;35;0.021164457;0
389;Carthage;North Africa;Adria;0;40937;0;25;0;0;0;6811;0;29;0;0;0;7325.75;0;28;0;0;0;5675;0;22;0;0;;0;60748.75;0;35;0;0
390;Leptis Magna;North Africa;Italy;0;0;0;25;0;0;2.5;5.5;45.45454545;29;1.567398119;1.6;2.5;5.5;45.45454545;28;1.623376623;1.6;0;0;0;22;0;0;;5;11;45.45454545;35;1.298701299;1.3
391;Leptis Magna;North Africa;Baetica;0;0;0;25;0;0;0;5.5;0;29;0;0;0;5.5;0;28;0;0;0;0;0;22;0;0;;0;11;0;35;0;0
392;Leptis Magna;North Africa;Tarraconensis;0;0;0;25;0;0;0;5.5;0;29;0;0;0;5.5;0;28;0;0;0;0;0;22;0;0;;0;11;0;35;0;0
394;Leptis Magna;North Africa;Iberian Peninsula;0;0;0;25;0;0;1;5.5;18.18181818;29;0.626959248;0.6;1;5.5;18.18181818;28;0.649350649;0.6;0;0;0;22;0;0;;2;11;18.18181818;35;0.519480519;0.5
395;Leptis Magna;North Africa;Aegean;0;0;0;25;0;0;0.5;5.5;9.090909091;29;0.313479624;0.3;0.5;5.5;9.090909091;28;0.324675325;0.3;0;0;0;22;0;0;;1;11;9.090909091;35;0.25974026;0.3
396;Leptis Magna;North Africa;Western Mediterranean;0;0;0;25;0;0;0;5.5;0;29;0;0;0;5.5;0;28;0;0;0;0;0;22;0;0;;0;11;0;35;0;0
397;Leptis Magna;North Africa;Eastern Mediterranean;0;0;0;25;0;0;0.5;5.5;9.090909091;29;0.313479624;0.3;0.5;5.5;9.090909091;28;0.324675325;0.3;0;0;0;22;0;0;;1;11;9.090909091;35;0.25974026;0.3
398;Leptis Magna;North Africa;unknown;0;0;0;25;0;0;1;5.5;18.18181818;29;0.626959248;0.6;1;5.5;18.18181818;28;0.649350649;0.6;0;0;0;22;0;0;;2;11;18.18181818;35;0.519480519;0.5
399;Leptis Magna;North Africa;Pontic Sea;0;0;0;25;0;0;0;5.5;0;29;0;0;0;5.5;0;28;0;0;0;0;0;22;0;0;;0;11;0;35;0;0
400;Leptis Magna;North Africa;Egypt;0;0;0;25;0;0;0;5.5;0;29;0;0;0;5.5;0;28;0;0;0;0;0;22;0;0;;0;11;0;35;0;0
401;Leptis Magna;North Africa;Gallia;0;0;0;25;0;0;0;5.5;0;29;0;0;0;5.5;0;28;0;0;0;0;0;22;0;0;;0;11;0;35;0;0
402;Leptis Magna;North Africa;Adria;0;0;0;25;0;0;0;5.5;0;29;0;0;0;5.5;0;28;0;0;0;0;0;22;0;0;;0;11;0;35;0;0
403;Sabratha;North Africa;Italy;12.196;12.946;94.20670477;25;3.768268191;3.8;7.146;7.996;89.36968484;29;3.08171327;3.1;7.176;8.026;89.40941939;28;3.19319355;3.2;9.256;10.106;91.58915496;22;4.163143407;4.2;;35.774;39.074;91.55448636;35;2.615842467;2.6
404;Sabratha;North Africa;Baetica;0;12.946;0;25;0;0;0;7.996;0;29;0;0;0;8.026;0;28;0;0;0;10.106;0;22;0;0;;0;39.074;0;35;0;0
405;Sabratha;North Africa;Tarraconensis;0;12.946;0;25;0;0;0;7.996;0;29;0;0;0;8.026;0;28;0;0;0;10.106;0;22;0;0;;0;39.074;0;35;0;0
407;Sabratha;North Africa;Iberian Peninsula;0.75;12.946;5.793295226;25;0.231731809;0.2;0.85;7.996;10.63031516;29;0.366562592;0.4;0.85;8.026;10.59058061;28;0.378235022;0.4;0.85;10.106;8.410845043;22;0.382311138;0.4;;3.3;39.074;8.445513641;35;0.24130039;0.2
408;Sabratha;North Africa;Aegean;0;12.946;0;25;0;0;0;7.996;0;29;0;0;0;8.026;0;28;0;0;0;10.106;0;22;0;0;;0;39.074;0;35;0;0
409;Sabratha;North Africa;Western Mediterranean;0;12.946;0;25;0;0;0;7.996;0;29;0;0;0;8.026;0;28;0;0;0;10.106;0;22;0;0;;0;39.074;0;35;0;0
410;Sabratha;North Africa;Eastern Mediterranean;0;12.946;0;25;0;0;0;7.996;0;29;0;0;0;8.026;0;28;0;0;0;10.106;0;22;0;0;;0;39.074;0;35;0;0
411;Sabratha;North Africa;unknown;0;12.946;0;25;0;0;0;7.996;0;29;0;0;0;8.026;0;28;0;0;0;10.106;0;22;0;0;;0;39.074;0;35;0;0
412;Sabratha;North Africa;Pontic Sea;0;12.946;0;25;0;0;0;7.996;0;29;0;0;0;8.026;0;28;0;0;0;10.106;0;22;0;0;;0;39.074;0;35;0;0
413;Sabratha;North Africa;Egypt;0;12.946;0;25;0;0;0;7.996;0;29;0;0;0;8.026;0;28;0;0;0;10.106;0;22;0;0;;0;39.074;0;35;0;0
414;Sabratha;North Africa;Gallia;0;12.946;0;25;0;0;0;7.996;0;29;0;0;0;8.026;0;28;0;0;0;10.106;0;22;0;0;;0;39.074;0;35;0;0
415;Sabratha;North Africa;Adria;0;12.946;0;25;0;0;0;7.996;0;29;0;0;0;8.026;0;28;0;0;0;10.106;0;22;0;0;;0;39.074;0;35;0;0
416;Mallorca;Iberian Peninsula;Italy;0;0;0;25;0;0;184;242;76.03305785;29;2.621829581;2.6;36;549;6.557377049;28;0.234192037;0.2;0;0;0;22;0;0;;220;791;27.81289507;35;0.794654145;0.8
417;Mallorca;Iberian Peninsula;Baetica;0;0;0;25;0;0;10;242;4.132231405;29;0.142490738;0.1;0;549;0;28;0;0;0;0;0;22;0;0;;10;791;1.264222503;35;0.036120643;0
418;Mallorca;Iberian Peninsula;Tarraconensis;0;0;0;25;0;0;48;242;19.83471074;29;0.683955543;0.7;72;549;13.1147541;28;0.468384075;0.5;0;0;0;22;0;0;;120;791;15.17067004;35;0.433447715;0.4
419;Mallorca;Iberian Peninsula;North Africa;0;0;0;25;0;0;0;242;0;29;0;0;0;549;0;28;0;0;0;0;0;22;0;0;;0;791;0;35;0;0
421;Mallorca;Iberian Peninsula;Aegean;0;0;0;25;0;0;0;242;0;29;0;0;0;549;0;28;0;0;0;0;0;22;0;0;;0;791;0;35;0;0
422;Mallorca;Iberian Peninsula;Western Mediterranean;0;0;0;25;0;0;0;242;0;29;0;0;0;549;0;28;0;0;0;0;0;22;0;0;;0;791;0;35;0;0
423;Mallorca;Iberian Peninsula;Eastern Mediterranean;0;0;0;25;0;0;0;242;0;29;0;0;0;549;0;28;0;0;0;0;0;22;0;0;;0;791;0;35;0;0
424;Mallorca;Iberian Peninsula;unknown;0;0;0;25;0;0;0;242;0;29;0;0;441;549;80.32786885;28;2.868852459;2.9;0;0;0;22;0;0;;441;791;55.75221239;35;1.592920354;1.6
425;Mallorca;Iberian Peninsula;Pontic Sea;0;0;0;25;0;0;0;242;0;29;0;0;0;549;0;28;0;0;0;0;0;22;0;0;;0;791;0;35;0;0
426;Mallorca;Iberian Peninsula;Egypt;0;0;0;25;0;0;0;242;0;29;0;0;0;549;0;28;0;0;0;0;0;22;0;0;;0;791;0;35;0;0
427;Mallorca;Iberian Peninsula;Gallia;0;0;0;25;0;0;0;242;0;29;0;0;0;549;0;28;0;0;0;0;0;22;0;0;;0;791;0;35;0;0
428;Mallorca;Iberian Peninsula;Adria;0;0;0;25;0;0;0;242;0;29;0;0;0;549;0;28;0;0;0;0;0;22;0;0;;0;791;0;35;0;0
429;Baetulo;Tarraconensis;Italy;0;9.75;0;25;0;0;0;9.75;0;29;0;0;0;9.75;0;28;0;0;0;0;0;22;0;0;;0;29.25;0;35;0;0
430;Baetulo;Tarraconensis;Baetica;5;9.75;51.28205128;25;2.051282051;2.1;5;9.75;51.28205128;29;1.768346596;1.8;5;9.75;51.28205128;28;1.831501832;1.8;0;0;0;22;0;0;;15;29.25;51.28205128;35;1.465201465;1.5
432;Baetulo;Tarraconensis;North Africa;0;9.75;0;25;0;0;0;9.75;0;29;0;0;0;9.75;0;28;0;0;0;0;0;22;0;0;;0;29.25;0;35;0;0
433;Baetulo;Tarraconensis;Iberian Peninsula;0;9.75;0;25;0;0;0;9.75;0;29;0;0;0;9.75;0;28;0;0;0;0;0;22;0;0;;0;29.25;0;35;0;0
434;Baetulo;Tarraconensis;Aegean;0;9.75;0;25;0;0;0;9.75;0;29;0;0;0;9.75;0;28;0;0;0;0;0;22;0;0;;0;29.25;0;35;0;0
435;Baetulo;Tarraconensis;Western Mediterranean;0;9.75;0;25;0;0;0;9.75;0;29;0;0;0;9.75;0;28;0;0;0;0;0;22;0;0;;0;29.25;0;35;0;0
436;Baetulo;Tarraconensis;Eastern Mediterranean;0;9.75;0;25;0;0;0;9.75;0;29;0;0;0;9.75;0;28;0;0;0;0;0;22;0;0;;0;29.25;0;35;0;0
437;Baetulo;Tarraconensis;unknown;2.75;9.75;28.20512821;25;1.128205128;1.1;2.75;9.75;28.20512821;29;0.972590628;1;2.75;9.75;28.20512821;28;1.007326007;1;0;0;0;22;0;0;;8.25;29.25;28.20512821;35;0.805860806;0.8
438;Baetulo;Tarraconensis;Pontic Sea;0;9.75;0;25;0;0;0;9.75;0;29;0;0;0;9.75;0;28;0;0;0;0;0;22;0;0;;0;29.25;0;35;0;0
439;Baetulo;Tarraconensis;Egypt;0;9.75;0;25;0;0;0;9.75;0;29;0;0;0;9.75;0;28;0;0;0;0;0;22;0;0;;0;29.25;0;35;0;0
440;Baetulo;Tarraconensis;Gallia;2;9.75;20.51282051;25;0.820512821;0.8;2;9.75;20.51282051;29;0.707338638;0.7;2;9.75;20.51282051;28;0.732600733;0.7;0;0;0;22;0;0;;6;29.25;20.51282051;35;0.586080586;0.6
441;Baetulo;Tarraconensis;Adria;0;9.75;0;25;0;0;0;9.75;0;29;0;0;0;9.75;0;28;0;0;0;0;0;22;0;0;;0;29.25;0;35;0;0
442;Tarraco;Tarraconensis;Italy;0;0;0;25;0;0;1.14;19.665;5.797101449;29;0.19990005;0.2;1.14;19.665;5.797101449;28;0.207039337;0.2;0;26;0;22;0;0;;2.28;65.33;3.489973978;35;0.099713542;0.1
443;Tarraco;Tarraconensis;Baetica;0;0;0;25;0;0;9.69;19.665;49.27536232;29;1.699150425;1.7;9.69;19.665;49.27536232;28;1.759834369;1.8;6.76;26;26;22;1.181818182;1.2;;26.14;65.33;40.01224552;35;1.143207015;1.1
445;Tarraco;Tarraconensis;North Africa;0;0;0;25;0;0;0;19.665;0;29;0;0;0;19.665;0;28;0;0;2.86;26;11;22;0.5;0.5;;2.86;65.33;4.377774376;35;0.125079268;0.1
446;Tarraco;Tarraconensis;Iberian Peninsula;0;0;0;25;0;0;0;19.665;0;29;0;0;0;19.665;0;28;0;0;0;26;0;22;0;0;;0;65.33;0;35;0;0
447;Tarraco;Tarraconensis;Aegean;0;0;0;25;0;0;0;19.665;0;29;0;0;0;19.665;0;28;0;0;0;26;0;22;0;0;;0;65.33;0;35;0;0
448;Tarraco;Tarraconensis;Western Mediterranean;0;0;0;25;0;0;0;19.665;0;29;0;0;0;19.665;0;28;0;0;11.44;26;44;22;2;2;;11.44;65.33;17.5110975;35;0.500317072;0.5
449;Tarraco;Tarraconensis;Eastern Mediterranean;0;0;0;25;0;0;0;19.665;0;29;0;0;0;19.665;0;28;0;0;4.94;26;19;22;0.863636364;0.9;;4.94;65.33;7.561610286;35;0.216046008;0.2
450;Tarraco;Tarraconensis;unknown;0;0;0;25;0;0;8.835;19.665;44.92753623;29;1.549225387;1.5;8.835;19.665;44.92753623;28;1.604554865;1.6;0;26;0;22;0;0;;17.67;65.33;27.04729833;35;0.772779952;0.8
451;Tarraco;Tarraconensis;Pontic Sea;0;0;0;25;0;0;0;19.665;0;29;0;0;0;19.665;0;28;0;0;0;26;0;22;0;0;;0;65.33;0;35;0;0
452;Tarraco;Tarraconensis;Egypt;0;0;0;25;0;0;0;19.665;0;29;0;0;0;19.665;0;28;0;0;0;26;0;22;0;0;;0;65.33;0;35;0;0
453;Tarraco;Tarraconensis;Gallia;0;0;0;25;0;0;0;19.665;0;29;0;0;0;19.665;0;28;0;0;0;26;0;22;0;0;;0;65.33;0;35;0;0
454;Tarraco;Tarraconensis;Adria;0;0;0;25;0;0;0;19.665;0;29;0;0;0;19.665;0;28;0;0;0;26;0;22;0;0;;0;65.33;0;35;0;0
;;;;;;;;;;;;;;;;;;;;;;;;;;;;;;;;;;
;;;;;;;;;;;;;;;;;;;;;;;;;;;;;;;;;99.97718714;
