ID	Site_name	region	origin	frequency_A	total_A	percentage_in_site_A	sites_in_region_A	percentage_in_region_A	sites_A	percentage_all_A	frequency_B	total_B	percentage_site_B	sites_in_region_B	percentage_in_region_B	sites_B	percentage_in_all_B	frequency_C	total_C	percentage_site_C	sites_in_region_C	percentage_in_region_C	sites_C	percentage_all_C	frequency_D	total_D	percentage_site_D	sites_in_region_D	percentage_in_region_D	sites_D	percentage_all_D
0	Adria	Adria	Italy	923.333	924.583	99.86480392	4	24.96620098	29	3.443613928	791.8333	798.5833	99.15475317	4	24.78868829	35	2.832992948	55.333	58.333	94.85711347	4	23.71427837	33	2.874457984	0	0.5	0	4	0	24	0
1	Adria	Adria	Gallia	0	924.583	0	4	0	29	0	2	798.5833	0.250443504	4	0.062610876	35	0.007155529	1	58.333	1.71429551	4	0.428573878	33	0.051948349	0	0.5	0	4	0	24	0
2	Adria	Adria	Eastern Mediterranean	1	924.583	0.108156866	4	0.027039217	29	0.003729547	2.5	798.5833	0.31305438	4	0.078263595	35	0.008944411	2	58.333	3.428591021	4	0.857147755	33	0.103896698	0	0.5	0	4	0	24	0
3	Adria	Adria	North Africa	0	924.583	0	4	0	29	0	0	798.5833	0	4	0	35	0	0	58.333	0	4	0	33	0	0	0.5	0	4	0	24	0
4	Adria	Adria	unknown	0	924.583	0	4	0	29	0	2	798.5833	0.250443504	4	0.062610876	35	0.007155529	0	58.333	0	4	0	33	0	0	0.5	0	4	0	24	0
5	Adria	Adria	Aegean	0.25	924.583	0.027039217	4	0.006759804	29	0.000932387	0.25	798.5833	0.031305438	4	0.00782636	35	0.000894441	0	58.333	0	4	0	33	0	0	0.5	0	4	0	24	0
6	Adria	Adria	Western Mediterranean	0	924.583	0	4	0	29	0	0	798.5833	0	4	0	35	0	0	58.333	0	4	0	33	0	0	0.5	0	4	0	24	0
7	Adria	Adria	Pontic Sea	0	924.583	0	4	0	29	0	0	798.5833	0	4	0	35	0	0	58.333	0	4	0	33	0	0.5	0.5	100	4	25	24	4.166666667
8	Adria	Adria	Adria	0	924.583	0	4	0	29	0	0	798.5833	0	4	0	35	0	0	58.333	0	4	0	33	0	0	0.5	0	4	0	24	0
9	Adria	Adria	Egypt	0	924.583	0	4	0	29	0	0	798.5833	0	4	0	35	0	0	58.333	0	4	0	33	0	0	0.5	0	4	0	24	0
10	Adria	Adria	Iberian Peninsula	0	924.583	0	4	0	29	0	0	798.5833	0	4	0	35	0	0	58.333	0	4	0	33	0	0	0.5	0	4	0	24	0
11	Aquileia	Adria	Italy	62.5	417.75	14.96110114	4	3.740275285	29	0.515900039	270	625.25	43.18272691	4	10.79568173	35	1.233792197	270	734.75	36.74719292	4	9.18679823	33	1.113551301	6.25	23.75	26.31578947	4	6.578947368	24	1.096491228
12	Aquileia	Adria	Gallia	0	417.75	0	4	0	29	0	0	625.25	0	4	0	35	0	0	734.75	0	4	0	33	0	0	23.75	0	4	0	24	0
13	Aquileia	Adria	Eastern Mediterranean	1.875	417.75	0.448833034	4	0.112208259	29	0.015477001	1.875	625.25	0.299880048	4	0.074970012	35	0.008568001	1.75	734.75	0.23817625	4	0.059544063	33	0.007217462	0	23.75	0	4	0	24	0
14	Aquileia	Adria	North Africa	0	417.75	0	4	0	29	0	0	625.25	0	4	0	35	0	0	734.75	0	4	0	33	0	0	23.75	0	4	0	24	0
15	Aquileia	Adria	unknown	0	417.75	0	4	0	29	0	0	625.25	0	4	0	35	0	0	734.75	0	4	0	33	0	0	23.75	0	4	0	24	0
16	Aquileia	Adria	Aegean	3.375	417.75	0.807899461	4	0.201974865	29	0.027858602	3.375	625.25	0.539784086	4	0.134946022	35	0.015422402	3	734.75	0.408302144	4	0.102075536	33	0.012372792	0	23.75	0	4	0	24	0
17	Aquileia	Adria	Western Mediterranean	0	417.75	0	4	0	29	0	0	625.25	0	4	0	35	0	0	734.75	0	4	0	33	0	0	23.75	0	4	0	24	0
18	Aquileia	Adria	Pontic Sea	0	417.75	0	4	0	29	0	0	625.25	0	4	0	35	0	0	734.75	0	4	0	33	0	0	23.75	0	4	0	24	0
19	Aquileia	Adria	Adria	350	417.75	83.78216637	4	20.94554159	29	2.88904022	350	625.25	55.97760896	4	13.99440224	35	1.599360256	460	734.75	62.60632868	4	15.65158217	33	1.897161475	17.5	23.75	73.68421053	4	18.42105263	24	3.070175439
20	Aquileia	Adria	Egypt	0	417.75	0	4	0	29	0	0	625.25	0	4	0	35	0	0	734.75	0	4	0	33	0	0	23.75	0	4	0	24	0
21	Aquileia	Adria	Iberian Peninsula	0	417.75	0	4	0	29	0	0	625.25	0	4	0	35	0	0	734.75	0	4	0	33	0	0	23.75	0	4	0	24	0
22	Butrint	Adria	Italy	0	0.5	0	4	0	29	0	7.5	16.6666	45.00018	4	11.250045	35	1.285719429	6.5	41.1666	15.78949925	4	3.947374813	33	0.478469674	0	19.1666	0	4	0	24	0
23	Butrint	Adria	Gallia	0	0.5	0	4	0	29	0	0	16.6666	0	4	0	35	0	0	41.1666	0	4	0	33	0	0	19.1666	0	4	0	24	0
24	Butrint	Adria	Eastern Mediterranean	0	0.5	0	4	0	29	0	0	16.6666	0	4	0	35	0	0	41.1666	0	4	0	33	0	0	19.1666	0	4	0	24	0
25	Butrint	Adria	North Africa	0	0.5	0	4	0	29	0	0	16.6666	0	4	0	35	0	1	41.1666	2.429153731	4	0.607288433	33	0.073610719	0	19.1666	0	4	0	24	0
26	Butrint	Adria	unknown	0	0.5	0	4	0	29	0	0.5	16.6666	3.000012	4	0.750003	35	0.085714629	0.5	41.1666	1.214576866	4	0.303644217	33	0.03680536	0	19.1666	0	4	0	24	0
27	Butrint	Adria	Aegean	0.5	0.5	100	4	25	29	3.448275862	2	16.6666	12.000048	4	3.000012	35	0.342858514	10	41.1666	24.29153731	4	6.072884328	33	0.736107191	7.5	19.1666	39.13057089	4	9.782642723	24	1.630440454
28	Butrint	Adria	Western Mediterranean	0	0.5	0	4	0	29	0	0.1666	16.6666	0.999603998	4	0.249901	35	0.028560114	0.1666	41.1666	0.404697012	4	0.101174253	33	0.012263546	0.1666	19.1666	0.869220415	4	0.217305104	24	0.036217517
29	Butrint	Adria	Pontic Sea	0	0.5	0	4	0	29	0	2	16.6666	12.000048	4	3.000012	35	0.342858514	7.5	41.1666	18.21865299	4	4.554663248	33	0.552080394	5.5	19.1666	28.69575199	4	7.173937998	24	1.195656333
30	Butrint	Adria	Adria	0	0.5	0	4	0	29	0	4.5	16.6666	27.000108	4	6.750027	35	0.771431657	15.5	41.1666	37.65188284	4	9.41297071	33	1.140966147	6	19.1666	31.30445671	4	7.826114178	24	1.304352363
31	Butrint	Adria	Egypt	0	0.5	0	4	0	29	0	0	16.6666	0	4	0	35	0	0	41.1666	0	4	0	33	0	0	19.1666	0	4	0	24	0
32	Butrint	Adria	Iberian Peninsula	0	0.5	0	4	0	29	0	0	16.6666	0	4	0	35	0	0	41.1666	0	4	0	33	0	0	19.1666	0	4	0	24	0
187	Krk	Adria	Italy	0.5	4	12.5	4	3.125	29	0.431034483	6	15.75	38.0952381	4	9.523809525	35	1.088435374	2.5	10.45	23.92344498	4	5.980861245	33	0.724952878	0	1.45	0	4	0	24	0
188	Krk	Adria	Gallia	3.5	4	87.5	4	21.875	29	3.017241379	9.75	15.75	61.9047619	4	15.47619048	35	1.768707483	7.25	10.45	69.37799043	4	17.34449761	33	2.102363346	0.25	1.45	17.24137931	4	4.310344828	24	0.718390805
189	Krk	Adria	Eastern Mediterranean	0	4	0	4	0	29	0	0	15.75	0	4	0	35	0	0	10.45	0	4	0	33	0	0	1.45	0	4	0	24	0
190	Krk	Adria	North Africa	0	4	0	4	0	29	0	0	15.75	0	4	0	35	0	0	10.45	0	4	0	33	0	0	1.45	0	4	0	24	0
191	Krk	Adria	unknown	0	4	0	4	0	29	0	0	15.75	0	4	0	35	0	0.2	10.45	1.913875598	4	0.4784689	33	0.05799623	0.2	1.45	13.79310345	4	3.448275863	24	0.574712644
192	Krk	Adria	Aegean	0	4	0	4	0	29	0	0	15.75	0	4	0	35	0	0.5	10.45	4.784688995	4	1.196172249	33	0.144990576	0.5	1.45	34.48275862	4	8.620689655	24	1.436781609
193	Krk	Adria	Western Mediterranean	0	4	0	4	0	29	0	0	15.75	0	4	0	35	0	0	10.45	0	4	0	33	0	0.5	1.45	34.48275862	4	8.620689655	24	1.436781609
194	Krk	Adria	Pontic Sea	0	4	0	4	0	29	0	0	15.75	0	4	0	35	0	0	10.45	0	4	0	33	0	0	1.45	0	4	0	24	0
195	Krk	Adria	Adria	0	4	0	4	0	29	0	0	15.75	0	4	0	35	0	0	10.45	0	4	0	33	0	0	1.45	0	4	0	24	0
196	Krk	Adria	Egypt	0	4	0	4	0	29	0	0	15.75	0	4	0	35	0	0	10.45	0	4	0	33	0	0	1.45	0	4	0	24	0
197	Krk	Adria	Iberian Peninsula	0	4	0	4	0	29	0	0	15.75	0	4	0	35	0	0	10.45	0	4	0	33	0	0	1.45	0	4	0	24	0
33	Athens	Aegean	Italy	16.83	243.4463	6.913228913	5	1.382645783	29	0.238387204	94.1666	413.6734	22.76351344	6	3.793918907	35	0.650386098	36.6666	228.083	16.07598988	7	2.296569983	33	0.487151209	12.3333	154.0831	8.004317151	6	1.334052859	24	0.333513215
34	Athens	Aegean	Gallia	0	243.4463	0	5	0	29	0	0	413.6734	0	6	0	35	0	0	228.083	0	7	0	33	0	0	154.0831	0	6	0	24	0
35	Athens	Aegean	Eastern Mediterranean	56.333	243.4463	23.13980537	5	4.627961074	29	0.797924323	44.166	413.6734	10.67653854	6	1.77942309	35	0.305043958	14.1666	228.083	6.211159972	7	0.887308567	33	0.188216969	16.8333	154.0831	10.92481914	6	1.82080319	24	0.455200797
36	Athens	Aegean	North Africa	0	243.4463	0	5	0	29	0	0	413.6734	0	6	0	35	0	0.5	228.083	0.219218442	7	0.03131692	33	0.006642983	5.5	154.0831	3.569502431	6	0.594917072	24	0.148729268
37	Athens	Aegean	unknown	20.917	243.4463	8.592038573	5	1.718407715	29	0.296277192	14.341	413.6734	3.466744538	6	0.577790756	35	0.099049844	8.4166	228.083	3.690147885	7	0.527163984	33	0.111822663	1.25	154.0831	0.811250552	6	0.135208425	24	0.033802106
38	Athens	Aegean	Aegean	121.5333	243.4463	49.92201566	5	9.984403132	29	1.721448816	216.3332	413.6734	52.29565159	6	8.715941932	35	1.494161474	85.6666	228.083	37.55939724	7	5.365628177	33	1.138163553	108.3332	154.0831	70.30829468	6	11.71804911	24	2.929512278
39	Athens	Aegean	Western Mediterranean	25.833	243.4463	10.61137508	5	2.122275016	29	0.365909485	41.1666	413.6734	9.951473796	6	1.658578966	35	0.284327823	29	228.083	12.71466966	7	1.81638138	33	0.38529302	9.8333	154.0831	6.381816046	6	1.063636008	24	0.265909002
40	Athens	Aegean	Pontic Sea	2	243.4463	0.821536413	5	0.164307283	29	0.028328842	3.5	413.6734	0.84607809	6	0.141013015	35	0.02417366	2.5	228.083	1.096092212	7	0.156584602	33	0.033214916	0	154.0831	0	6	0	24	0
41	Athens	Aegean	Adria	0	243.4463	0	5	0	29	0	0	413.6734	0	6	0	35	0	0	228.083	0	7	0	33	0	0	154.0831	0	6	0	24	0
42	Athens	Aegean	Egypt	0	243.4463	0	5	0	29	0	0	413.6734	0	6	0	35	0	51.1666	228.083	22.43332471	7	3.204760673	33	0.679797719	0	154.0831	0	6	0	24	0
43	Athens	Aegean	Iberian Peninsula	0	243.4463	0	5	0	29	0	0	413.6734	0	6	0	35	0	0	228.083	0	7	0	33	0	0	154.0831	0	6	0	24	0
44	Corinth	Aegean	Italy	0	1.5	0	5	0	29	0	4.5	15.833	28.42165098	6	4.73694183	35	0.812047171	7.5	26.3333	28.48104871	7	4.068721244	33	0.863062082	5	13.4033	37.30424597	6	6.217374328	24	1.554343582
45	Corinth	Aegean	Gallia	0	1.5	0	5	0	29	0	0	15.833	0	6	0	35	0	0	26.3333	0	7	0	33	0	0	13.4033	0	6	0	24	0
46	Corinth	Aegean	Eastern Mediterranean	0	1.5	0	5	0	29	0	2.5	15.833	15.7898061	6	2.63163435	35	0.451137317	0.5	26.3333	1.898736581	7	0.271248083	33	0.057537472	0	13.4033	0	6	0	24	0
47	Corinth	Aegean	North Africa	0	1.5	0	5	0	29	0	0	15.833	0	6	0	35	0	0	26.3333	0	7	0	33	0	0	13.4033	0	6	0	24	0
48	Corinth	Aegean	unknown	0	1.5	0	5	0	29	0	0	15.833	0	6	0	35	0	2	26.3333	7.594946323	7	1.084992332	33	0.230149889	0.5	13.4033	3.730424597	6	0.621737433	24	0.155434358
49	Corinth	Aegean	Aegean	1.5	1.5	100	5	20	29	3.448275862	8.833	15.833	55.78854292	6	9.298090487	35	1.593958369	16.3333	26.3333	62.02526839	7	8.860752627	33	1.879553587	7.9033	13.4033	58.96532943	6	9.827554905	24	2.456888726
50	Corinth	Aegean	Western Mediterranean	0	1.5	0	5	0	29	0	0	15.833	0	6	0	35	0	0	26.3333	0	7	0	33	0	0	13.4033	0	6	0	24	0
51	Corinth	Aegean	Pontic Sea	0	1.5	0	5	0	29	0	0	15.833	0	6	0	35	0	0	26.3333	0	7	0	33	0	0	13.4033	0	6	0	24	0
52	Corinth	Aegean	Adria	0	1.5	0	5	0	29	0	0	15.833	0	6	0	35	0	0	26.3333	0	7	0	33	0	0	13.4033	0	6	0	24	0
53	Corinth	Aegean	Egypt	0	1.5	0	5	0	29	0	0	15.833	0	6	0	35	0	0	26.3333	0	7	0	33	0	0	13.4033	0	6	0	24	0
54	Corinth	Aegean	Iberian Peninsula	0	1.5	0	5	0	29	0	0	15.833	0	6	0	35	0	0	26.3333	0	7	0	33	0	0	13.4033	0	6	0	24	0
55	Gortyn	Aegean	Italy	0	0	0	5	0	29	0	22	55.5	39.63963964	6	6.606606607	35	1.132561133	22	55.5	39.63963964	7	5.662805663	33	1.201201201	0	0	0	6	0	24	0
56	Gortyn	Aegean	Gallia	0	0	0	5	0	29	0	0	55.5	0	6	0	35	0	0	55.5	0	7	0	33	0	0	0	0	6	0	24	0
57	Gortyn	Aegean	Eastern Mediterranean	0	0	0	5	0	29	0	8	55.5	14.41441441	6	2.402402402	35	0.411840412	8	55.5	14.41441441	7	2.059202059	33	0.436800437	0	0	0	6	0	24	0
58	Gortyn	Aegean	North Africa	0	0	0	5	0	29	0	0	55.5	0	6	0	35	0	0	55.5	0	7	0	33	0	0	0	0	6	0	24	0
59	Gortyn	Aegean	unknown	0	0	0	5	0	29	0	0	55.5	0	6	0	35	0	0	55.5	0	7	0	33	0	0	0	0	6	0	24	0
60	Gortyn	Aegean	Aegean	0	0	0	5	0	29	0	25.5	55.5	45.94594595	6	7.657657658	35	1.312741313	25.5	55.5	45.94594595	7	6.563706564	33	1.392301392	0	0	0	6	0	24	0
61	Gortyn	Aegean	Western Mediterranean	0	0	0	5	0	29	0	0	55.5	0	6	0	35	0	0	55.5	0	7	0	33	0	0	0	0	6	0	24	0
62	Gortyn	Aegean	Pontic Sea	0	0	0	5	0	29	0	0	55.5	0	6	0	35	0	0	55.5	0	7	0	33	0	0	0	0	6	0	24	0
63	Gortyn	Aegean	Adria	0	0	0	5	0	29	0	0	55.5	0	6	0	35	0	0	55.5	0	7	0	33	0	0	0	0	6	0	24	0
64	Gortyn	Aegean	Egypt	0	0	0	5	0	29	0	0	55.5	0	6	0	35	0	0	55.5	0	7	0	33	0	0	0	0	6	0	24	0
65	Gortyn	Aegean	Iberian Peninsula	0	0	0	5	0	29	0	0	55.5	0	6	0	35	0	0	55.5	0	7	0	33	0	0	0	0	6	0	24	0
66	Knidos	Aegean	Italy	2	76.9986	2.597449824	5	0.519489965	29	0.089567235	2	76.9992	2.597429584	6	0.432904931	35	0.074212274	2.5	145.4995	1.718218963	7	0.245459852	33	0.052067241	0.5	68.5	0.729927007	6	0.121654501	24	0.030413625
67	Knidos	Aegean	Gallia	0	76.9986	0	5	0	29	0	0	76.9992	0	6	0	35	0	0	145.4995	0	7	0	33	0	0	68.5	0	6	0	24	0
68	Knidos	Aegean	Eastern Mediterranean	4.666	76.9986	6.059850439	5	1.211970088	29	0.20896036	4.6666	76.9992	6.060582448	6	1.010097075	35	0.173159499	6.6666	145.4995	4.581871415	7	0.654553059	33	0.138844588	2	68.5	2.919708029	6	0.486618005	24	0.121654501
69	Knidos	Aegean	North Africa	0	76.9986	0	5	0	29	0	0	76.9992	0	6	0	35	0	0	145.4995	0	7	0	33	0	0	68.5	0	6	0	24	0
70	Knidos	Aegean	unknown	0.3333	76.9986	0.432865013	5	0.086573003	29	0.01492638	0.333	76.9992	0.432472026	6	0.072078671	35	0.012356344	2.333	145.4995	1.603441936	7	0.229063134	33	0.04858915	2	68.5	2.919708029	6	0.486618005	24	0.121654501
71	Knidos	Aegean	Aegean	69.666	76.9986	90.47696971	5	18.09539394	29	3.119895507	69.6666	76.9992	90.47704392	6	15.07950732	35	2.585058398	133.6666	145.4995	91.86739473	7	13.12391353	33	2.783860446	64	68.5	93.43065693	6	15.57177616	24	3.892944039
72	Knidos	Aegean	Western Mediterranean	0	76.9986	0	5	0	29	0	0	76.9992	0	6	0	35	0	0	145.4995	0	7	0	33	0	0	68.5	0	6	0	24	0
73	Knidos	Aegean	Pontic Sea	0.3333	76.9986	0.432865013	5	0.086573003	29	0.01492638	0.333	76.9992	0.432472026	6	0.072078671	35	0.012356344	0.3333	145.4995	0.229072952	7	0.032724707	33	0.006941605	0	68.5	0	6	0	24	0
74	Knidos	Aegean	Adria	0	76.9986	0	5	0	29	0	0	76.9992	0	6	0	35	0	0	145.4995	0	7	0	33	0	0	68.5	0	6	0	24	0
75	Knidos	Aegean	Egypt	0	76.9986	0	5	0	29	0	0	76.9992	0	6	0	35	0	0	145.4995	0	7	0	33	0	0	68.5	0	6	0	24	0
76	Knidos	Aegean	Iberian Peninsula	0	76.9986	0	5	0	29	0	0	76.9992	0	6	0	35	0	0	145.4995	0	7	0	33	0	0	68.5	0	6	0	24	0
77	Knossos	Aegean	Italy	31	124.5	24.89959839	5	4.979919678	29	0.858606841	319.5	991	32.24016145	6	5.373360242	35	0.92114747	590.17	2042.4	28.89590678	7	4.127986683	33	0.875633539	77.59	887.643	8.741126782	6	1.456854464	24	0.364213616
78	Knossos	Aegean	Gallia	0	124.5	0	5	0	29	0	9	991	0.908173562	6	0.15136226	35	0.025947816	9	2042.4	0.440658049	7	0.06295115	33	0.013353274	1	887.643	0.112657904	6	0.018776317	24	0.004694079
79	Knossos	Aegean	Eastern Mediterranean	64.5	124.5	51.80722892	5	10.36144578	29	1.78645617	314.5	991	31.73562059	6	5.289270098	35	0.906732017	409.06	2042.4	20.02839796	7	2.861199709	33	0.60692115	46.693	887.643	5.260335518	6	0.876722586	24	0.219180647
80	Knossos	Aegean	North Africa	0	124.5	0	5	0	29	0	0	991	0	6	0	35	0	2	2042.4	0.097924011	7	0.013989144	33	0.002967394	7.6	887.643	0.856200071	6	0.142700012	24	0.035675003
81	Knossos	Aegean	unknown	2	124.5	1.606425703	5	0.321285141	29	0.05539399	6	991	0.605449041	6	0.100908174	35	0.017298544	27.35	2042.4	1.33911085	7	0.19130155	33	0.040579117	91.1	887.643	10.26313507	6	1.710522512	24	0.427630628
82	Knossos	Aegean	Aegean	27	124.5	21.68674699	5	4.337349398	29	0.747818862	342	991	34.51059536	6	5.751765893	35	0.98601701	1002.82	2042.4	49.10007834	7	7.014296906	33	1.487881162	653.19	887.643	73.5870164	6	12.26450273	24	3.066125683
83	Knossos	Aegean	Western Mediterranean	0	124.5	0	5	0	29	0	0	991	0	6	0	35	0	0	2042.4	0	7	0	33	0	0	887.643	0	6	0	24	0
84	Knossos	Aegean	Pontic Sea	0	124.5	0	5	0	29	0	0	991	0	6	0	35	0	2	2042.4	0.097924011	7	0.013989144	33	0.002967394	10.47	887.643	1.179528256	6	0.196588043	24	0.049147011
85	Knossos	Aegean	Adria	0	124.5	0	5	0	29	0	0	991	0	6	0	35	0	0	2042.4	0	7	0	33	0	0	887.643	0	6	0	24	0
86	Knossos	Aegean	Egypt	0	124.5	0	5	0	29	0	0	991	0	6	0	35	0	0	2042.4	0	7	0	33	0	0	887.643	0	6	0	24	0
87	Knossos	Aegean	Iberian Peninsula	0	124.5	0	5	0	29	0	0	991	0	6	0	35	0	0	2042.4	0	7	0	33	0	0	887.643	0	6	0	24	0
88	Kyme	Aegean	Italy	0	0	0	5	0	29	0	0	0	0	6	0	35	0	1.315	131.52	0.999847932	7	0.142835419	33	0.030298422	1.315	131.5	1	6	0.166666667	24	0.041666667
89	Kyme	Aegean	Gallia	0	0	0	5	0	29	0	0	0	0	6	0	35	0	0	131.52	0	7	0	33	0	0	131.5	0	6	0	24	0
90	Kyme	Aegean	Eastern Mediterranean	0	0	0	5	0	29	0	0	0	0	6	0	35	0	5.26	131.52	3.999391727	7	0.571341675	33	0.121193689	5.26	131.5	4	6	0.666666667	24	0.166666667
91	Kyme	Aegean	North Africa	0	0	0	5	0	29	0	0	0	0	6	0	35	0	0	131.52	0	7	0	33	0	0	131.5	0	6	0	24	0
92	Kyme	Aegean	unknown	0	0	0	5	0	29	0	0	0	0	6	0	35	0	9.205	131.52	6.998935523	7	0.999847932	33	0.212088955	9.205	131.5	7	6	1.166666667	24	0.291666667
93	Kyme	Aegean	Aegean	0	0	0	5	0	29	0	0	0	0	6	0	35	0	115.74	131.52	88.00182482	7	12.57168926	33	2.666721964	115.72	131.5	88	6	14.66666667	24	3.666666667
94	Kyme	Aegean	Western Mediterranean	0	0	0	5	0	29	0	0	0	0	6	0	35	0	0	131.52	0	7	0	33	0	0	131.5	0	6	0	24	0
95	Kyme	Aegean	Pontic Sea	0	0	0	5	0	29	0	0	0	0	6	0	35	0	0	131.52	0	7	0	33	0	0	131.5	0	6	0	24	0
96	Kyme	Aegean	Adria	0	0	0	5	0	29	0	0	0	0	6	0	35	0	0	131.52	0	7	0	33	0	0	131.5	0	6	0	24	0
97	Kyme	Aegean	Egypt	0	0	0	5	0	29	0	0	0	0	6	0	35	0	0	131.52	0	7	0	33	0	0	131.5	0	6	0	24	0
98	Kyme	Aegean	Iberian Peninsula	0	0	0	5	0	29	0	0	0	0	6	0	35	0	0	131.52	0	7	0	33	0	0	131.5	0	6	0	24	0
99	Sparta	Aegean	Italy	0	16	0	5	0	29	0	0.5	1.5	33.33333333	6	5.555555555	35	0.952380952	0.5	31	1.612903226	7	0.230414747	33	0.048875855	0	14	0	6	0	24	0
100	Sparta	Aegean	Gallia	0	16	0	5	0	29	0	0	1.5	0	6	0	35	0	0	31	0	7	0	33	0	0	14	0	6	0	24	0
101	Sparta	Aegean	Eastern Mediterranean	0	16	0	5	0	29	0	0	1.5	0	6	0	35	0	0	31	0	7	0	33	0	0	14	0	6	0	24	0
102	Sparta	Aegean	North Africa	0	16	0	5	0	29	0	0	1.5	0	6	0	35	0	0	31	0	7	0	33	0	0	14	0	6	0	24	0
103	Sparta	Aegean	unknown	0	16	0	5	0	29	0	0	1.5	0	6	0	35	0	0	31	0	7	0	33	0	0	14	0	6	0	24	0
104	Sparta	Aegean	Aegean	16	16	100	5	20	29	3.448275862	1	1.5	66.66666667	6	11.11111111	35	1.904761905	30.5	31	98.38709677	7	14.05529954	33	2.981427175	14	14	100	6	16.66666667	24	4.166666667
105	Sparta	Aegean	Western Mediterranean	0	16	0	5	0	29	0	0	1.5	0	6	0	35	0	0	31	0	7	0	33	0	0	14	0	6	0	24	0
106	Sparta	Aegean	Pontic Sea	0	16	0	5	0	29	0	0	1.5	0	6	0	35	0	0	31	0	7	0	33	0	0	14	0	6	0	24	0
107	Sparta	Aegean	Adria	0	16	0	5	0	29	0	0	1.5	0	6	0	35	0	0	31	0	7	0	33	0	0	14	0	6	0	24	0
108	Sparta	Aegean	Egypt	0	16	0	5	0	29	0	0	1.5	0	6	0	35	0	0	31	0	7	0	33	0	0	14	0	6	0	24	0
109	Sparta	Aegean	Iberian Peninsula	0	16	0	5	0	29	0	0	1.5	0	6	0	35	0	0	31	0	7	0	33	0	0	14	0	6	0	24	0
110	Baelo Claudia	Baetica	Italy	0	0	0	0	#DIV/0!	29	0	23	125	18.4	1	18.4	35	0.525714286	7	116	6.034482759	1	6.034482759	33	0.182863114	0	0	0	0	0	24	0
111	Baelo Claudia	Baetica	Gallia	0	0	0	0	#DIV/0!	29	0	0	125	0	1	0	35	0	0	116	0	1	0	33	0	0	0	0	0	0	24	0
112	Baelo Claudia	Baetica	Eastern Mediterranean	0	0	0	0	#DIV/0!	29	0	0	125	0	1	0	35	0	0	116	0	1	0	33	0	0	0	0	0	0	24	0
113	Baelo Claudia	Baetica	North Africa	0	0	0	0	#DIV/0!	29	0	0	125	0	1	0	35	0	0	116	0	1	0	33	0	0	0	0	0	0	24	0
114	Baelo Claudia	Baetica	unknown	0	0	0	0	#DIV/0!	29	0	7	125	5.6	1	5.6	35	0.16	0	116	0	1	0	33	0	0	0	0	0	0	24	0
115	Baelo Claudia	Baetica	Aegean	0	0	0	0	#DIV/0!	29	0	0	125	0	1	0	35	0	0	116	0	1	0	33	0	0	0	0	0	0	24	0
116	Baelo Claudia	Baetica	Western Mediterranean	0	0	0	0	#DIV/0!	29	0	2.5	125	2	1	2	35	0.057142857	2.5	116	2.155172414	1	2.155172414	33	0.065308255	0	0	0	0	0	24	0
117	Baelo Claudia	Baetica	Pontic Sea	0	0	0	0	#DIV/0!	29	0	0	125	0	1	0	35	0	0	116	0	1	0	33	0	0	0	0	0	0	24	0
118	Baelo Claudia	Baetica	Adria	0	0	0	0	#DIV/0!	29	0	0	125	0	1	0	35	0	0	116	0	1	0	33	0	0	0	0	0	0	24	0
119	Baelo Claudia	Baetica	Egypt	0	0	0	0	#DIV/0!	29	0	0	125	0	1	0	35	0	0	116	0	1	0	33	0	0	0	0	0	0	24	0
120	Baelo Claudia	Baetica	Iberian Peninsula	0	0	0	0	#DIV/0!	29	0	92.5	125	74	1	74	35	2.114285714	106.5	116	91.81034483	1	91.81034483	33	2.782131661	0	0	0	0	0	24	0
121	Akko	Eastern Mediterranean	Italy	0	22.5	0	5	0	29	0	0	7	0	6	0	35	0	0	0	0	5	0	33	0	0	0	0	4	0	24	0
122	Akko	Eastern Mediterranean	Gallia	0	22.5	0	5	0	29	0	0	7	0	6	0	35	0	0	0	0	5	0	33	0	0	0	0	4	0	24	0
123	Akko	Eastern Mediterranean	Eastern Mediterranean	7	22.5	31.11111111	5	6.222222222	29	1.072796935	3	7	42.85714286	6	7.142857143	35	1.224489796	0	0	0	5	0	33	0	0	0	0	4	0	24	0
124	Akko	Eastern Mediterranean	North Africa	0	22.5	0	5	0	29	0	0	7	0	6	0	35	0	0	0	0	5	0	33	0	0	0	0	4	0	24	0
125	Akko	Eastern Mediterranean	unknown	13	22.5	57.77777778	5	11.55555556	29	1.992337165	3	7	42.85714286	6	7.142857143	35	1.224489796	0	0	0	5	0	33	0	0	0	0	4	0	24	0
126	Akko	Eastern Mediterranean	Aegean	2	22.5	8.888888889	5	1.777777778	29	0.30651341	1	7	14.28571429	6	2.380952382	35	0.408163265	0	0	0	5	0	33	0	0	0	0	4	0	24	0
127	Akko	Eastern Mediterranean	Western Mediterranean	0	22.5	0	5	0	29	0	0	7	0	6	0	35	0	0	0	0	5	0	33	0	0	0	0	4	0	24	0
128	Akko	Eastern Mediterranean	Pontic Sea	0	22.5	0	5	0	29	0	0	7	0	6	0	35	0	0	0	0	5	0	33	0	0	0	0	4	0	24	0
129	Akko	Eastern Mediterranean	Adria	0	22.5	0	5	0	29	0	0	7	0	6	0	35	0	0	0	0	5	0	33	0	0	0	0	4	0	24	0
130	Akko	Eastern Mediterranean	Egypt	0.5	22.5	2.222222222	5	0.444444444	29	0.076628352	0	7	0	6	0	35	0	0	0	0	5	0	33	0	0	0	0	4	0	24	0
131	Akko	Eastern Mediterranean	Iberian Peninsula	0	22.5	0	5	0	29	0	0	7	0	6	0	35	0	0	0	0	5	0	33	0	0	0	0	4	0	24	0
132	Jerusalem	Eastern Mediterranean	Italy	0	10.075	0	5	0	29	0	5	32.575	15.34919417	6	2.558199028	35	0.438548405	5	22.5	22.22222222	5	4.444444444	33	0.673400673	0	0	0	4	0	24	0
133	Jerusalem	Eastern Mediterranean	Gallia	0	10.075	0	5	0	29	0	0	32.575	0	6	0	35	0	0	22.5	0	5	0	33	0	0	0	0	4	0	24	0
134	Jerusalem	Eastern Mediterranean	Eastern Mediterranean	4.875	10.075	48.38709677	5	9.677419354	29	1.668520578	22.375	32.575	68.6876439	6	11.44794065	35	1.962504111	17.5	22.5	77.77777778	5	15.55555556	33	2.356902357	0	0	0	4	0	24	0
135	Jerusalem	Eastern Mediterranean	North Africa	0	10.075	0	5	0	29	0	0	32.575	0	6	0	35	0	0	22.5	0	5	0	33	0	0	0	0	4	0	24	0
136	Jerusalem	Eastern Mediterranean	unknown	5.2	10.075	51.61290323	5	10.32258065	29	1.779755284	5.2	32.575	15.96316193	6	2.660526988	35	0.456090341	0	22.5	0	5	0	33	0	0	0	0	4	0	24	0
137	Jerusalem	Eastern Mediterranean	Aegean	0	10.075	0	5	0	29	0	0	32.575	0	6	0	35	0	0	22.5	0	5	0	33	0	0	0	0	4	0	24	0
138	Jerusalem	Eastern Mediterranean	Western Mediterranean	0	10.075	0	5	0	29	0	0	32.575	0	6	0	35	0	0	22.5	0	5	0	33	0	0	0	0	4	0	24	0
139	Jerusalem	Eastern Mediterranean	Pontic Sea	0	10.075	0	5	0	29	0	0	32.575	0	6	0	35	0	0	22.5	0	5	0	33	0	0	0	0	4	0	24	0
140	Jerusalem	Eastern Mediterranean	Adria	0	10.075	0	5	0	29	0	0	32.575	0	6	0	35	0	0	22.5	0	5	0	33	0	0	0	0	4	0	24	0
141	Jerusalem	Eastern Mediterranean	Egypt	0	10.075	0	5	0	29	0	0	32.575	0	6	0	35	0	0	22.5	0	5	0	33	0	0	0	0	4	0	24	0
142	Jerusalem	Eastern Mediterranean	Iberian Peninsula	0	10.075	0	5	0	29	0	0	32.575	0	6	0	35	0	0	22.5	0	5	0	33	0	0	0	0	4	0	24	0
143	Panayia Ematousa	Eastern Mediterranean	Italy	4.5	90.5	4.972375691	5	0.994475138	29	0.171461231	4.5	146.5	3.071672355	6	0.511945393	35	0.087762067	0	131	0	5	0	33	0	0	48	0	4	0	24	0
144	Panayia Ematousa	Eastern Mediterranean	Gallia	0	90.5	0	5	0	29	0	0	146.5	0	6	0	35	0	0	131	0	5	0	33	0	0	48	0	4	0	24	0
145	Panayia Ematousa	Eastern Mediterranean	Eastern Mediterranean	86	90.5	95.02762431	5	19.00552486	29	3.276814631	142	146.5	96.92832765	6	16.15472128	35	2.76938079	131	131	100	5	20	33	3.03030303	12	48	25	4	6.25	24	1.041666667
146	Panayia Ematousa	Eastern Mediterranean	North Africa	0	90.5	0	5	0	29	0	0	146.5	0	6	0	35	0	0	131	0	5	0	33	0	0	48	0	4	0	24	0
147	Panayia Ematousa	Eastern Mediterranean	unknown	0	90.5	0	5	0	29	0	0	146.5	0	6	0	35	0	0	131	0	5	0	33	0	36	48	75	4	18.75	24	3.125
148	Panayia Ematousa	Eastern Mediterranean	Aegean	0	90.5	0	5	0	29	0	0	146.5	0	6	0	35	0	0	131	0	5	0	33	0	0	48	0	4	0	24	0
149	Panayia Ematousa	Eastern Mediterranean	Western Mediterranean	0	90.5	0	5	0	29	0	0	146.5	0	6	0	35	0	0	131	0	5	0	33	0	0	48	0	4	0	24	0
150	Panayia Ematousa	Eastern Mediterranean	Pontic Sea	0	90.5	0	5	0	29	0	0	146.5	0	6	0	35	0	0	131	0	5	0	33	0	0	48	0	4	0	24	0
151	Panayia Ematousa	Eastern Mediterranean	Adria	0	90.5	0	5	0	29	0	0	146.5	0	6	0	35	0	0	131	0	5	0	33	0	0	48	0	4	0	24	0
152	Panayia Ematousa	Eastern Mediterranean	Egypt	0	90.5	0	5	0	29	0	0	146.5	0	6	0	35	0	0	131	0	5	0	33	0	0	48	0	4	0	24	0
153	Panayia Ematousa	Eastern Mediterranean	Iberian Peninsula	0	90.5	0	5	0	29	0	0	146.5	0	6	0	35	0	0	131	0	5	0	33	0	0	48	0	4	0	24	0
154	Paphos	Eastern Mediterranean	Italy	15.5	168.083	9.22163455	5	1.84432691	29	0.317987398	9.5	74.7499	12.7090471	6	2.118174517	35	0.363115631	14	95.9166	14.59601362	5	2.919202724	33	0.442303443	24	98.6666	24.32434076	4	6.08108519	24	1.013514198
155	Paphos	Eastern Mediterranean	Gallia	0	168.083	0	5	0	29	0	0	74.7499	0	6	0	35	0	0	95.9166	0	5	0	33	0	0	98.6666	0	4	0	24	0
156	Paphos	Eastern Mediterranean	Eastern Mediterranean	137.333	168.083	81.70546694	5	16.34109339	29	2.817429895	51.9999	74.7499	69.56517668	6	11.59419611	35	1.987576476	47.6666	95.9166	49.69588163	5	9.939176326	33	1.505935807	51.6666	98.6666	52.36483268	4	13.09120817	24	2.181868028
157	Paphos	Eastern Mediterranean	North Africa	0	168.083	0	5	0	29	0	0	74.7499	0	6	0	35	0	0	95.9166	0	5	0	33	0	2	98.6666	2.027028397	4	0.506757099	24	0.084459517
158	Paphos	Eastern Mediterranean	unknown	15.25	168.083	9.072898508	5	1.814579702	29	0.312858569	8.25	74.7499	11.03680406	6	1.839467343	35	0.315337259	7.75	95.9166	8.079936111	5	1.615987222	33	0.244846549	10.5	98.6666	10.64189908	4	2.66047477	24	0.443412462
159	Paphos	Eastern Mediterranean	Aegean	0	168.083	0	5	0	29	0	5	74.7499	6.688972159	6	1.114828693	35	0.19111349	26.5	95.9166	27.62816864	5	5.525633728	33	0.837217231	10.5	98.6666	10.64189908	4	2.66047477	24	0.443412462
160	Paphos	Eastern Mediterranean	Western Mediterranean	0	168.083	0	5	0	29	0	0	74.7499	0	6	0	35	0	0	95.9166	0	5	0	33	0	0	98.6666	0	4	0	24	0
161	Paphos	Eastern Mediterranean	Pontic Sea	0	168.083	0	5	0	29	0	0	74.7499	0	6	0	35	0	0	95.9166	0	5	0	33	0	0	98.6666	0	4	0	24	0
162	Paphos	Eastern Mediterranean	Adria	0	168.083	0	5	0	29	0	0	74.7499	0	6	0	35	0	0	95.9166	0	5	0	33	0	0	98.6666	0	4	0	24	0
163	Paphos	Eastern Mediterranean	Egypt	0	168.083	0	5	0	29	0	0	74.7499	0	6	0	35	0	0	95.9166	0	5	0	33	0	0	98.6666	0	4	0	24	0
164	Paphos	Eastern Mediterranean	Iberian Peninsula	0	168.083	0	5	0	29	0	0	74.7499	0	6	0	35	0	0	95.9166	0	5	0	33	0	0	98.6666	0	4	0	24	0
165	Caesarea	Eastern Mediterranean	Italy	0.5	4.5	11.11111111	5	2.222222222	29	0.383141762	0.5	6.1666	8.108195764	6	1.351365961	35	0.231662736	0	1.6666	0	5	0	33	0	16	175.666	9.108193959	4	2.27704849	24	0.379508082
166	Caesarea	Eastern Mediterranean	Gallia	0	4.5	0	5	0	29	0	0	6.1666	0	6	0	35	0	0	1.6666	0	5	0	33	0	0	175.666	0	4	0	24	0
167	Caesarea	Eastern Mediterranean	Eastern Mediterranean	3.5	4.5	77.77777778	5	15.55555556	29	2.681992337	5.1666	6.1666	83.78360847	6	13.96393475	35	2.393817385	1.6666	1.6666	100	5	20	33	3.03030303	146.666	175.666	83.49139845	4	20.87284961	24	3.478808269
168	Caesarea	Eastern Mediterranean	North Africa	0	4.5	0	5	0	29	0	0	6.1666	0	6	0	35	0	0	1.6666	0	5	0	33	0	0	175.666	0	4	0	24	0
169	Caesarea	Eastern Mediterranean	unknown	0	4.5	0	5	0	29	0	0	6.1666	0	6	0	35	0	0	1.6666	0	5	0	33	0	12	175.666	6.831145469	4	1.707786367	24	0.284631061
170	Caesarea	Eastern Mediterranean	Aegean	0.5	4.5	11.11111111	5	2.222222222	29	0.383141762	0.5	6.1666	8.108195764	6	1.351365961	35	0.231662736	0	1.6666	0	5	0	33	0	1	175.666	0.569262122	4	0.142315531	24	0.023719255
171	Caesarea	Eastern Mediterranean	Western Mediterranean	0	4.5	0	5	0	29	0	0	6.1666	0	6	0	35	0	0	1.6666	0	5	0	33	0	0	175.666	0	4	0	24	0
172	Caesarea	Eastern Mediterranean	Pontic Sea	0	4.5	0	5	0	29	0	0	6.1666	0	6	0	35	0	0	1.6666	0	5	0	33	0	0	175.666	0	4	0	24	0
173	Caesarea	Eastern Mediterranean	Adria	0	4.5	0	5	0	29	0	0	6.1666	0	6	0	35	0	0	1.6666	0	5	0	33	0	0	175.666	0	4	0	24	0
174	Caesarea	Eastern Mediterranean	Egypt	0	4.5	0	5	0	29	0	0	6.1666	0	6	0	35	0	0	1.6666	0	5	0	33	0	0	175.666	0	4	0	24	0
175	Caesarea	Eastern Mediterranean	Iberian Peninsula	0	4.5	0	5	0	29	0	0	6.1666	0	6	0	35	0	0	1.6666	0	5	0	33	0	0	175.666	0	4	0	24	0
176	Berytus	Eastern Mediterranean	Italy	0	0	0	5	0	29	0	0	1	0	6	0	35	0	2	6.5	30.76923077	5	6.153846154	33	0.932400932	0	12	0	4	0	24	0
177	Berytus	Eastern Mediterranean	Gallia	0	0	0	5	0	29	0	0	1	0	6	0	35	0	0	6.5	0	5	0	33	0	0	12	0	4	0	24	0
178	Berytus	Eastern Mediterranean	Eastern Mediterranean	0	0	0	5	0	29	0	1	1	100	6	16.66666667	35	2.857142857	4.5	6.5	69.23076923	5	13.84615385	33	2.097902098	8	12	66.66666667	4	16.66666667	24	2.777777778
179	Berytus	Eastern Mediterranean	North Africa	0	0	0	5	0	29	0	0	1	0	6	0	35	0	0	6.5	0	5	0	33	0	0	12	0	4	0	24	0
180	Berytus	Eastern Mediterranean	unknown	0	0	0	5	0	29	0	0	1	0	6	0	35	0	0	6.5	0	5	0	33	0	4	12	33.33333333	4	8.333333333	24	1.388888889
181	Berytus	Eastern Mediterranean	Aegean	0	0	0	5	0	29	0	0	1	0	6	0	35	0	0	6.5	0	5	0	33	0	0	12	0	4	0	24	0
182	Berytus	Eastern Mediterranean	Western Mediterranean	0	0	0	5	0	29	0	0	1	0	6	0	35	0	0	6.5	0	5	0	33	0	0	12	0	4	0	24	0
183	Berytus	Eastern Mediterranean	Pontic Sea	0	0	0	5	0	29	0	0	1	0	6	0	35	0	0	6.5	0	5	0	33	0	0	12	0	4	0	24	0
184	Berytus	Eastern Mediterranean	Adria	0	0	0	5	0	29	0	0	1	0	6	0	35	0	0	6.5	0	5	0	33	0	0	12	0	4	0	24	0
185	Berytus	Eastern Mediterranean	Egypt	0	0	0	5	0	29	0	0	1	0	6	0	35	0	0	6.5	0	5	0	33	0	0	12	0	4	0	24	0
186	Berytus	Eastern Mediterranean	Iberian Peninsula	0	0	0	5	0	29	0	0	1	0	6	0	35	0	0	6.5	0	5	0	33	0	0	12	0	4	0	24	0
198	Alexandria	Egypt	Italy	1.5	18.25	8.219178082	2	4.109589041	29	0.283419934	1.5	18.25	8.219178082	2	4.109589041	35	0.234833659	1.5	18.25	8.219178082	2	4.109589041	33	0.249066002	0	0	0	1	0	24	0
199	Alexandria	Egypt	Gallia	0	18.25	0	2	0	29	0	0	18.25	0	2	0	35	0	0	18.25	0	2	0	33	0	0	0	0	1	0	24	0
200	Alexandria	Egypt	Eastern Mediterranean	13.5	18.25	73.97260274	2	36.98630137	29	2.550779405	13.5	18.25	73.97260274	2	36.98630137	35	2.113502935	13.5	18.25	73.97260274	2	36.98630137	33	2.241594022	0	0	0	1	0	24	0
201	Alexandria	Egypt	North Africa	0	18.25	0	2	0	29	0	0	18.25	0	2	0	35	0	0	18.25	0	2	0	33	0	0	0	0	1	0	24	0
202	Alexandria	Egypt	unknown	0	18.25	0	2	0	29	0	0	18.25	0	2	0	35	0	0	18.25	0	2	0	33	0	0	0	0	1	0	24	0
203	Alexandria	Egypt	Aegean	0.25	18.25	1.369863014	2	0.684931507	29	0.047236656	0.25	18.25	1.369863014	2	0.684931507	35	0.039138943	0.25	18.25	1.369863014	2	0.684931507	33	0.041511	0	0	0	1	0	24	0
204	Alexandria	Egypt	Western Mediterranean	0.25	18.25	1.369863014	2	0.684931507	29	0.047236656	0.25	18.25	1.369863014	2	0.684931507	35	0.039138943	0.25	18.25	1.369863014	2	0.684931507	33	0.041511	0	0	0	1	0	24	0
205	Alexandria	Egypt	Pontic Sea	0.5	18.25	2.739726027	2	1.369863014	29	0.094473311	0.5	18.25	2.739726027	2	1.369863014	35	0.078277886	0.5	18.25	2.739726027	2	1.369863014	33	0.083022001	0	0	0	1	0	24	0
206	Alexandria	Egypt	Adria	0	18.25	0	2	0	29	0	0	18.25	0	2	0	35	0	0	18.25	0	2	0	33	0	0	0	0	1	0	24	0
207	Alexandria	Egypt	Egypt	2.25	18.25	12.32876712	2	6.16438356	29	0.425129901	2.25	18.25	12.32876712	2	6.16438356	35	0.352250489	2.25	18.25	12.32876712	2	6.16438356	33	0.373599004	0	0	0	1	0	24	0
208	Alexandria	Egypt	Iberian Peninsula	0	18.25	0	2	0	29	0	0	18.25	0	2	0	35	0	0	18.25	0	2	0	33	0	0	0	0	1	0	24	0
209	Karanis	Egypt	Italy	0	6.35	0	2	0	29	0	0	4.9	0	2	0	35	0	0	7.82	0	2	0	33	0	0	7.65	0	1	0	24	0
210	Karanis	Egypt	Gallia	0	6.35	0	2	0	29	0	0	4.9	0	2	0	35	0	0	7.82	0	2	0	33	0	0	7.65	0	1	0	24	0
211	Karanis	Egypt	Eastern Mediterranean	0	6.35	0	2	0	29	0	0	4.9	0	2	0	35	0	0	7.82	0	2	0	33	0	0	7.65	0	1	0	24	0
212	Karanis	Egypt	North Africa	2.55	6.35	40.15748031	2	20.07874016	29	1.384740701	0.6	4.9	12.24489796	2	6.12244898	35	0.349854227	0.52	7.82	6.649616368	2	3.324808184	33	0.201503526	0.85	7.65	11.11111111	1	11.11111111	24	0.462962963
213	Karanis	Egypt	unknown	1.25	6.35	19.68503937	2	9.842519685	29	0.678794461	1.75	4.9	35.71428571	2	17.85714286	35	1.020408163	3.75	7.82	47.95396419	2	23.9769821	33	1.45315043	3.25	7.65	42.48366013	1	42.48366013	24	1.770152505
214	Karanis	Egypt	Aegean	0	6.35	0	2	0	29	0	0	4.9	0	2	0	35	0	0	7.82	0	2	0	33	0	0	7.65	0	1	0	24	0
215	Karanis	Egypt	Western Mediterranean	0	6.35	0	2	0	29	0	0	4.9	0	2	0	35	0	0	7.82	0	2	0	33	0	0	7.65	0	1	0	24	0
216	Karanis	Egypt	Pontic Sea	0	6.35	0	2	0	29	0	0	4.9	0	2	0	35	0	0	7.82	0	2	0	33	0	0	7.65	0	1	0	24	0
217	Karanis	Egypt	Adria	0	6.35	0	2	0	29	0	0	4.9	0	2	0	35	0	0	7.82	0	2	0	33	0	0	7.65	0	1	0	24	0
218	Karanis	Egypt	Egypt	2.55	6.35	40.15748031	2	20.07874016	29	1.384740701	2.55	4.9	52.04081633	2	26.02040817	35	1.486880466	3.55	7.82	45.39641944	2	22.69820972	33	1.375649074	3.55	7.65	46.40522876	1	46.40522876	24	1.933551198
219	Karanis	Egypt	Iberian Peninsula	0	6.35	0	2	0	29	0	0	4.9	0	2	0	35	0	0	7.82	0	2	0	33	0	0	7.65	0	1	0	24	0
220	La Nautique	Gallia	Italy	3	35	8.571428571	2	4.285714286	29	0.295566502	0	0	0	2	0	35	0	0	0	0	1	0	33	0	0	0	0	0	0	24	0
221	La Nautique	Gallia	Gallia	0	35	0	2	0	29	0	0	0	0	2	0	35	0	0	0	0	1	0	33	0	0	0	0	0	0	24	0
222	La Nautique	Gallia	Eastern Mediterranean	0	35	0	2	0	29	0	0	0	0	2	0	35	0	0	0	0	1	0	33	0	0	0	0	0	0	24	0
223	La Nautique	Gallia	North Africa	0	35	0	2	0	29	0	0	0	0	2	0	35	0	0	0	0	1	0	33	0	0	0	0	0	0	24	0
224	La Nautique	Gallia	unknown	26	35	74.28571429	2	37.14285715	29	2.561576355	0	0	0	2	0	35	0	0	0	0	1	0	33	0	0	0	0	0	0	24	0
225	La Nautique	Gallia	Aegean	0	35	0	2	0	29	0	0	0	0	2	0	35	0	0	0	0	1	0	33	0	0	0	0	0	0	24	0
226	La Nautique	Gallia	Western Mediterranean	6	35	17.14285714	2	8.57142857	29	0.591133005	0	0	0	2	0	35	0	0	0	0	1	0	33	0	0	0	0	0	0	24	0
227	La Nautique	Gallia	Pontic Sea	0	35	0	2	0	29	0	0	0	0	2	0	35	0	0	0	0	1	0	33	0	0	0	0	0	0	24	0
228	La Nautique	Gallia	Adria	0	35	0	2	0	29	0	0	0	0	2	0	35	0	0	0	0	1	0	33	0	0	0	0	0	0	24	0
229	La Nautique	Gallia	Egypt	0	35	0	2	0	29	0	0	0	0	2	0	35	0	0	0	0	1	0	33	0	0	0	0	0	0	24	0
230	La Nautique	Gallia	Iberian Peninsula	0	35	0	2	0	29	0	0	0	0	2	0	35	0	0	0	0	1	0	33	0	0	0	0	0	0	24	0
231	Lyon	Gallia	Italy	0	0	0	2	0	29	0	4	43	9.302325581	2	4.651162791	35	0.265780731	0	0	0	1	0	33	0	0	0	0	0	0	24	0
232	Lyon	Gallia	Gallia	0	0	0	2	0	29	0	39	43	90.69767442	2	45.34883721	35	2.591362126	0	0	0	1	0	33	0	0	0	0	0	0	24	0
233	Lyon	Gallia	Eastern Mediterranean	0	0	0	2	0	29	0	0	43	0	2	0	35	0	0	0	0	1	0	33	0	0	0	0	0	0	24	0
234	Lyon	Gallia	North Africa	0	0	0	2	0	29	0	0	43	0	2	0	35	0	0	0	0	1	0	33	0	0	0	0	0	0	24	0
235	Lyon	Gallia	unknown	0	0	0	2	0	29	0	0	43	0	2	0	35	0	0	0	0	1	0	33	0	0	0	0	0	0	24	0
236	Lyon	Gallia	Aegean	0	0	0	2	0	29	0	0	43	0	2	0	35	0	0	0	0	1	0	33	0	0	0	0	0	0	24	0
237	Lyon	Gallia	Western Mediterranean	0	0	0	2	0	29	0	0	43	0	2	0	35	0	0	0	0	1	0	33	0	0	0	0	0	0	24	0
238	Lyon	Gallia	Pontic Sea	0	0	0	2	0	29	0	0	43	0	2	0	35	0	0	0	0	1	0	33	0	0	0	0	0	0	24	0
239	Lyon	Gallia	Adria	0	0	0	2	0	29	0	0	43	0	2	0	35	0	0	0	0	1	0	33	0	0	0	0	0	0	24	0
240	Lyon	Gallia	Egypt	0	0	0	2	0	29	0	0	43	0	2	0	35	0	0	0	0	1	0	33	0	0	0	0	0	0	24	0
241	Lyon	Gallia	Iberian Peninsula	0	0	0	2	0	29	0	0	43	0	2	0	35	0	0	0	0	1	0	33	0	0	0	0	0	0	24	0
242	Narbonne	Gallia	Italy	275.8	575.7	47.90689595	2	23.95344798	29	1.651961929	18	84.5	21.30177515	2	10.65088758	35	0.608622147	1	5.5	18.18181818	1	18.18181818	33	0.550964187	0	0	0	0	0	24	0
243	Narbonne	Gallia	Gallia	81.3	575.7	14.12193851	2	7.060969255	29	0.486963397	55	84.5	65.0887574	2	32.5443787	35	1.859678783	2	5.5	36.36363636	1	36.36363636	33	1.101928375	0	0	0	0	0	24	0
244	Narbonne	Gallia	Eastern Mediterranean	0	575.7	0	2	0	29	0	0	84.5	0	2	0	35	0	0	5.5	0	1	0	33	0	0	0	0	0	0	24	0
245	Narbonne	Gallia	North Africa	0	575.7	0	2	0	29	0	0	84.5	0	2	0	35	0	0	5.5	0	1	0	33	0	0	0	0	0	0	24	0
246	Narbonne	Gallia	unknown	122.4	575.7	21.26107348	2	10.63053674	29	0.733140465	10	84.5	11.83431953	2	5.917159765	35	0.338123415	2.5	5.5	45.45454545	1	45.45454545	33	1.377410468	0	0	0	0	0	24	0
247	Narbonne	Gallia	Aegean	0	575.7	0	2	0	29	0	0	84.5	0	2	0	35	0	0	5.5	0	1	0	33	0	0	0	0	0	0	24	0
248	Narbonne	Gallia	Western Mediterranean	95.6	575.7	16.60587111	2	8.302935555	29	0.572616245	1.5	84.5	1.775147929	2	0.887573965	35	0.050718512	0	5.5	0	1	0	33	0	0	0	0	0	0	24	0
249	Narbonne	Gallia	Pontic Sea	0	575.7	0	2	0	29	0	0	84.5	0	2	0	35	0	0	5.5	0	1	0	33	0	0	0	0	0	0	24	0
250	Narbonne	Gallia	Adria	0	575.7	0	2	0	29	0	0	84.5	0	2	0	35	0	0	5.5	0	1	0	33	0	0	0	0	0	0	24	0
251	Narbonne	Gallia	Egypt	0	575.7	0	2	0	29	0	0	84.5	0	2	0	35	0	0	5.5	0	1	0	33	0	0	0	0	0	0	24	0
252	Narbonne	Gallia	Iberian Peninsula	0.6	575.7	0.104220948	2	0.052110474	29	0.003593826	0	84.5	0	2	0	35	0	0	5.5	0	1	0	33	0	0	0	0	0	0	24	0
253	Albintimilium	Italy	Italy	95.91665	113.3333	84.63236313	6	14.10539386	29	2.918357349	73.6666	147.8332	49.83089049	8	6.228861311	35	1.423739728	70.6666	191.58326	36.88558176	8	4.61069772	33	1.117744902	3.05	12.3	24.79674797	5	4.959349594	24	1.033197832
254	Albintimilium	Italy	Gallia	11.41665	113.3333	10.07351767	6	1.678919612	29	0.347362678	63.6666	147.8332	43.06651009	8	5.383313761	35	1.230471717	100.81666	191.58326	52.62289618	8	6.577862023	33	1.594633217	1.65	12.3	13.41463415	5	2.68292683	24	0.558943089
255	Albintimilium	Italy	Eastern Mediterranean	0	113.3333	0	6	0	29	0	0	147.8332	0	8	0	35	0	0	191.58326	0	8	0	33	0	0	12.3	0	5	0	24	0
256	Albintimilium	Italy	North Africa	0	113.3333	0	6	0	29	0	3.5	147.8332	2.367533139	8	0.295941642	35	0.067643804	13.2	191.58326	6.88995479	8	0.861244349	33	0.208786509	6.7	12.3	54.47154472	5	10.89430894	24	2.269647696
257	Albintimilium	Italy	unknown	3	113.3333	2.647059602	6	0.4411766	29	0.091277917	5	147.8332	3.382190198	8	0.422773775	35	0.096634006	5.9	191.58326	3.079601005	8	0.384950126	33	0.093321243	0.9	12.3	7.317073171	5	1.463414634	24	0.304878049
258	Albintimilium	Italy	Aegean	0	113.3333	0	6	0	29	0	0	147.8332	0	8	0	35	0	0	191.58326	0	8	0	33	0	0	12.3	0	5	0	24	0
259	Albintimilium	Italy	Western Mediterranean	0	113.3333	0	6	0	29	0	0	147.8332	0	8	0	35	0	0	191.58326	0	8	0	33	0	0	12.3	0	5	0	24	0
260	Albintimilium	Italy	Pontic Sea	0	113.3333	0	6	0	29	0	0	147.8332	0	8	0	35	0	0	191.58326	0	8	0	33	0	0	12.3	0	5	0	24	0
261	Albintimilium	Italy	Adria	0	113.3333	0	6	0	29	0	0	147.8332	0	8	0	35	0	0	191.58326	0	8	0	33	0	0	12.3	0	5	0	24	0
262	Albintimilium	Italy	Egypt	0	113.3333	0	6	0	29	0	0	147.8332	0	8	0	35	0	0	191.58326	0	8	0	33	0	0	12.3	0	5	0	24	0
263	Albintimilium	Italy	Iberian Peninsula	3	113.3333	2.647059602	6	0.4411766	29	0.091277917	2	147.8332	1.352876079	8	0.16910951	35	0.038653602	1	191.58326	0.521966272	8	0.065245784	33	0.01581716	0	12.3	0	5	0	24	0
264	Metaponto	Italy	Italy	0	0	0	6	0	29	0	55.5	179.5	30.91922006	8	3.864902508	35	0.883406287	55.5	179.5	30.91922006	8	3.864902508	33	0.936946062	0	0	0	5	0	24	0
265	Metaponto	Italy	Gallia	0	0	0	6	0	29	0	0.5	179.5	0.278551532	8	0.034818942	35	0.007958615	0.5	179.5	0.278551532	8	0.034818942	33	0.008440956	0	0	0	5	0	24	0
266	Metaponto	Italy	Eastern Mediterranean	0	0	0	6	0	29	0	7	179.5	3.899721448	8	0.487465181	35	0.111420613	7	179.5	3.899721448	8	0.487465181	33	0.118173377	0	0	0	5	0	24	0
267	Metaponto	Italy	North Africa	0	0	0	6	0	29	0	79	179.5	44.01114206	8	5.501392758	35	1.257461202	79	179.5	44.01114206	8	5.501392758	33	1.333670972	0	0	0	5	0	24	0
268	Metaponto	Italy	unknown	0	0	0	6	0	29	0	0	179.5	0	8	0	35	0	0	179.5	0	8	0	33	0	0	0	0	5	0	24	0
269	Metaponto	Italy	Aegean	0	0	0	6	0	29	0	4.5	179.5	2.506963788	8	0.313370474	35	0.071627537	4.5	179.5	2.506963788	8	0.313370474	33	0.0759686	0	0	0	5	0	24	0
270	Metaponto	Italy	Western Mediterranean	0	0	0	6	0	29	0	33	179.5	18.38440111	8	2.298050139	35	0.525268603	33	179.5	18.38440111	8	2.298050139	33	0.557103064	0	0	0	5	0	24	0
271	Metaponto	Italy	Pontic Sea	0	0	0	6	0	29	0	0	179.5	0	8	0	35	0	0	179.5	0	8	0	33	0	0	0	0	5	0	24	0
272	Metaponto	Italy	Adria	0	0	0	6	0	29	0	0	179.5	0	8	0	35	0	0	179.5	0	8	0	33	0	0	0	0	5	0	24	0
273	Metaponto	Italy	Egypt	0	0	0	6	0	29	0	0	179.5	0	8	0	35	0	0	179.5	0	8	0	33	0	0	0	0	5	0	24	0
274	Metaponto	Italy	Iberian Peninsula	0	0	0	6	0	29	0	0	179.5	0	8	0	35	0	0	179.5	0	8	0	33	0	0	0	0	5	0	24	0
275	Monte Iato	Italy	Italy	1.5	1.5	100	6	16.66666667	29	3.448275862	168	222.5	75.50561798	8	9.438202248	35	2.157303371	40	71.5	55.94405594	8	6.993006993	33	1.695274423	0	0	0	5	0	24	0
276	Monte Iato	Italy	Gallia	0	1.5	0	6	0	29	0	0	222.5	0	8	0	35	0	0	71.5	0	8	0	33	0	0	0	0	5	0	24	0
277	Monte Iato	Italy	Eastern Mediterranean	0	1.5	0	6	0	29	0	0	222.5	0	8	0	35	0	0	71.5	0	8	0	33	0	0	0	0	5	0	24	0
278	Monte Iato	Italy	North Africa	0	1.5	0	6	0	29	0	0	222.5	0	8	0	35	0	0	71.5	0	8	0	33	0	0	0	0	5	0	24	0
279	Monte Iato	Italy	unknown	0	1.5	0	6	0	29	0	12	222.5	5.393258427	8	0.674157303	35	0.154093098	9	71.5	12.58741259	8	1.573426574	33	0.381436745	0	0	0	5	0	24	0
280	Monte Iato	Italy	Aegean	0	1.5	0	6	0	29	0	0	222.5	0	8	0	35	0	0	71.5	0	8	0	33	0	0	0	0	5	0	24	0
281	Monte Iato	Italy	Western Mediterranean	0	1.5	0	6	0	29	0	42.5	222.5	19.1011236	8	2.38764045	35	0.545746388	22.5	71.5	31.46853147	8	3.933566434	33	0.953591863	0	0	0	5	0	24	0
282	Monte Iato	Italy	Pontic Sea	0	1.5	0	6	0	29	0	0	222.5	0	8	0	35	0	0	71.5	0	8	0	33	0	0	0	0	5	0	24	0
283	Monte Iato	Italy	Adria	0	1.5	0	6	0	29	0	0	222.5	0	8	0	35	0	0	71.5	0	8	0	33	0	0	0	0	5	0	24	0
284	Monte Iato	Italy	Egypt	0	1.5	0	6	0	29	0	0	222.5	0	8	0	35	0	0	71.5	0	8	0	33	0	0	0	0	5	0	24	0
285	Monte Iato	Italy	Iberian Peninsula	0	1.5	0	6	0	29	0	0	222.5	0	8	0	35	0	0	71.5	0	8	0	33	0	0	0	0	5	0	24	0
286	Morgantina	Italy	Italy	320	418	76.55502392	6	12.75917065	29	2.639828411	344	436	78.89908257	8	9.862385321	35	2.254259502	0	0	0	8	0	33	0	0	0	0	5	0	24	0
287	Morgantina	Italy	Gallia	0	418	0	6	0	29	0	0	436	0	8	0	35	0	0	0	0	8	0	33	0	0	0	0	5	0	24	0
288	Morgantina	Italy	Eastern Mediterranean	18	418	4.306220096	6	0.717703349	29	0.148490348	48	436	11.00917431	8	1.376146789	35	0.314547837	0	0	0	8	0	33	0	0	0	0	5	0	24	0
289	Morgantina	Italy	North Africa	0	418	0	6	0	29	0	0	436	0	8	0	35	0	0	0	0	8	0	33	0	0	0	0	5	0	24	0
290	Morgantina	Italy	unknown	14	418	3.349282297	6	0.558213716	29	0.115492493	7	436	1.605504587	8	0.200688073	35	0.04587156	0	0	0	8	0	33	0	0	0	0	5	0	24	0
291	Morgantina	Italy	Aegean	9	418	2.153110048	6	0.358851675	29	0.074245174	1	436	0.229357798	8	0.028669725	35	0.00655308	0	0	0	8	0	33	0	0	0	0	5	0	24	0
292	Morgantina	Italy	Western Mediterranean	57	418	13.63636364	6	2.272727273	29	0.470219436	36	436	8.256880734	8	1.032110092	35	0.235910878	0	0	0	8	0	33	0	0	0	0	5	0	24	0
293	Morgantina	Italy	Pontic Sea	0	418	0	6	0	29	0	0	436	0	8	0	35	0	0	0	0	8	0	33	0	0	0	0	5	0	24	0
294	Morgantina	Italy	Adria	0	418	0	6	0	29	0	0	436	0	8	0	35	0	0	0	0	8	0	33	0	0	0	0	5	0	24	0
295	Morgantina	Italy	Egypt	0	418	0	6	0	29	0	0	436	0	8	0	35	0	0	0	0	8	0	33	0	0	0	0	5	0	24	0
296	Morgantina	Italy	Iberian Peninsula	0	418	0	6	0	29	0	0	436	0	8	0	35	0	0	0	0	8	0	33	0	0	0	0	5	0	24	0
297	Ostia	Italy	Italy	0	0	0	6	0	29	0	8	13.5	59.25925926	8	7.407407408	35	1.693121693	3525	6647	53.03144276	8	6.628930345	33	1.607013417	557	1304	42.71472393	5	8.542944786	24	1.779780164
298	Ostia	Italy	Gallia	0	0	0	6	0	29	0	0	13.5	0	8	0	35	0	1016.5	6647	15.29261321	8	1.911576651	33	0.463412521	119.5	1304	9.164110429	5	1.832822086	24	0.381837935
299	Ostia	Italy	Eastern Mediterranean	0	0	0	6	0	29	0	0	13.5	0	8	0	35	0	64	6647	0.962840379	8	0.120355047	33	0.029176981	3	1304	0.23006135	5	0.04601227	24	0.00958589
300	Ostia	Italy	North Africa	0	0	0	6	0	29	0	0	13.5	0	8	0	35	0	108.5	6647	1.63231533	8	0.204039416	33	0.049464101	63.5	1304	4.869631902	5	0.97392638	24	0.202901329
301	Ostia	Italy	unknown	0	0	0	6	0	29	0	0	13.5	0	8	0	35	0	55	6647	0.827440951	8	0.103430119	33	0.025073968	2	1304	0.153374233	5	0.030674847	24	0.006390593
302	Ostia	Italy	Aegean	0	0	0	6	0	29	0	0	13.5	0	8	0	35	0	94.5	6647	1.421693997	8	0.17771175	33	0.043081636	30.5	1304	2.338957055	5	0.467791411	24	0.097456544
303	Ostia	Italy	Western Mediterranean	0	0	0	6	0	29	0	5.5	13.5	40.74074074	8	5.092592593	35	1.164021164	1762	6647	26.50819919	8	3.313524899	33	0.803278763	518	1304	39.72392638	5	7.944785276	24	1.655163599
304	Ostia	Italy	Pontic Sea	0	0	0	6	0	29	0	0	13.5	0	8	0	35	0	15	6647	0.225665714	8	0.028208214	33	0.006838355	5	1304	0.383435583	5	0.076687117	24	0.015976483
305	Ostia	Italy	Adria	0	0	0	6	0	29	0	0	13.5	0	8	0	35	0	0	6647	0	8	0	33	0	0	1304	0	5	0	24	0
306	Ostia	Italy	Egypt	0	0	0	6	0	29	0	0	13.5	0	8	0	35	0	0	6647	0	8	0	33	0	0	1304	0	5	0	24	0
307	Ostia	Italy	Iberian Peninsula	0	0	0	6	0	29	0	0	13.5	0	8	0	35	0	6.5	6647	0.097788476	8	0.01222356	33	0.002963287	5.5	1304	0.421779141	5	0.084355828	24	0.017574131
308	Padova	Italy	Italy	3.18	3.18	100	6	16.66666667	29	3.448275862	5.27	7.637	69.00615425	8	8.625769281	35	1.971604407	3.18	7.6325	41.66393711	8	5.207992139	33	1.262543549	0	0	0	5	0	24	0
309	Padova	Italy	Gallia	0	3.18	0	6	0	29	0	0.0045	7.637	0.058923661	8	0.007365458	35	0.001683533	2.09	7.6325	27.38290206	8	3.422862758	33	0.829784911	0	0	0	5	0	24	0
310	Padova	Italy	Eastern Mediterranean	0	3.18	0	6	0	29	0	0.0675	7.637	0.883854917	8	0.110481865	35	0.025252998	0.0675	7.6325	0.884376024	8	0.110547003	33	0.026799273	0	0	0	5	0	24	0
311	Padova	Italy	North Africa	0	3.18	0	6	0	29	0	0	7.637	0	8	0	35	0	0	7.6325	0	8	0	33	0	0	0	0	5	0	24	0
312	Padova	Italy	unknown	0	3.18	0	6	0	29	0	0.045	7.637	0.589236611	8	0.073654576	35	0.016835332	0.045	7.6325	0.589584016	8	0.073698002	33	0.017866182	0	0	0	5	0	24	0
313	Padova	Italy	Aegean	0	3.18	0	6	0	29	0	0	7.637	0	8	0	35	0	0	7.6325	0	8	0	33	0	0	0	0	5	0	24	0
314	Padova	Italy	Western Mediterranean	0	3.18	0	6	0	29	0	2.25	7.637	29.46183056	8	3.68272882	35	0.841766587	2.25	7.6325	29.47920079	8	3.684900099	33	0.893309115	0	0	0	5	0	24	0
315	Padova	Italy	Pontic Sea	0	3.18	0	6	0	29	0	0	7.637	0	8	0	35	0	0	7.6325	0	8	0	33	0	0	0	0	5	0	24	0
316	Padova	Italy	Adria	0	3.18	0	6	0	29	0	0	7.637	0	8	0	35	0	0	7.6325	0	8	0	33	0	0	0	0	5	0	24	0
317	Padova	Italy	Egypt	0	3.18	0	6	0	29	0	0	7.637	0	8	0	35	0	0	7.6325	0	8	0	33	0	0	0	0	5	0	24	0
318	Padova	Italy	Iberian Peninsula	0	3.18	0	6	0	29	0	0	7.637	0	8	0	35	0	0	7.6325	0	8	0	33	0	0	0	0	5	0	24	0
319	Prima Porta	Italy	Italy	79	79	100	6	16.66666667	29	3.448275862	34	34	100	8	12.5	35	2.857142857	108	110	98.18181818	8	12.27272727	33	2.975206612	0.75	2	37.5	5	7.5	24	1.5625
320	Prima Porta	Italy	Gallia	0	79	0	6	0	29	0	0	34	0	8	0	35	0	2	110	1.818181818	8	0.227272727	33	0.055096419	0	2	0	5	0	24	0
321	Prima Porta	Italy	Eastern Mediterranean	0	79	0	6	0	29	0	0	34	0	8	0	35	0	0	110	0	8	0	33	0	0	2	0	5	0	24	0
322	Prima Porta	Italy	North Africa	0	79	0	6	0	29	0	0	34	0	8	0	35	0	0	110	0	8	0	33	0	1.25	2	62.5	5	12.5	24	2.604166667
323	Prima Porta	Italy	unknown	0	79	0	6	0	29	0	0	34	0	8	0	35	0	0	110	0	8	0	33	0	0	2	0	5	0	24	0
324	Prima Porta	Italy	Aegean	0	79	0	6	0	29	0	0	34	0	8	0	35	0	0	110	0	8	0	33	0	0	2	0	5	0	24	0
325	Prima Porta	Italy	Western Mediterranean	0	79	0	6	0	29	0	0	34	0	8	0	35	0	0	110	0	8	0	33	0	0	2	0	5	0	24	0
326	Prima Porta	Italy	Pontic Sea	0	79	0	6	0	29	0	0	34	0	8	0	35	0	0	110	0	8	0	33	0	0	2	0	5	0	24	0
327	Prima Porta	Italy	Adria	0	79	0	6	0	29	0	0	34	0	8	0	35	0	0	110	0	8	0	33	0	0	2	0	5	0	24	0
328	Prima Porta	Italy	Egypt	0	79	0	6	0	29	0	0	34	0	8	0	35	0	0	110	0	8	0	33	0	0	2	0	5	0	24	0
329	Prima Porta	Italy	Iberian Peninsula	0	79	0	6	0	29	0	0	34	0	8	0	35	0	0	110	0	8	0	33	0	0	2	0	5	0	24	0
330	Rome	Italy	Italy	0	0	0	6	0	29	0	0	0	0	8	0	35	0	1665	3050	54.59016393	8	6.823770491	33	1.654247392	257.4	594.8	43.27505044	5	8.655010088	24	1.803127102
331	Rome	Italy	Gallia	0	0	0	6	0	29	0	0	0	0	8	0	35	0	64	3050	2.098360656	8	0.262295082	33	0.063586687	1.6	594.8	0.268997983	5	0.053799597	24	0.011208249
332	Rome	Italy	Eastern Mediterranean	0	0	0	6	0	29	0	0	0	0	8	0	35	0	2	3050	0.06557377	8	0.008196721	33	0.001987084	0.8	594.8	0.134498991	5	0.026899798	24	0.005604125
333	Rome	Italy	North Africa	0	0	0	6	0	29	0	0	0	0	8	0	35	0	13	3050	0.426229508	8	0.053278689	33	0.012916046	165.4	594.8	27.80766644	5	5.561533288	24	1.158652768
334	Rome	Italy	unknown	0	0	0	6	0	29	0	0	0	0	8	0	35	0	1260	3050	41.31147541	8	5.163934426	33	1.251862891	126.4	594.8	21.25084062	5	4.250168124	24	0.885451692
335	Rome	Italy	Aegean	0	0	0	6	0	29	0	0	0	0	8	0	35	0	10	3050	0.327868852	8	0.040983607	33	0.00993542	42.4	594.8	7.128446537	5	1.425689307	24	0.297018606
336	Rome	Italy	Western Mediterranean	0	0	0	6	0	29	0	0	0	0	8	0	35	0	0	3050	0	8	0	33	0	0	594.8	0	5	0	24	0
337	Rome	Italy	Pontic Sea	0	0	0	6	0	29	0	0	0	0	8	0	35	0	0	3050	0	8	0	33	0	0	594.8	0	5	0	24	0
338	Rome	Italy	Adria	0	0	0	6	0	29	0	0	0	0	8	0	35	0	0	3050	0	8	0	33	0	0	594.8	0	5	0	24	0
339	Rome	Italy	Egypt	0	0	0	6	0	29	0	0	0	0	8	0	35	0	0	3050	0	8	0	33	0	0	594.8	0	5	0	24	0
340	Rome	Italy	Iberian Peninsula	0	0	0	6	0	29	0	0	0	0	8	0	35	0	36	3050	1.180327869	8	0.147540984	33	0.035767511	0.8	594.8	0.134498991	5	0.026899798	24	0.005604125
341	Settefinestre	Italy	Italy	385.3332	408.4165	94.34809808	6	15.72468301	29	3.253382692	228.3332	251.4165	90.81870124	8	11.35233766	35	2.594820035	228.3332	251.4165	90.81870124	8	11.35233766	33	2.752081856	2060.5	2151.75	95.75926571	5	19.15185314	24	3.989969405
342	Settefinestre	Italy	Gallia	0	408.4165	0	6	0	29	0	0	251.4165	0	8	0	35	0	0	251.4165	0	8	0	33	0	3.5	2151.75	0.162658301	5	0.03253166	24	0.006777429
343	Settefinestre	Italy	Eastern Mediterranean	1	408.4165	0.24484809	6	0.040808015	29	0.008443038	1	251.4165	0.397746369	8	0.049718296	35	0.011364182	1	251.4165	0.397746369	8	0.049718296	33	0.01205292	7	2151.75	0.325316603	5	0.065063321	24	0.013554858
344	Settefinestre	Italy	North Africa	19.3333	408.4165	4.733721581	6	0.788953597	29	0.163231779	19.3333	251.4165	7.689749877	8	0.961218735	35	0.219707139	19.3333	251.4165	7.689749877	8	0.961218735	33	0.233022724	68	2151.75	3.160218427	5	0.632043685	24	0.131675768
345	Settefinestre	Italy	unknown	2.75	408.4165	0.673332248	6	0.112222041	29	0.023218353	2.75	251.4165	1.093802515	8	0.136725314	35	0.0312515	2.75	251.4165	1.093802515	8	0.136725314	33	0.033145531	8.25	2151.75	0.383408853	5	0.076681771	24	0.015975369
346	Settefinestre	Italy	Aegean	0	408.4165	0	6	0	29	0	0	251.4165	0	8	0	35	0	0	251.4165	0	8	0	33	0	4.5	2151.75	0.209132102	5	0.04182642	24	0.008713838
347	Settefinestre	Italy	Western Mediterranean	0	408.4165	0	6	0	29	0	0	251.4165	0	8	0	35	0	0	251.4165	0	8	0	33	0	0	2151.75	0	5	0	24	0
348	Settefinestre	Italy	Pontic Sea	0	408.4165	0	6	0	29	0	0	251.4165	0	8	0	35	0	0	251.4165	0	8	0	33	0	0	2151.75	0	5	0	24	0
349	Settefinestre	Italy	Adria	0	408.4165	0	6	0	29	0	0	251.4165	0	8	0	35	0	0	251.4165	0	8	0	33	0	0	2151.75	0	5	0	24	0
350	Settefinestre	Italy	Egypt	0	408.4165	0	6	0	29	0	0	251.4165	0	8	0	35	0	0	251.4165	0	8	0	33	0	0	2151.75	0	5	0	24	0
351	Settefinestre	Italy	Iberian Peninsula	0	408.4165	0	6	0	29	0	0	251.4165	0	8	0	35	0	0	251.4165	0	8	0	33	0	0	2151.75	0	5	0	24	0
352	Berenike	North Africa	Italy	60.5	260.6659	23.20978693	3	7.736595643	29	0.80033748	197.5	469.9999	42.02128554	4	10.50532139	35	1.200608158	236	479.4998	49.21795588	4	12.30448897	33	1.491453208	3	206.8333	1.450443425	3	0.483481142	24	0.060435143
353	Berenike	North Africa	Gallia	0	260.6659	0	3	0	29	0	2.5	469.9999	0.531915007	4	0.132978752	35	0.015197572	5.5	479.4998	1.147028633	4	0.286757158	33	0.034758443	0	206.8333	0	3	0	24	0
354	Berenike	North Africa	Eastern Mediterranean	141.6666	260.6659	54.34796036	3	18.11598679	29	1.874067599	121.5	469.9999	25.85106933	4	6.462767333	35	0.738601981	56.6666	479.4998	11.81785686	4	2.954464215	33	0.358116874	18.5	206.8333	8.944401119	3	2.98146704	24	0.37268338
355	Berenike	North Africa	North Africa	2.5	260.6659	0.959082105	3	0.319694035	29	0.033071797	2	469.9999	0.425532005	4	0.106383001	35	0.012158057	0.5	479.4998	0.10427533	4	0.026068833	33	0.003159858	0	206.8333	0	3	0	24	0
356	Berenike	North Africa	unknown	0	260.6659	0	3	0	29	0	0	469.9999	0	4	0	35	0	0	479.4998	0	4	0	33	0	0	206.8333	0	3	0	24	0
357	Berenike	North Africa	Aegean	44.166	260.6659	16.94352809	3	5.647842697	29	0.584259589	57.6666	469.9999	12.26949197	4	3.067372993	35	0.350556913	124.6666	479.4998	25.99930177	4	6.499825443	33	0.787857629	158.5	206.8333	76.63176094	3	25.54392031	24	3.192990039
358	Berenike	North Africa	Western Mediterranean	11.3333	260.6659	4.347826087	3	1.449275362	29	0.149925037	76.3333	469.9999	16.24113112	4	4.06028278	35	0.464032318	31.1666	479.4998	6.499815016	4	1.624953754	33	0.196964091	0.8333	206.8333	0.402884835	3	0.134294945	24	0.016786868
359	Berenike	North Africa	Pontic Sea	0.5	260.6659	0.191816421	3	0.063938807	29	0.006614359	12.5	469.9999	2.659575034	4	0.664893759	35	0.075987858	25	479.4998	5.213766513	4	1.303441628	33	0.157992925	26	206.8333	12.57050968	3	4.190169893	24	0.523771237
360	Berenike	North Africa	Adria	0	260.6659	0	3	0	29	0	0	469.9999	0	4	0	35	0	0	479.4998	0	4	0	33	0	0	206.8333	0	3	0	24	0
361	Berenike	North Africa	Egypt	0	260.6659	0	3	0	29	0	0	469.9999	0	4	0	35	0	0	479.4998	0	4	0	33	0	0	206.8333	0	3	0	24	0
362	Berenike	North Africa	Iberian Peninsula	0	260.6659	0	3	0	29	0	0	469.9999	0	4	0	35	0	0	479.4998	0	4	0	33	0	0	206.8333	0	3	0	24	0
363	Carthage	North Africa	Italy	229	1146	19.98254799	3	6.66084933	29	0.689053379	168.5	589.75	28.57142857	4	7.142857143	35	0.816326531	32.75	433	7.563510393	4	1.890877598	33	0.229197285	864.75	1706.5	50.67389393	3	16.89129798	24	2.111412247
364	Carthage	North Africa	Gallia	0	1146	0	3	0	29	0	0	589.75	0	4	0	35	0	0	433	0	4	0	33	0	7	1706.5	0.410196308	3	0.136732103	24	0.017091513
365	Carthage	North Africa	Eastern Mediterranean	270	1146	23.56020942	3	7.85340314	29	0.812421015	0	589.75	0	4	0	35	0	0	433	0	4	0	33	0	0	1706.5	0	3	0	24	0
366	Carthage	North Africa	North Africa	633	1146	55.23560209	3	18.41186736	29	1.904675934	350.25	589.75	59.38957185	4	14.84739296	35	1.69684491	345.25	433	79.73441109	4	19.93360277	33	2.416194275	612.75	1706.5	35.90682684	3	11.96894228	24	1.496117785
367	Carthage	North Africa	unknown	5	1146	0.436300175	3	0.145433392	29	0.015044834	34.25	589.75	5.80754557	4	1.451886393	35	0.165929873	29.25	433	6.755196305	4	1.688799076	33	0.204702918	132.75	1706.5	7.779079988	3	2.593026663	24	0.324128333
368	Carthage	North Africa	Aegean	0	1146	0	3	0	29	0	0	589.75	0	4	0	35	0	0	433	0	4	0	33	0	0	1706.5	0	3	0	24	0
369	Carthage	North Africa	Western Mediterranean	9	1146	0.785340314	3	0.261780105	29	0.0270807	36.75	589.75	6.231454006	4	1.557863502	35	0.178041543	25.75	433	5.946882217	4	1.486720554	33	0.180208552	89.25	1706.5	5.23000293	3	1.74333431	24	0.217916789
370	Carthage	North Africa	Pontic Sea	0	1146	0	3	0	29	0	0	589.75	0	4	0	35	0	0	433	0	4	0	33	0	0	1706.5	0	3	0	24	0
371	Carthage	North Africa	Adria	0	1146	0	3	0	29	0	0	589.75	0	4	0	35	0	0	433	0	4	0	33	0	0	1706.5	0	3	0	24	0
372	Carthage	North Africa	Egypt	0	1146	0	3	0	29	0	0	589.75	0	4	0	35	0	0	433	0	4	0	33	0	0	1706.5	0	3	0	24	0
373	Carthage	North Africa	Iberian Peninsula	0	1146	0	3	0	29	0	0	589.75	0	4	0	35	0	0	433	0	4	0	33	0	0	1706.5	0	3	0	24	0
374	Leptis Magna	North Africa	Italy	0	0	0	3	0	29	0	11.5	21	54.76190476	4	13.69047619	35	1.56462585	11.5	21	54.76190476	4	13.69047619	33	1.659451659	0	0	0	3	0	24	0
375	Leptis Magna	North Africa	Gallia	0	0	0	3	0	29	0	0	21	0	4	0	35	0	0	21	0	4	0	33	0	0	0	0	3	0	24	0
376	Leptis Magna	North Africa	Eastern Mediterranean	0	0	0	3	0	29	0	6	21	28.57142857	4	7.142857143	35	0.816326531	6	21	28.57142857	4	7.142857143	33	0.865800866	0	0	0	3	0	24	0
377	Leptis Magna	North Africa	North Africa	0	0	0	3	0	29	0	0	21	0	4	0	35	0	0	21	0	4	0	33	0	0	0	0	3	0	24	0
378	Leptis Magna	North Africa	unknown	0	0	0	3	0	29	0	0	21	0	4	0	35	0	0	21	0	4	0	33	0	0	0	0	3	0	24	0
379	Leptis Magna	North Africa	Aegean	0	0	0	3	0	29	0	1	21	4.761904762	4	1.190476191	35	0.136054422	1	21	4.761904762	4	1.190476191	33	0.144300144	0	0	0	3	0	24	0
380	Leptis Magna	North Africa	Western Mediterranean	0	0	0	3	0	29	0	2.5	21	11.9047619	4	2.976190475	35	0.340136054	2.5	21	11.9047619	4	2.976190475	33	0.360750361	0	0	0	3	0	24	0
381	Leptis Magna	North Africa	Pontic Sea	0	0	0	3	0	29	0	0	21	0	4	0	35	0	0	21	0	4	0	33	0	0	0	0	3	0	24	0
382	Leptis Magna	North Africa	Adria	0	0	0	3	0	29	0	0	21	0	4	0	35	0	0	21	0	4	0	33	0	0	0	0	3	0	24	0
383	Leptis Magna	North Africa	Egypt	0	0	0	3	0	29	0	0	21	0	4	0	35	0	0	21	0	4	0	33	0	0	0	0	3	0	24	0
384	Leptis Magna	North Africa	Iberian Peninsula	0	0	0	3	0	29	0	0	21	0	4	0	35	0	0	21	0	4	0	33	0	0	0	0	3	0	24	0
385	Sabratha	North Africa	Italy	182.1666	583.0416	31.24418566	3	10.41472855	29	1.077385713	239.9166	591.6666	40.54928908	4	10.13732227	35	1.158551116	50.4166	181.8332	27.72683976	4	6.93170994	33	0.840207266	36.75	339.1666	10.83538297	3	3.611794323	24	0.45147429
386	Sabratha	North Africa	Gallia	0	583.0416	0	3	0	29	0	0	591.6666	0	4	0	35	0	0	181.8332	0	4	0	33	0	0	339.1666	0	3	0	24	0
387	Sabratha	North Africa	Eastern Mediterranean	359	583.0416	61.57365101	3	20.52455034	29	2.123229345	265.5	591.6666	44.87324449	4	11.21831112	35	1.2820927	50	181.8332	27.49772869	4	6.874432173	33	0.833264506	77.5	339.1666	22.85012734	3	7.616709113	24	0.952088639
388	Sabratha	North Africa	North Africa	38.875	583.0416	6.667620286	3	2.222540095	29	0.229917941	71.75	591.6666	12.12676193	4	3.031690483	35	0.346478912	71.75	181.8332	39.45924067	4	9.864810168	33	1.195734566	216.75	339.1666	63.90664647	3	21.30221549	24	2.662776936
389	Sabratha	North Africa	unknown	2	583.0416	0.343028696	3	0.114342899	29	0.011828576	12	591.6666	2.028169243	4	0.507042311	35	0.057947693	7.6666	181.8332	4.216281735	4	1.054070434	33	0.127766113	6.1666	339.1666	1.81816252	3	0.606054173	24	0.075756772
390	Sabratha	North Africa	Aegean	1	583.0416	0.171514348	3	0.057171449	29	0.005914288	2.5	591.6666	0.422535259	4	0.105633815	35	0.012072436	2	181.8332	1.099909148	4	0.274977287	33	0.03333058	2	339.1666	0.589680706	3	0.196560235	24	0.024570029
391	Sabratha	North Africa	Western Mediterranean	0	583.0416	0	3	0	29	0	0	591.6666	0	4	0	35	0	0	181.8332	0	4	0	33	0	0	339.1666	0	3	0	24	0
392	Sabratha	North Africa	Pontic Sea	0	583.0416	0	3	0	29	0	0	591.6666	0	4	0	35	0	0	181.8332	0	4	0	33	0	0	339.1666	0	3	0	24	0
393	Sabratha	North Africa	Adria	0	583.0416	0	3	0	29	0	0	591.6666	0	4	0	35	0	0	181.8332	0	4	0	33	0	0	339.1666	0	3	0	24	0
394	Sabratha	North Africa	Egypt	0	583.0416	0	3	0	29	0	0	591.6666	0	4	0	35	0	0	181.8332	0	4	0	33	0	0	339.1666	0	3	0	24	0
395	Sabratha	North Africa	Iberian Peninsula	0	583.0416	0	3	0	29	0	0	591.6666	0	4	0	35	0	0	181.8332	0	4	0	33	0	0	339.1666	0	3	0	24	0
396	Empuriae	Tarraconensis	Italy	17	32	53.125	2	26.5625	29	1.831896552	0	0	0	2	0	35	0	0	0	0	1	0	33	0	0	0	0	1	0	24	0
397	Empuriae	Tarraconensis	Gallia	0	32	0	2	0	29	0	0	0	0	2	0	35	0	0	0	0	1	0	33	0	0	0	0	1	0	24	0
398	Empuriae	Tarraconensis	Eastern Mediterranean	0	32	0	2	0	29	0	0	0	0	2	0	35	0	0	0	0	1	0	33	0	0	0	0	1	0	24	0
399	Empuriae	Tarraconensis	North Africa	0	32	0	2	0	29	0	0	0	0	2	0	35	0	0	0	0	1	0	33	0	0	0	0	1	0	24	0
400	Empuriae	Tarraconensis	unknown	3	32	9.375	2	4.6875	29	0.323275862	0	0	0	2	0	35	0	0	0	0	1	0	33	0	0	0	0	1	0	24	0
401	Empuriae	Tarraconensis	Aegean	0	32	0	2	0	29	0	0	0	0	2	0	35	0	0	0	0	1	0	33	0	0	0	0	1	0	24	0
402	Empuriae	Tarraconensis	Western Mediterranean	0	32	0	2	0	29	0	0	0	0	2	0	35	0	0	0	0	1	0	33	0	0	0	0	1	0	24	0
403	Empuriae	Tarraconensis	Pontic Sea	0	32	0	2	0	29	0	0	0	0	2	0	35	0	0	0	0	1	0	33	0	0	0	0	1	0	24	0
404	Empuriae	Tarraconensis	Adria	0	32	0	2	0	29	0	0	0	0	2	0	35	0	0	0	0	1	0	33	0	0	0	0	1	0	24	0
405	Empuriae	Tarraconensis	Egypt	0	32	0	2	0	29	0	0	0	0	2	0	35	0	0	0	0	1	0	33	0	0	0	0	1	0	24	0
406	Empuriae	Tarraconensis	Iberian Peninsula	12	32	37.5	2	18.75	29	1.293103448	0	0	0	2	0	35	0	0	0	0	1	0	33	0	0	0	0	1	0	24	0
407	Mallorca	Tarraconensis	Italy	76	100	76	2	38	29	2.620689655	19	100	19	2	9.5	35	0.542857143	0	0	0	1	0	33	0	0	0	0	1	0	24	0
408	Mallorca	Tarraconensis	Gallia	0	100	0	2	0	29	0	0	100	0	2	0	35	0	0	0	0	1	0	33	0	0	0	0	1	0	24	0
409	Mallorca	Tarraconensis	Eastern Mediterranean	0	100	0	2	0	29	0	0	100	0	2	0	35	0	0	0	0	1	0	33	0	0	0	0	1	0	24	0
410	Mallorca	Tarraconensis	North Africa	0	100	0	2	0	29	0	0	100	0	2	0	35	0	0	0	0	1	0	33	0	0	0	0	1	0	24	0
411	Mallorca	Tarraconensis	unknown	4	100	4	2	2	29	0.103448276	34	100	34	2	17	35	0.971428571	0	0	0	1	0	33	0	0	0	0	1	0	24	0
412	Mallorca	Tarraconensis	Aegean	0	100	0	2	0	29	0	0	100	0	2	0	35	0	0	0	0	1	0	33	0	0	0	0	1	0	24	0
413	Mallorca	Tarraconensis	Western Mediterranean	20	100	20	2	10	29	0.689655172	47	100	47	2	23.5	35	1.342857143	0	0	0	1	0	33	0	0	0	0	1	0	24	0
414	Mallorca	Tarraconensis	Pontic Sea	0	100	0	2	0	29	0	0	100	0	2	0	35	0	0	0	0	1	0	33	0	0	0	0	1	0	24	0
415	Mallorca	Tarraconensis	Adria	0	100	0	2	0	29	0	0	100	0	2	0	35	0	0	0	0	1	0	33	0	0	0	0	1	0	24	0
416	Mallorca	Tarraconensis	Egypt	0	100	0	2	0	29	0	0	100	0	2	0	35	0	0	0	0	1	0	33	0	0	0	0	1	0	24	0
417	Mallorca	Tarraconensis	Iberian Peninsula	0	100	0	2	0	29	0	0	100	0	2	0	35	0	0	0	0	1	0	33	0	0	0	0	1	0	24	0
418	Tarraco	Tarraconensis	Italy	0	0	0	2	0	29	0	68.15	316	21.5664557	2	10.78322785	35	0.616184448	68.15	235	29	1	29	33	0.878787879	0	39.27	0	1	0	24	0
419	Tarraco	Tarraconensis	Gallia	0	0	0	2	0	29	0	49.35	316	15.61708861	2	7.808544305	35	0.446202532	49.35	235	21	1	21	33	0.636363636	0	39.27	0	1	0	24	0
420	Tarraco	Tarraconensis	Eastern Mediterranean	0	0	0	2	0	29	0	0	316	0	2	0	35	0	0	235	0	1	0	33	0	0	39.27	0	1	0	24	0
421	Tarraco	Tarraconensis	North Africa	0	0	0	2	0	29	0	0	316	0	2	0	35	0	0	235	0	1	0	33	0	3.12	39.27	7.94499618	1	7.94499618	24	0.331041508
422	Tarraco	Tarraconensis	unknown	0	0	0	2	0	29	0	102.15	316	32.32594937	2	16.16297469	35	0.923598553	68.15	235	29	1	29	33	0.878787879	5.85	39.27	14.89686784	1	14.89686784	24	0.620702827
423	Tarraco	Tarraconensis	Aegean	0	0	0	2	0	29	0	0	316	0	2	0	35	0	0	235	0	1	0	33	0	0	39.27	0	1	0	24	0
424	Tarraco	Tarraconensis	Western Mediterranean	0	0	0	2	0	29	0	51.7	316	16.36075949	2	8.180379745	35	0.467450271	4.7	235	2	1	2	33	0.060606061	0	39.27	0	1	0	24	0
425	Tarraco	Tarraconensis	Pontic Sea	0	0	0	2	0	29	0	0	316	0	2	0	35	0	0	235	0	1	0	33	0	0	39.27	0	1	0	24	0
426	Tarraco	Tarraconensis	Adria	0	0	0	2	0	29	0	0	316	0	2	0	35	0	0	235	0	1	0	33	0	0	39.27	0	1	0	24	0
427	Tarraco	Tarraconensis	Egypt	0	0	0	2	0	29	0	0	316	0	2	0	35	0	0	235	0	1	0	33	0	0	39.27	0	1	0	24	0
428	Tarraco	Tarraconensis	Iberian Peninsula	0	0	0	2	0	29	0	44.65	316	14.12974684	2	7.06487342	35	0.403707052	44.65	235	19	1	19	33	0.575757576	30.3	39.27	77.15813598	1	77.15813598	24	3.214922333
								100																							
