ID;Site_name;region;origin;frequency_A;total_A;percentage_in_site_A;sites_in_region_A;percentage_in_region_A;sites_A;percentage_all_A;rounded_A;frequency_B;total_B;percentage_site_B;sites_in_region_B;percentage_in_region_B;sites_B;percentage_in_all_B;rounded_B;frequency_C;total_C;percentage_site_C;sites_in_region_C;percentage_in_region_C;sites_C;percentage_all_C;rounded_C;frequency_D;total_D;percentage_site_D;sites_in_region_D;percentage_in_region_D;sites_D;percentage_all_D;rounded_D;;frequency_all;total_all;percentage_all;sites_all;percentage_all_all;percentage_all_all_rounded
0;Adria;Adria;Italy;923.333;924.583;99.86480392;4;24.96620098;31;3.221445288;3.2;791.8333;798.5833;99.15475317;4;24.78868829;35;2.832992948;2.8;55.333;58.333;94.85711347;4;23.71427837;33;2.874457984;2.9;0;0.5;0;4;0;24;0;0;;1770.4993;1781.9993;99.35465743;40;2.483866436;2.5
1;Adria;Adria;Gallia;0;924.583;0;4;0;31;0;0;2;798.5833;0.250443504;4;0.062610876;35;0.007155529;0;1;58.333;1.71429551;4;0.428573878;33;0.051948349;0.1;0;0.5;0;4;0;24;0;0;;3;1781.9993;0.168350234;40;0.004208756;0
2;Adria;Adria;Eastern Mediterranean;1;924.583;0.108156866;4;0.027039217;31;0.003488931;0;2.5;798.5833;0.31305438;4;0.078263595;35;0.008944411;0;2;58.333;3.428591021;4;0.857147755;33;0.103896698;0.1;0;0.5;0;4;0;24;0;0;;5.5;1781.9993;0.308642097;40;0.007716052;0
3;Adria;Adria;North Africa;0;924.583;0;4;0;31;0;0;0;798.5833;0;4;0;35;0;0;0;58.333;0;4;0;33;0;0;0;0.5;0;4;0;24;0;0;;0;1781.9993;0;40;0;0
4;Adria;Adria;unknown;0;924.583;0;4;0;31;0;0;2;798.5833;0.250443504;4;0.062610876;35;0.007155529;0;0;58.333;0;4;0;33;0;0;0;0.5;0;4;0;24;0;0;;2;1781.9993;0.11223349;40;0.002805837;0
5;Adria;Adria;Aegean;0.25;924.583;0.027039217;4;0.006759804;31;0.000872233;0;0.25;798.5833;0.031305438;4;0.00782636;35;0.000894441;0;0;58.333;0;4;0;33;0;0;0;0.5;0;4;0;24;0;0;;0.5;1781.9993;0.028058372;40;0.000701459;0
6;Adria;Adria;Western Mediterranean;0;924.583;0;4;0;31;0;0;0;798.5833;0;4;0;35;0;0;0;58.333;0;4;0;33;0;0;0;0.5;0;4;0;24;0;0;;0;1781.9993;0;40;0;0
7;Adria;Adria;Pontic Sea;0;924.583;0;4;0;31;0;0;0;798.5833;0;4;0;35;0;0;0;58.333;0;4;0;33;0;0;0.5;0.5;100;4;25;24;4.166666667;4.2;;0.5;1781.9993;0.028058372;40;0.000701459;0
8;Adria;Adria;Adria;0;924.583;0;4;0;31;0;0;0;798.5833;0;4;0;35;0;0;0;58.333;0;4;0;33;0;0;0;0.5;0;4;0;24;0;0;;0;1781.9993;0;40;0;0
9;Adria;Adria;Egypt;0;924.583;0;4;0;31;0;0;0;798.5833;0;4;0;35;0;0;0;58.333;0;4;0;33;0;0;0;0.5;0;4;0;24;0;0;;0;1781.9993;0;40;0;0
10;Adria;Adria;Iberian Peninsula;0;924.583;0;4;0;31;0;0;0;798.5833;0;4;0;35;0;0;0;58.333;0;4;0;33;0;0;0;0.5;0;4;0;24;0;0;;0;1781.9993;0;40;0;0
11;Aquileia;Adria;Italy;62.5;417.75;14.96110114;4;3.740275284;31;0.482616166;0.5;62.5;417.75;14.96110114;4;3.740275284;35;0.427460032;0.4;270;734.75;36.74719292;4;9.186798231;33;1.113551301;1.1;6.25;23.75;26.31578947;4;6.578947368;24;1.096491228;1.1;;401.25;1594;25.17252196;40;0.629313049;0.6
12;Aquileia;Adria;Gallia;0;417.75;0;4;0;31;0;0;0;417.75;0;4;0;35;0;0;0;734.75;0;4;0;33;0;0;0;23.75;0;4;0;25;0;0;;0;1594;0;40;0;0
13;Aquileia;Adria;Eastern Mediterranean;1.875;417.75;0.448833034;4;0.112208259;31;0.014478485;0;1.875;417.75;0.448833034;4;0.112208259;35;0.012823801;0;1.75;734.75;0.23817625;4;0.059544063;33;0.007217462;0;0;23.75;0;4;0;25;0;0;;5.5;1594;0.345043915;40;0.008626098;0
14;Aquileia;Adria;North Africa;0;417.75;0;4;0;31;0;0;0;417.75;0;4;0;35;0;0;0;734.75;0;4;0;33;0;0;0;23.75;0;4;0;25;0;0;;0;1594;0;40;0;0
15;Aquileia;Adria;unknown;0;417.75;0;4;0;31;0;0;0;417.75;0;4;0;35;0;0;0;734.75;0;4;0;33;0;0;0;23.75;0;4;0;25;0;0;;0;1594;0;40;0;0
16;Aquileia;Adria;Aegean;3.375;417.75;0.807899461;4;0.201974865;31;0.026061273;0;3.375;417.75;0.807899461;4;0.201974865;35;0.023082842;0;3;734.75;0.408302144;4;0.102075536;33;0.012372792;0;0;23.75;0;4;0;25;0;0;;9.75;1594;0.611668758;40;0.015291719;0
17;Aquileia;Adria;Western Mediterranean;0;417.75;0;4;0;31;0;0;0;417.75;0;4;0;35;0;0;0;734.75;0;4;0;33;0;0;0;23.75;0;4;0;25;0;0;;0;1594;0;40;0;0
18;Aquileia;Adria;Pontic Sea;0;417.75;0;4;0;31;0;0;0;417.75;0;4;0;35;0;0;0;734.75;0;4;0;33;0;0;0;23.75;0;4;0;25;0;0;;0;1594;0;40;0;0
19;Aquileia;Adria;Adria;350;417.75;83.78216637;4;20.94554159;31;2.702650528;2.7;350;417.75;83.78216637;4;20.94554159;35;2.393776182;2.4;460;734.75;62.60632868;4;15.65158217;33;1.897161475;1.9;17.5;23.75;73.68421053;4;18.42105263;25;2.947368421;2.9;;1177.5;1594;73.87076537;40;1.846769134;1.8
20;Aquileia;Adria;Egypt;0;417.75;0;4;0;31;0;0;0;417.75;0;4;0;35;0;0;0;734.75;0;4;0;33;0;0;0;23.75;0;4;0;25;0;0;;0;1594;0;40;0;0
21;Aquileia;Adria;Iberian Peninsula;0;417.75;0;4;0;31;0;0;0;417.75;0;4;0;35;0;0;0;734.75;0;4;0;33;0;0;0;23.75;0;4;0;25;0;0;;0;1594;0;40;0;0
22;Butrint;Adria;Italy;0;0.5;0;4;0;31;0;0;7.5;16.6666;45.00018;4;11.250045;35;1.285719429;1.3;6.5;24.6666;26.35142257;4;6.587855643;33;0.798527957;0.8;0;2.6666;0;4;0;25;0;0;;14;44.4998;31.46081555;40;0.786520389;0.8
23;Butrint;Adria;Gallia;0;0.5;0;4;0;31;0;0;0;16.6666;0;4;0;35;0;0;0;24.6666;0;4;0;33;0;0;0;2.6666;0;4;0;25;0;0;;0;44.4998;0;40;0;0
24;Butrint;Adria;Eastern Mediterranean;0;0.5;0;4;0;31;0;0;0;16.6666;0;4;0;35;0;0;0;24.6666;0;4;0;33;0;0;0;2.6666;0;4;0;25;0;0;;0;44.4998;0;40;0;0
25;Butrint;Adria;North Africa;0;0.5;0;4;0;31;0;0;0;16.6666;0;4;0;35;0;0;1;24.6666;4.054065011;4;1.013516253;33;0.122850455;0.1;0;2.6666;0;4;0;25;0;0;;1;44.4998;2.247201111;40;0.056180028;0.1
26;Butrint;Adria;unknown;0;0.5;0;4;0;31;0;0;0.5;16.6666;3.000012;4;0.750003;35;0.085714629;0.1;0.5;24.6666;2.027032505;4;0.506758126;33;0.061425227;0.1;0;2.6666;0;4;0;25;0;0;;1;44.4998;2.247201111;40;0.056180028;0.1
27;Butrint;Adria;Aegean;0.5;0.5;100;4;25;31;3.225806452;3.2;2;16.6666;12.000048;4;3.000012;35;0.342858514;0.3;4;24.6666;16.21626004;4;4.054065011;33;0.49140182;0.5;1.5;2.6666;56.25140629;4;14.06285157;25;2.250056251;2.3;;8;44.4998;17.97760889;40;0.449440222;0.4
28;Butrint;Adria;Western Mediterranean;0;0.5;0;4;0;31;0;0;0.1666;16.6666;0.999603998;4;0.249901;35;0.028560114;0;0.1666;24.6666;0.675407231;4;0.168851808;33;0.020466886;0;0.1666;2.6666;6.247656191;4;1.561914048;25;0.249906248;0.2;;0.4998;44.4998;1.123151115;40;0.028078778;0
29;Butrint;Adria;Pontic Sea;0;0.5;0;4;0;31;0;0;2;16.6666;12.000048;4;3.000012;35;0.342858514;0.3;2;24.6666;8.108130022;4;2.027032505;33;0.24570091;0.2;0;2.6666;0;4;0;25;0;0;;4;44.4998;8.988804444;40;0.224720111;0.2
30;Butrint;Adria;Adria;0;0.5;0;4;0;31;0;0;4.5;16.6666;27.000108;4;6.750027;35;0.771431657;0.8;10.5;24.6666;42.56768262;4;10.64192065;33;1.289929776;1.3;1;2.6666;37.50093752;4;9.375234381;25;1.500037501;1.5;;16;44.4998;35.95521778;40;0.898880444;0.9
31;Butrint;Adria;Egypt;0;0.5;0;4;0;31;0;0;0;16.6666;0;4;0;35;0;0;0;24.6666;0;4;0;33;0;0;0;2.6666;0;4;0;25;0;0;;0;44.4998;0;40;0;0
32;Butrint;Adria;Iberian Peninsula;0;0.5;0;4;0;31;0;0;0;16.6666;0;4;0;35;0;0;0;24.6666;0;4;0;33;0;0;0;2.6666;0;4;0;25;0;0;;0;44.4998;0;40;0;0
187;Krk;Adria;Italy;0.5;4;12.5;4;3.125;31;0.403225806;0.4;6;15.75;38.0952381;4;9.523809524;35;1.088435374;1.1;2.5;10.45;23.92344498;4;5.980861244;33;0.724952878;0.7;0;1.45;0;4;0;25;0;0;;9;31.65;28.43601896;40;0.710900474;0.7
188;Krk;Adria;Gallia;3.5;4;87.5;4;21.875;31;2.822580645;2.8;9.75;15.75;61.9047619;4;15.47619048;35;1.768707483;1.8;7.25;10.45;69.37799043;4;17.34449761;33;2.102363346;2.1;0.25;1.45;17.24137931;4;4.310344828;25;0.689655172;0.7;;20.75;31.65;65.56082148;40;1.639020537;1.6
189;Krk;Adria;Eastern Mediterranean;0;4;0;4;0;31;0;0;0;15.75;0;4;0;35;0;0;0;10.45;0;4;0;33;0;0;0;1.45;0;4;0;25;0;0;;0;31.65;0;40;0;0
190;Krk;Adria;North Africa;0;4;0;4;0;31;0;0;0;15.75;0;4;0;35;0;0;0;10.45;0;4;0;33;0;0;0;1.45;0;4;0;25;0;0;;0;31.65;0;40;0;0
191;Krk;Adria;unknown;0;4;0;4;0;31;0;0;0;15.75;0;4;0;35;0;0;0.2;10.45;1.913875598;4;0.4784689;33;0.05799623;0.1;0.2;1.45;13.79310345;4;3.448275862;25;0.551724138;0.6;;0.4;31.65;1.263823065;40;0.031595577;0
192;Krk;Adria;Aegean;0;4;0;4;0;31;0;0;0;15.75;0;4;0;35;0;0;0.5;10.45;4.784688995;4;1.196172249;33;0.144990576;0.1;0.5;1.45;34.48275862;4;8.620689655;25;1.379310345;1.4;;1;31.65;3.159557662;40;0.078988942;0.1
193;Krk;Adria;Western Mediterranean;0;4;0;4;0;31;0;0;0;15.75;0;4;0;35;0;0;0;10.45;0;4;0;33;0;0;0.5;1.45;34.48275862;4;8.620689655;25;1.379310345;1.4;;0.5;31.65;1.579778831;40;0.039494471;0
194;Krk;Adria;Pontic Sea;0;4;0;4;0;31;0;0;0;15.75;0;4;0;35;0;0;0;10.45;0;4;0;33;0;0;0;1.45;0;4;0;25;0;0;;0;31.65;0;40;0;0
195;Krk;Adria;Adria;0;4;0;4;0;31;0;0;0;15.75;0;4;0;35;0;0;0;10.45;0;4;0;33;0;0;0;1.45;0;4;0;25;0;0;;0;31.65;0;40;0;0
196;Krk;Adria;Egypt;0;4;0;4;0;31;0;0;0;15.75;0;4;0;35;0;0;0;10.45;0;4;0;33;0;0;0;1.45;0;4;0;25;0;0;;0;31.65;0;40;0;0
197;Krk;Adria;Iberian Peninsula;0;4;0;4;0;31;0;0;0;15.75;0;4;0;35;0;0;0;10.45;0;4;0;33;0;0;0;1.45;0;4;0;25;0;0;;0;31.65;0;40;0;0
33;Athens;Aegean;Italy;17.83333;173.94093;10.25252078;5;2.050504157;31;0.330726477;0.3;94.1666;305.5068;30.82307824;6;5.137179707;35;0.880659378;0.9;36.6666;167.4164;21.90143857;7;3.128776938;33;0.663679957;0.7;12.3333;99.9165;12.34360691;6;2.057267819;25;0.493744276;0.5;;160.99983;746.78063;21.55918667;40;0.538979667;0.5
34;Athens;Aegean;Gallia;0;173.94093;0;5;0;31;0;0;0;305.5068;0;6;0;35;0;0;0;167.4164;0;7;0;33;0;0;0;99.9165;0;6;0;25;0;0;;0;746.78063;0;40;0;0
35;Athens;Aegean;Eastern Mediterranean;56.333;173.94093;32.38628194;5;6.477256388;31;1.044718772;1;44.166;305.5068;14.45663403;6;2.409439004;35;0.413046686;0.4;14.1666;167.4164;8.461895011;7;1.208842144;33;0.256421061;0.3;16.8333;99.9165;16.84736755;6;2.807894592;25;0.673894702;0.7;;131.4989;746.78063;17.6087722;40;0.440219305;0.4
36;Athens;Aegean;North Africa;0;173.94093;0;5;0;31;0;0;0;305.5068;0;6;0;35;0;0;0.5;167.4164;0.298656523;7;0.042665218;33;0.009050198;0;5.5;99.9165;5.504596338;6;0.917432723;25;0.220183854;0.2;;6;746.78063;0.803448799;40;0.02008622;0
37;Athens;Aegean;unknown;20.0916;173.94093;11.55081786;5;2.310163571;31;0.372607028;0.4;14.341;305.5068;4.6941672;6;0.7823612;35;0.134119063;0.1;8.4166;167.4164;5.027344991;7;0.718192142;33;0.152343788;0.2;1.25;99.9165;1.251044622;6;0.208507437;25;0.050041785;0.1;;44.0992;746.78063;5.905241543;40;0.147631039;0.1
38;Athens;Aegean;Aegean;51.85;173.94093;29.80897021;5;5.961794041;31;0.961579684;1;108.1666;305.5068;35.40562763;6;5.900937939;35;1.011589361;1;76.1666;167.4164;45.49530392;7;6.499329132;33;1.378645573;1.4;54.1666;99.9165;54.21186691;6;9.035311151;25;2.168474676;2.2;;290.3498;746.78063;38.88019966;40;0.972004992;1
39;Athens;Aegean;Western Mediterranean;25.833;173.94093;14.85159358;5;2.970318717;31;0.479083664;0.5;41.1666;305.5068;13.47485555;6;2.245809259;35;0.384995873;0.4;29;167.4164;17.32207836;7;2.474582623;33;0.524911466;0.5;9.8333;99.9165;9.841517667;6;1.640252945;25;0.393660707;0.4;;105.8329;746.78063;14.17188606;40;0.354297151;0.4
40;Athens;Aegean;Pontic Sea;2;173.94093;1.14981563;5;0.229963126;31;0.037090827;0;3.5;305.5068;1.145637348;6;0.190939558;35;0.032732496;0;2.5;167.4164;1.493282617;7;0.213326088;33;0.045250988;0;0;99.9165;0;6;0;25;0;0;;8;746.78063;1.071265065;40;0.026781627;0
41;Athens;Aegean;Adria;0;173.94093;0;5;0;31;0;0;0;305.5068;0;6;0;35;0;0;0;167.4164;0;7;0;33;0;0;0;99.9165;0;6;0;25;0;0;;0;746.78063;0;40;0;0
42;Athens;Aegean;Egypt;0;173.94093;0;5;0;31;0;0;0;305.5068;0;6;0;35;0;0;0;167.4164;0;7;0;33;0;0;0;99.9165;0;6;0;25;0;0;;0;746.78063;0;40;0;0
43;Athens;Aegean;Iberian Peninsula;0;173.94093;0;5;0;31;0;0;0;305.5068;0;6;0;35;0;0;0;167.4164;0;7;0;33;0;0;0;99.9165;0;6;0;25;0;0;;0;746.78063;0;40;0;0
44;Corinth;Aegean;Italy;0;1.5;0;5;0;31;0;0;4.5;15.833;28.42165098;6;4.73694183;35;0.812047171;0.8;7.5;26.3333;28.48104871;7;4.068721244;33;0.863062082;0.9;5;13.4033;37.30424597;6;6.217374328;25;1.492169839;1.5;;17;57.0696;29.78818846;40;0.744704711;0.7
45;Corinth;Aegean;Gallia;0;1.5;0;5;0;31;0;0;0;15.833;0;6;0;35;0;0;0;26.3333;0;7;0;33;0;0;0;13.4033;0;6;0;25;0;0;;0;57.0696;0;40;0;0
46;Corinth;Aegean;Eastern Mediterranean;0;1.5;0;5;0;31;0;0;2.5;15.833;15.7898061;6;2.63163435;35;0.451137317;0.5;0.5;26.3333;1.898736581;7;0.271248083;33;0.057537472;0.1;0;13.4033;0;6;0;25;0;0;;3;57.0696;5.25673914;40;0.131418478;0.1
47;Corinth;Aegean;North Africa;0;1.5;0;5;0;31;0;0;0;15.833;0;6;0;35;0;0;0;26.3333;0;7;0;33;0;0;0;13.4033;0;6;0;25;0;0;;0;57.0696;0;40;0;0
48;Corinth;Aegean;unknown;0;1.5;0;5;0;31;0;0;0;15.833;0;6;0;35;0;0;2;26.3333;7.594946323;7;1.084992332;33;0.230149889;0.2;0.5;13.4033;3.730424597;6;0.621737433;25;0.149216984;0.1;;2.5;57.0696;4.38061595;40;0.109515399;0.1
49;Corinth;Aegean;Aegean;1.5;1.5;100;5;20;31;3.225806452;3.2;8.833;15.833;55.78854292;6;9.298090486;35;1.593958369;1.6;16.3333;26.3333;62.02526839;7;8.860752627;33;1.879553587;1.9;7.9033;13.4033;58.96532943;6;9.827554906;25;2.358613177;2.4;;34.5696;57.0696;60.57445645;40;1.514361411;1.5
50;Corinth;Aegean;Western Mediterranean;0;1.5;0;5;0;31;0;0;0;15.833;0;6;0;35;0;0;0;26.3333;0;7;0;33;0;0;0;13.4033;0;6;0;25;0;0;;0;57.0696;0;40;0;0
51;Corinth;Aegean;Pontic Sea;0;1.5;0;5;0;31;0;0;0;15.833;0;6;0;35;0;0;0;26.3333;0;7;0;33;0;0;0;13.4033;0;6;0;25;0;0;;0;57.0696;0;40;0;0
52;Corinth;Aegean;Adria;0;1.5;0;5;0;31;0;0;0;15.833;0;6;0;35;0;0;0;26.3333;0;7;0;33;0;0;0;13.4033;0;6;0;25;0;0;;0;57.0696;0;40;0;0
53;Corinth;Aegean;Egypt;0;1.5;0;5;0;31;0;0;0;15.833;0;6;0;35;0;0;0;26.3333;0;7;0;33;0;0;0;13.4033;0;6;0;25;0;0;;0;57.0696;0;40;0;0
54;Corinth;Aegean;Iberian Peninsula;0;1.5;0;5;0;31;0;0;0;15.833;0;6;0;35;0;0;0;26.3333;0;7;0;33;0;0;0;13.4033;0;6;0;25;0;0;;0;57.0696;0;40;0;0
55;Gortyn;Aegean;Italy;0;0;0;5;0;31;0;0;22;55.5;39.63963964;6;6.606606607;35;1.132561133;1.1;22;55.5;39.63963964;7;5.662805663;33;1.201201201;1.2;0;0;0;6;0;25;0;0;;44;111;39.63963964;40;0.990990991;1
56;Gortyn;Aegean;Gallia;0;0;0;5;0;31;0;0;0;55.5;0;6;0;35;0;0;0;55.5;0;7;0;33;0;0;0;0;0;6;0;25;0;0;;0;111;0;40;0;0
57;Gortyn;Aegean;Eastern Mediterranean;0;0;0;5;0;31;0;0;8;55.5;14.41441441;6;2.402402402;35;0.411840412;0.4;8;55.5;14.41441441;7;2.059202059;33;0.436800437;0.4;0;0;0;6;0;25;0;0;;16;111;14.41441441;40;0.36036036;0.4
58;Gortyn;Aegean;North Africa;0;0;0;5;0;31;0;0;0;55.5;0;6;0;35;0;0;0;55.5;0;7;0;33;0;0;0;0;0;6;0;25;0;0;;0;111;0;40;0;0
59;Gortyn;Aegean;unknown;0;0;0;5;0;31;0;0;0;55.5;0;6;0;35;0;0;0;55.5;0;7;0;33;0;0;0;0;0;6;0;25;0;0;;0;111;0;40;0;0
60;Gortyn;Aegean;Aegean;0;0;0;5;0;31;0;0;25.5;55.5;45.94594595;6;7.657657658;35;1.312741313;1.3;25.5;55.5;45.94594595;7;6.563706564;33;1.392301392;1.4;0;0;0;6;0;25;0;0;;51;111;45.94594595;40;1.148648649;1.1
61;Gortyn;Aegean;Western Mediterranean;0;0;0;5;0;31;0;0;0;55.5;0;6;0;35;0;0;0;55.5;0;7;0;33;0;0;0;0;0;6;0;25;0;0;;0;111;0;40;0;0
62;Gortyn;Aegean;Pontic Sea;0;0;0;5;0;31;0;0;0;55.5;0;6;0;35;0;0;0;55.5;0;7;0;33;0;0;0;0;0;6;0;25;0;0;;0;111;0;40;0;0
63;Gortyn;Aegean;Adria;0;0;0;5;0;31;0;0;0;55.5;0;6;0;35;0;0;0;55.5;0;7;0;33;0;0;0;0;0;6;0;25;0;0;;0;111;0;40;0;0
64;Gortyn;Aegean;Egypt;0;0;0;5;0;31;0;0;0;55.5;0;6;0;35;0;0;0;55.5;0;7;0;33;0;0;0;0;0;6;0;25;0;0;;0;111;0;40;0;0
65;Gortyn;Aegean;Iberian Peninsula;0;0;0;5;0;31;0;0;0;55.5;0;6;0;35;0;0;0;55.5;0;7;0;33;0;0;0;0;0;6;0;25;0;0;;0;111;0;40;0;0
66;Knidos;Aegean;Italy;2;76.9986;2.597449824;5;0.519489965;31;0.083788704;0.1;2;76.9992;2.597429584;6;0.432904931;35;0.074212274;0.1;2.5;145.4995;1.718218963;7;0.245459852;33;0.052067241;0.1;0.5;68.5;0.729927007;6;0.121654501;25;0.02919708;0;;7;367.9973;1.902187869;40;0.047554697;0
67;Knidos;Aegean;Gallia;0;76.9986;0;5;0;31;0;0;0;76.9992;0;6;0;35;0;0;0;145.4995;0;7;0;33;0;0;0;68.5;0;6;0;25;0;0;;0;367.9973;0;40;0;0
68;Knidos;Aegean;Eastern Mediterranean;4.666;76.9986;6.059850439;5;1.211970088;31;0.195479046;0.2;4.6666;76.9992;6.060582448;6;1.010097075;35;0.173159499;0.2;6.6666;145.4995;4.581871415;7;0.654553059;33;0.138844588;0.1;2;68.5;2.919708029;6;0.486618005;25;0.116788321;0.1;;17.9992;367.9973;4.891122842;40;0.122278071;0.1
69;Knidos;Aegean;North Africa;0;76.9986;0;5;0;31;0;0;0;76.9992;0;6;0;35;0;0;0;145.4995;0;7;0;33;0;0;0;68.5;0;6;0;25;0;0;;0;367.9973;0;40;0;0
70;Knidos;Aegean;unknown;0.3333;76.9986;0.432865013;5;0.086573003;31;0.013963388;0;0.333;76.9992;0.432472026;6;0.072078671;35;0.012356344;0;2.333;145.4995;1.603441936;7;0.229063134;33;0.04858915;0;2;68.5;2.919708029;6;0.486618005;25;0.116788321;0.1;;4.9993;367.9973;1.358515402;40;0.033962885;0
71;Knidos;Aegean;Aegean;69.666;76.9986;90.47696971;5;18.09539394;31;2.918611926;2.9;69.6666;76.9992;90.47704392;6;15.07950732;35;2.585058398;2.6;133.6666;145.4995;91.86739473;7;13.12391353;33;2.783860446;2.8;64;68.5;93.43065693;6;15.57177616;25;3.737226277;3.7;;336.9992;367.9973;91.57654146;40;2.289413536;2.3
72;Knidos;Aegean;Western Mediterranean;0;76.9986;0;5;0;31;0;0;0;76.9992;0;6;0;35;0;0;0;145.4995;0;7;0;33;0;0;0;68.5;0;6;0;25;0;0;;0;367.9973;0;40;0;0
73;Knidos;Aegean;Pontic Sea;0.3333;76.9986;0.432865013;5;0.086573003;31;0.013963388;0;0.333;76.9992;0.432472026;6;0.072078671;35;0.012356344;0;0.3333;145.4995;0.229072952;7;0.032724707;33;0.006941605;0;0;68.5;0;6;0;25;0;0;;0.9996;367.9973;0.271632428;40;0.006790811;0
74;Knidos;Aegean;Adria;0;76.9986;0;5;0;31;0;0;0;76.9992;0;6;0;35;0;0;0;145.4995;0;7;0;33;0;0;0;68.5;0;6;0;25;0;0;;0;367.9973;0;40;0;0
75;Knidos;Aegean;Egypt;0;76.9986;0;5;0;31;0;0;0;76.9992;0;6;0;35;0;0;0;145.4995;0;7;0;33;0;0;0;68.5;0;6;0;25;0;0;;0;367.9973;0;40;0;0
76;Knidos;Aegean;Iberian Peninsula;0;76.9986;0;5;0;31;0;0;0;76.9992;0;6;0;35;0;0;0;145.4995;0;7;0;33;0;0;0;68.5;0;6;0;25;0;0;;0;367.9973;0;40;0;0
77;Knossos;Aegean;Italy;31;124.5;24.89959839;5;4.979919679;31;0.803212851;0.8;319.5;991;32.24016145;6;5.373360242;35;0.92114747;0.9;590.17;2042.4;28.89590678;7;4.127986682;33;0.875633539;0.9;77.59;887.643;8.741126782;6;1.456854464;25;0.349645071;0.3;;1018.26;4045.543;25.16992157;40;0.629248039;0.6
78;Knossos;Aegean;Gallia;0;124.5;0;5;0;31;0;0;9;991;0.908173562;6;0.15136226;35;0.025947816;0;9;2042.4;0.440658049;7;0.06295115;33;0.013353274;0;1;887.643;0.112657904;6;0.018776317;25;0.004506316;0;;19;4045.543;0.469652652;40;0.011741316;0
79;Knossos;Aegean;Eastern Mediterranean;64.5;124.5;51.80722892;5;10.36144578;31;1.671200933;1.7;314.5;991;31.73562059;6;5.289270098;35;0.906732017;0.9;409.06;2042.4;20.02839796;7;2.861199709;33;0.60692115;0.6;46.693;887.643;5.260335518;6;0.876722586;25;0.210413421;0.2;;834.753;4045.543;20.63389266;40;0.515847316;0.5
80;Knossos;Aegean;North Africa;0;124.5;0;5;0;31;0;0;0;991;0;6;0;35;0;0;2;2042.4;0.097924011;7;0.013989144;33;0.002967394;0;7.6;887.643;0.856200071;6;0.142700012;25;0.034248003;0;;9.6;4045.543;0.237298182;40;0.005932455;0
81;Knossos;Aegean;unknown;2;124.5;1.606425703;5;0.321285141;31;0.051820184;0.1;6;991;0.605449041;6;0.100908174;35;0.017298544;0;27.35;2042.4;1.33911085;7;0.19130155;33;0.040579117;0;91.1;887.643;10.26313507;6;1.710522511;25;0.410525403;0.4;;126.45;4045.543;3.125661994;40;0.07814155;0.1
82;Knossos;Aegean;Aegean;27;124.5;21.68674699;5;4.337349398;31;0.699572483;0.7;342;991;34.51059536;6;5.751765893;35;0.98601701;1;1002.82;2042.4;49.10007834;7;7.014296906;33;1.487881162;1.5;653.19;887.643;73.5870164;6;12.26450273;25;2.943480656;2.9;;2025.01;4045.543;50.0553325;40;1.251383312;1.3
83;Knossos;Aegean;Western Mediterranean;0;124.5;0;5;0;31;0;0;0;991;0;6;0;35;0;0;0;2042.4;0;7;0;33;0;0;0;887.643;0;6;0;25;0;0;;0;4045.543;0;40;0;0
84;Knossos;Aegean;Pontic Sea;0;124.5;0;5;0;31;0;0;0;991;0;6;0;35;0;0;2;2042.4;0.097924011;7;0.013989144;33;0.002967394;0;10.47;887.643;1.179528256;6;0.196588043;25;0.04718113;0;;12.47;4045.543;0.308240451;40;0.007706011;0
85;Knossos;Aegean;Adria;0;124.5;0;5;0;31;0;0;0;991;0;6;0;35;0;0;0;2042.4;0;7;0;33;0;0;0;887.643;0;6;0;25;0;0;;0;4045.543;0;40;0;0
86;Knossos;Aegean;Egypt;0;124.5;0;5;0;31;0;0;0;991;0;6;0;35;0;0;0;2042.4;0;7;0;33;0;0;0;887.643;0;6;0;25;0;0;;0;4045.543;0;40;0;0
87;Knossos;Aegean;Iberian Peninsula;0;124.5;0;5;0;31;0;0;0;991;0;6;0;35;0;0;0;2042.4;0;7;0;33;0;0;0;887.643;0;6;0;25;0;0;;0;4045.543;0;40;0;0
88;Kyme;Aegean;Italy;0;0;0;5;0;31;0;0;0;0;0;6;0;35;0;0;1.315;131.5;1;7;0.142857143;33;0.03030303;0;1.315;131.5;1;6;0.166666667;25;0.04;0;;2.63;263;1;40;0.025;0
89;Kyme;Aegean;Gallia;0;0;0;5;0;31;0;0;0;0;0;6;0;35;0;0;0;131.5;0;7;0;33;0;0;0;131.5;0;6;0;25;0;0;;0;263;0;40;0;0
90;Kyme;Aegean;Eastern Mediterranean;0;0;0;5;0;31;0;0;0;0;0;6;0;35;0;0;5.26;131.5;4;7;0.571428571;33;0.121212121;0.1;5.26;131.5;4;6;0.666666667;25;0.16;0.2;;10.52;263;4;40;0.1;0.1
91;Kyme;Aegean;North Africa;0;0;0;5;0;31;0;0;0;0;0;6;0;35;0;0;0;131.5;0;7;0;33;0;0;0;131.5;0;6;0;25;0;0;;0;263;0;40;0;0
92;Kyme;Aegean;unknown;0;0;0;5;0;31;0;0;0;0;0;6;0;35;0;0;9.205;131.5;7;7;1;33;0.212121212;0.2;9.205;131.5;7;6;1.166666667;25;0.28;0.3;;18.41;263;7;40;0.175;0.2
93;Kyme;Aegean;Aegean;0;0;0;5;0;31;0;0;0;0;0;6;0;35;0;0;115.72;131.5;88;7;12.57142857;33;2.666666667;2.7;115.72;131.5;88;6;14.66666667;25;3.52;3.5;;231.44;263;88;40;2.2;2.2
94;Kyme;Aegean;Western Mediterranean;0;0;0;5;0;31;0;0;0;0;0;6;0;35;0;0;0;131.5;0;7;0;33;0;0;0;131.5;0;6;0;25;0;0;;0;263;0;40;0;0
95;Kyme;Aegean;Pontic Sea;0;0;0;5;0;31;0;0;0;0;0;6;0;35;0;0;0;131.5;0;7;0;33;0;0;0;131.5;0;6;0;25;0;0;;0;263;0;40;0;0
96;Kyme;Aegean;Adria;0;0;0;5;0;31;0;0;0;0;0;6;0;35;0;0;0;131.5;0;7;0;33;0;0;0;131.5;0;6;0;25;0;0;;0;263;0;40;0;0
97;Kyme;Aegean;Egypt;0;0;0;5;0;31;0;0;0;0;0;6;0;35;0;0;0;131.5;0;7;0;33;0;0;0;131.5;0;6;0;25;0;0;;0;263;0;40;0;0
98;Kyme;Aegean;Iberian Peninsula;0;0;0;5;0;31;0;0;0;0;0;6;0;35;0;0;0;131.5;0;7;0;33;0;0;0;131.5;0;6;0;25;0;0;;0;263;0;40;0;0
99;Sparta;Aegean;Italy;0;16;0;5;0;31;0;0;0.5;1.5;33.33333333;6;5.555555556;35;0.952380952;1;0.5;31;1.612903226;7;0.230414747;33;0.048875855;0;0;14;0;6;0;25;0;0;;1;62.5;1.6;40;0.04;0
100;Sparta;Aegean;Gallia;0;16;0;5;0;31;0;0;0;1.5;0;6;0;35;0;0;0;31;0;7;0;33;0;0;0;14;0;6;0;25;0;0;;0;62.5;0;40;0;0
101;Sparta;Aegean;Eastern Mediterranean;0;16;0;5;0;31;0;0;0;1.5;0;6;0;35;0;0;0;31;0;7;0;33;0;0;0;14;0;6;0;25;0;0;;0;62.5;0;40;0;0
102;Sparta;Aegean;North Africa;0;16;0;5;0;31;0;0;0;1.5;0;6;0;35;0;0;0;31;0;7;0;33;0;0;0;14;0;6;0;25;0;0;;0;62.5;0;40;0;0
103;Sparta;Aegean;unknown;0;16;0;5;0;31;0;0;0;1.5;0;6;0;35;0;0;0;31;0;7;0;33;0;0;0;14;0;6;0;25;0;0;;0;62.5;0;40;0;0
104;Sparta;Aegean;Aegean;16;16;100;5;20;31;3.225806452;3.2;1;1.5;66.66666667;6;11.11111111;35;1.904761905;1.9;30.5;31;98.38709677;7;14.05529954;33;2.981427175;3;14;14;100;6;16.66666667;25;4;4;;61.5;62.5;98.4;40;2.46;2.5
105;Sparta;Aegean;Western Mediterranean;0;16;0;5;0;31;0;0;0;1.5;0;6;0;35;0;0;0;31;0;7;0;33;0;0;0;14;0;6;0;25;0;0;;0;62.5;0;40;0;0
106;Sparta;Aegean;Pontic Sea;0;16;0;5;0;31;0;0;0;1.5;0;6;0;35;0;0;0;31;0;7;0;33;0;0;0;14;0;6;0;25;0;0;;0;62.5;0;40;0;0
107;Sparta;Aegean;Adria;0;16;0;5;0;31;0;0;0;1.5;0;6;0;35;0;0;0;31;0;7;0;33;0;0;0;14;0;6;0;25;0;0;;0;62.5;0;40;0;0
108;Sparta;Aegean;Egypt;0;16;0;5;0;31;0;0;0;1.5;0;6;0;35;0;0;0;31;0;7;0;33;0;0;0;14;0;6;0;25;0;0;;0;62.5;0;40;0;0
109;Sparta;Aegean;Iberian Peninsula;0;16;0;5;0;31;0;0;0;1.5;0;6;0;35;0;0;0;31;0;7;0;33;0;0;0;14;0;6;0;25;0;0;;0;62.5;0;40;0;0
110;Baelo Claudia;Baetica;Italy;32.1875;47.375;67.94195251;2;33.97097625;31;2.191675887;2.2;77.43;233.43;33.17054363;1;33.17054363;35;0.947729818;0.9;18.4375;155.2315;11.87742179;1;11.87742179;33;0.359921872;0.4;0.4375;10.2315;4.27601036;0;0;25;0.171040414;0.2;;128.4925;446.268;28.79267615;40;0.719816904;0.7
111;Baelo Claudia;Baetica;Gallia;0;47.375;0;2;0;31;0;0;24.5;233.43;10.4956518;1;10.4956518;35;0.299875766;0.3;17.8932;155.2315;11.52678419;1;11.52678419;33;0.349296491;0.3;6.1432;10.2315;60.04202707;0;0;25;2.401681083;2.4;;48.5364;446.268;10.8760655;40;0.271901638;0.3
112;Baelo Claudia;Baetica;Eastern Mediterranean;0;47.375;0;2;0;31;0;0;0;233.43;0;1;0;35;0;0;0;155.2315;0;1;0;33;0;0;0;10.2315;0;0;0;25;0;0;;0;446.268;0;40;0;0
113;Baelo Claudia;Baetica;North Africa;1.5;47.375;3.166226913;2;1.583113456;31;0.102136352;0.1;2;233.43;0.856787902;1;0.856787902;35;0.024479654;0;2.5333;155.2315;1.631949701;1;1.631949701;33;0.049453021;0;2.2833;10.2315;22.3163759;0;0;25;0.892655036;0.9;;8.3166;446.268;1.863588696;40;0.046589717;0
114;Baelo Claudia;Baetica;unknown;13;47.375;27.44063325;2;13.72031662;31;0.885181718;0.9;18;233.43;7.711091119;1;7.711091119;35;0.220316889;0.2;0.33;155.2315;0.212585719;1;0.212585719;33;0.006441991;0;0.58;10.2315;5.66876802;0;0;25;0.226750721;0.2;;31.91;446.268;7.15041186;40;0.178760297;0.2
115;Baelo Claudia;Baetica;Aegean;0;47.375;0;2;0;31;0;0;0;233.43;0;1;0;35;0;0;0;155.2315;0;1;0;33;0;0;0;10.2315;0;0;0;25;0;0;;0;446.268;0;40;0;0
116;Baelo Claudia;Baetica;Western Mediterranean;0;47.375;0;2;0;31;0;0;2.5;233.43;1.070984878;1;1.070984878;35;0.030599568;0;2.5;155.2315;1.610497869;1;1.610497869;33;0.048802966;0;0;10.2315;0;0;0;25;0;0;;5;446.268;1.120402987;40;0.028010075;0
117;Baelo Claudia;Baetica;Pontic Sea;0;47.375;0;2;0;31;0;0;0;233.43;0;1;0;35;0;0;0;155.2315;0;1;0;33;0;0;0;10.2315;0;0;0;25;0;0;;0;446.268;0;40;0;0
118;Baelo Claudia;Baetica;Adria;0;47.375;0;2;0;31;0;0;0;233.43;0;1;0;35;0;0;0;155.2315;0;1;0;33;0;0;0;10.2315;0;0;0;25;0;0;;0;446.268;0;40;0;0
119;Baelo Claudia;Baetica;Egypt;0;47.375;0;2;0;31;0;0;0;233.43;0;1;0;35;0;0;0;155.2315;0;1;0;33;0;0;0;10.2315;0;0;0;25;0;0;;0;446.268;0;40;0;0
120;Baelo Claudia;Baetica;Iberian Peninsula;0.6875;47.375;1.451187335;2;0.725593668;31;0.046812495;0;109;233.43;46.69494067;1;46.69494067;35;1.334141162;1.3;113.5375;155.2315;73.14076073;1;73.14076073;33;2.216386689;2.2;0.7875;10.2315;7.696818648;0;0;25;0.307872746;0.3;;224.0125;446.268;50.1968548;40;1.25492137;1.3
121;Akko;Eastern Mediterranean;Italy;0;22.5;0;5;0;31;0;0;0;7;0;6;0;35;0;0;0;0;0;5;0;33;0;0;0;0;0;4;0;25;0;0;;0;29.5;0;40;0;0
122;Akko;Eastern Mediterranean;Gallia;0;22.5;0;5;0;31;0;0;0;7;0;6;0;35;0;0;0;0;0;5;0;33;0;0;0;0;0;4;0;25;0;0;;0;29.5;0;40;0;0
123;Akko;Eastern Mediterranean;Eastern Mediterranean;7;22.5;31.11111111;5;6.222222222;31;1.003584229;1;3;7;42.85714286;6;7.142857143;35;1.224489796;1.2;0;0;0;5;0;33;0;0;0;0;0;4;0;25;0;0;;10;29.5;33.89830508;40;0.847457627;0.8
124;Akko;Eastern Mediterranean;North Africa;0;22.5;0;5;0;31;0;0;0;7;0;6;0;35;0;0;0;0;0;5;0;33;0;0;0;0;0;4;0;25;0;0;;0;29.5;0;40;0;0
125;Akko;Eastern Mediterranean;unknown;13;22.5;57.77777778;5;11.55555556;31;1.863799283;1.9;3;7;42.85714286;6;7.142857143;35;1.224489796;1.2;0;0;0;5;0;33;0;0;0;0;0;4;0;25;0;0;;16;29.5;54.23728814;40;1.355932203;1.4
126;Akko;Eastern Mediterranean;Aegean;2;22.5;8.888888889;5;1.777777778;31;0.286738351;0.3;1;7;14.28571429;6;2.380952381;35;0.408163265;0.4;0;0;0;5;0;33;0;0;0;0;0;4;0;25;0;0;;3;29.5;10.16949153;40;0.254237288;0.3
127;Akko;Eastern Mediterranean;Western Mediterranean;0;22.5;0;5;0;31;0;0;0;7;0;6;0;35;0;0;0;0;0;5;0;33;0;0;0;0;0;4;0;25;0;0;;0;29.5;0;40;0;0
128;Akko;Eastern Mediterranean;Pontic Sea;0;22.5;0;5;0;31;0;0;0;7;0;6;0;35;0;0;0;0;0;5;0;33;0;0;0;0;0;4;0;25;0;0;;0;29.5;0;40;0;0
129;Akko;Eastern Mediterranean;Adria;0;22.5;0;5;0;31;0;0;0;7;0;6;0;35;0;0;0;0;0;5;0;33;0;0;0;0;0;4;0;25;0;0;;0;29.5;0;40;0;0
130;Akko;Eastern Mediterranean;Egypt;0.5;22.5;2.222222222;5;0.444444444;31;0.071684588;0.1;0;7;0;6;0;35;0;0;0;0;0;5;0;33;0;0;0;0;0;4;0;25;0;0;;0.5;29.5;1.694915254;40;0.042372881;0
131;Akko;Eastern Mediterranean;Iberian Peninsula;0;22.5;0;5;0;31;0;0;0;7;0;6;0;35;0;0;0;0;0;5;0;33;0;0;0;0;0;4;0;25;0;0;;0;29.5;0;40;0;0
132;Jerusalem;Eastern Mediterranean;Italy;0;10.075;0;5;0;31;0;0;5;32.575;15.34919417;6;2.558199028;35;0.438548405;0.4;5;22.5;22.22222222;5;4.444444444;33;0.673400673;0.7;0;0;0;4;0;25;0;0;;10;65.15;15.34919417;40;0.383729854;0.4
133;Jerusalem;Eastern Mediterranean;Gallia;0;10.075;0;5;0;31;0;0;0;32.575;0;6;0;35;0;0;0;22.5;0;5;0;33;0;0;0;0;0;4;0;25;0;0;;0;65.15;0;40;0;0
134;Jerusalem;Eastern Mediterranean;Eastern Mediterranean;4.875;10.075;48.38709677;5;9.677419355;31;1.560874089;1.6;22.375;32.575;68.6876439;6;11.44794065;35;1.962504111;2;17.5;22.5;77.77777778;5;15.55555556;33;2.356902357;2.4;0;0;0;4;0;25;0;0;;44.75;65.15;68.6876439;40;1.717191097;1.7
135;Jerusalem;Eastern Mediterranean;North Africa;0;10.075;0;5;0;31;0;0;0;32.575;0;6;0;35;0;0;0;22.5;0;5;0;33;0;0;0;0;0;4;0;25;0;0;;0;65.15;0;40;0;0
136;Jerusalem;Eastern Mediterranean;unknown;5.2;10.075;51.61290323;5;10.32258065;31;1.664932362;1.7;5.2;32.575;15.96316193;6;2.660526989;35;0.456090341;0.5;0;22.5;0;5;0;33;0;0;0;0;0;4;0;25;0;0;;10.4;65.15;15.96316193;40;0.399079048;0.4
137;Jerusalem;Eastern Mediterranean;Aegean;0;10.075;0;5;0;31;0;0;0;32.575;0;6;0;35;0;0;0;22.5;0;5;0;33;0;0;0;0;0;4;0;25;0;0;;0;65.15;0;40;0;0
138;Jerusalem;Eastern Mediterranean;Western Mediterranean;0;10.075;0;5;0;31;0;0;0;32.575;0;6;0;35;0;0;0;22.5;0;5;0;33;0;0;0;0;0;4;0;25;0;0;;0;65.15;0;40;0;0
139;Jerusalem;Eastern Mediterranean;Pontic Sea;0;10.075;0;5;0;31;0;0;0;32.575;0;6;0;35;0;0;0;22.5;0;5;0;33;0;0;0;0;0;4;0;25;0;0;;0;65.15;0;40;0;0
140;Jerusalem;Eastern Mediterranean;Adria;0;10.075;0;5;0;31;0;0;0;32.575;0;6;0;35;0;0;0;22.5;0;5;0;33;0;0;0;0;0;4;0;25;0;0;;0;65.15;0;40;0;0
141;Jerusalem;Eastern Mediterranean;Egypt;0;10.075;0;5;0;31;0;0;0;32.575;0;6;0;35;0;0;0;22.5;0;5;0;33;0;0;0;0;0;4;0;25;0;0;;0;65.15;0;40;0;0
142;Jerusalem;Eastern Mediterranean;Iberian Peninsula;0;10.075;0;5;0;31;0;0;0;32.575;0;6;0;35;0;0;0;22.5;0;5;0;33;0;0;0;0;0;4;0;25;0;0;;0;65.15;0;40;0;0
143;Panayia Ematousa;Eastern Mediterranean;Italy;4.5;90.5;4.972375691;5;0.994475138;31;0.160399216;0.2;4.5;146.5;3.071672355;6;0.511945392;35;0.087762067;0.1;0;131;0;5;0;33;0;0;0;48;0;4;0;25;0;0;;9;416;2.163461538;40;0.054086538;0.1
144;Panayia Ematousa;Eastern Mediterranean;Gallia;0;90.5;0;5;0;31;0;0;0;146.5;0;6;0;35;0;0;0;131;0;5;0;33;0;0;0;48;0;4;0;25;0;0;;0;416;0;40;0;0
145;Panayia Ematousa;Eastern Mediterranean;Eastern Mediterranean;86;90.5;95.02762431;5;19.00552486;31;3.065407236;3.1;136;146.5;92.83276451;6;15.47212742;35;2.6523647;2.7;131;131;100;5;20;33;3.03030303;3;12;48;25;4;6.25;25;1;1;;365;416;87.74038462;40;2.193509615;2.2
146;Panayia Ematousa;Eastern Mediterranean;North Africa;0;90.5;0;5;0;31;0;0;0;146.5;0;6;0;35;0;0;0;131;0;5;0;33;0;0;0;48;0;4;0;25;0;0;;0;416;0;40;0;0
147;Panayia Ematousa;Eastern Mediterranean;unknown;0;90.5;0;5;0;31;0;0;0;146.5;0;6;0;35;0;0;0;131;0;5;0;33;0;0;36;48;75;4;18.75;25;3;3;;36;416;8.653846154;40;0.216346154;0.2
148;Panayia Ematousa;Eastern Mediterranean;Aegean;0;90.5;0;5;0;31;0;0;0;146.5;0;6;0;35;0;0;0;131;0;5;0;33;0;0;0;48;0;4;0;25;0;0;;0;416;0;40;0;0
149;Panayia Ematousa;Eastern Mediterranean;Western Mediterranean;0;90.5;0;5;0;31;0;0;0;146.5;0;6;0;35;0;0;0;131;0;5;0;33;0;0;0;48;0;4;0;25;0;0;;0;416;0;40;0;0
150;Panayia Ematousa;Eastern Mediterranean;Pontic Sea;0;90.5;0;5;0;31;0;0;0;146.5;0;6;0;35;0;0;0;131;0;5;0;33;0;0;0;48;0;4;0;25;0;0;;0;416;0;40;0;0
151;Panayia Ematousa;Eastern Mediterranean;Adria;0;90.5;0;5;0;31;0;0;0;146.5;0;6;0;35;0;0;0;131;0;5;0;33;0;0;0;48;0;4;0;25;0;0;;0;416;0;40;0;0
152;Panayia Ematousa;Eastern Mediterranean;Egypt;0;90.5;0;5;0;31;0;0;0;146.5;0;6;0;35;0;0;0;131;0;5;0;33;0;0;0;48;0;4;0;25;0;0;;0;416;0;40;0;0
153;Panayia Ematousa;Eastern Mediterranean;Iberian Peninsula;0;90.5;0;5;0;31;0;0;0;146.5;0;6;0;35;0;0;0;131;0;5;0;33;0;0;0;48;0;4;0;25;0;0;;0;416;0;40;0;0
154;Paphos;Eastern Mediterranean;Italy;15.5;173.083;8.955241127;5;1.791048225;31;0.288878746;0.3;9.5;74.7499;12.7090471;6;2.118174517;35;0.363115631;0.4;14;95.9166;14.59601362;5;2.919202724;33;0.442303443;0.4;24;98.6666;24.32434076;4;6.08108519;25;0.97297363;1;;63;442.4161;14.2399881;40;0.355999703;0.4
155;Paphos;Eastern Mediterranean;Gallia;0;173.083;0;5;0;31;0;0;0;74.7499;0;6;0;35;0;0;0;95.9166;0;5;0;33;0;0;0;98.6666;0;4;0;25;0;0;;0;442.4161;0;40;0;0
156;Paphos;Eastern Mediterranean;Eastern Mediterranean;137.333;173.083;79.34516966;5;15.86903393;31;2.559521602;2.6;51.9999;74.7499;69.56517668;6;11.59419611;35;1.987576476;2;47.6666;95.9166;49.69588163;5;9.939176326;33;1.505935807;1.5;51.6666;98.6666;52.36483268;4;13.09120817;25;2.094593307;2.1;;288.6661;442.4161;65.24764809;40;1.631191202;1.6
157;Paphos;Eastern Mediterranean;North Africa;0;173.083;0;5;0;31;0;0;0;74.7499;0;6;0;35;0;0;0;95.9166;0;5;0;33;0;0;2;98.6666;2.027028397;4;0.506757099;25;0.081081136;0.1;;2;442.4161;0.452063114;40;0.011301578;0
158;Paphos;Eastern Mediterranean;unknown;15.25;173.083;8.810801754;5;1.762160351;31;0.284219411;0.3;8.25;74.7499;11.03680406;6;1.839467344;35;0.315337259;0.3;7.75;95.9166;8.079936111;5;1.615987222;33;0.244846549;0.2;10.5;98.6666;10.64189908;4;2.660474771;25;0.425675963;0.4;;41.75;442.4161;9.436817512;40;0.235920438;0.2
159;Paphos;Eastern Mediterranean;Aegean;5;173.083;2.88878746;5;0.577757492;31;0.093186692;0.1;5;74.7499;6.688972159;6;1.114828693;35;0.19111349;0.2;26.5;95.9166;27.62816864;5;5.525633728;33;0.837217231;0.8;10.5;98.6666;10.64189908;4;2.660474771;25;0.425675963;0.4;;47;442.4161;10.62348319;40;0.26558708;0.3
160;Paphos;Eastern Mediterranean;Western Mediterranean;0;173.083;0;5;0;31;0;0;0;74.7499;0;6;0;35;0;0;0;95.9166;0;5;0;33;0;0;0;98.6666;0;4;0;25;0;0;;0;442.4161;0;40;0;0
161;Paphos;Eastern Mediterranean;Pontic Sea;0;173.083;0;5;0;31;0;0;0;74.7499;0;6;0;35;0;0;0;95.9166;0;5;0;33;0;0;0;98.6666;0;4;0;25;0;0;;0;442.4161;0;40;0;0
162;Paphos;Eastern Mediterranean;Adria;0;173.083;0;5;0;31;0;0;0;74.7499;0;6;0;35;0;0;0;95.9166;0;5;0;33;0;0;0;98.6666;0;4;0;25;0;0;;0;442.4161;0;40;0;0
163;Paphos;Eastern Mediterranean;Egypt;0;173.083;0;5;0;31;0;0;0;74.7499;0;6;0;35;0;0;0;95.9166;0;5;0;33;0;0;0;98.6666;0;4;0;25;0;0;;0;442.4161;0;40;0;0
164;Paphos;Eastern Mediterranean;Iberian Peninsula;0;173.083;0;5;0;31;0;0;0;74.7499;0;6;0;35;0;0;0;95.9166;0;5;0;33;0;0;0;98.6666;0;4;0;25;0;0;;0;442.4161;0;40;0;0
165;Caesarea;Eastern Mediterranean;Italy;0.5;4.5;11.11111111;5;2.222222222;31;0.358422939;0.4;0.5;6.1666;8.108195764;6;1.351365961;35;0.231662736;0.2;0;1.6666;0;5;0;33;0;0;16;175.666;9.108193959;4;2.27704849;25;0.364327758;0.4;;17;187.9992;9.042591671;40;0.226064792;0.2
166;Caesarea;Eastern Mediterranean;Gallia;0;4.5;0;5;0;31;0;0;0;6.1666;0;6;0;35;0;0;0;1.6666;0;5;0;33;0;0;0;175.666;0;4;0;25;0;0;;0;187.9992;0;40;0;0
167;Caesarea;Eastern Mediterranean;Eastern Mediterranean;3.5;4.5;77.77777778;5;15.55555556;31;2.508960573;2.5;5.1666;6.1666;83.78360847;6;13.96393475;35;2.393817385;2.4;1.6666;1.6666;100;5;20;33;3.03030303;3;146.666;175.666;83.49139845;4;20.87284961;25;3.339655938;3.3;;156.9992;187.9992;83.51056813;40;2.087764203;2.1
168;Caesarea;Eastern Mediterranean;North Africa;0;4.5;0;5;0;31;0;0;0;6.1666;0;6;0;35;0;0;0;1.6666;0;5;0;33;0;0;0;175.666;0;4;0;25;0;0;;0;187.9992;0;40;0;0
169;Caesarea;Eastern Mediterranean;unknown;0;4.5;0;5;0;31;0;0;0;6.1666;0;6;0;35;0;0;0;1.6666;0;5;0;33;0;0;12;175.666;6.831145469;4;1.707786367;25;0.273245819;0.3;;12;187.9992;6.383005885;40;0.159575147;0.2
170;Caesarea;Eastern Mediterranean;Aegean;0.5;4.5;11.11111111;5;2.222222222;31;0.358422939;0.4;0.5;6.1666;8.108195764;6;1.351365961;35;0.231662736;0.2;0;1.6666;0;5;0;33;0;0;1;175.666;0.569262122;4;0.142315531;25;0.022770485;0;;2;187.9992;1.063834314;40;0.026595858;0
171;Caesarea;Eastern Mediterranean;Western Mediterranean;0;4.5;0;5;0;31;0;0;0;6.1666;0;6;0;35;0;0;0;1.6666;0;5;0;33;0;0;0;175.666;0;4;0;25;0;0;;0;187.9992;0;40;0;0
172;Caesarea;Eastern Mediterranean;Pontic Sea;0;4.5;0;5;0;31;0;0;0;6.1666;0;6;0;35;0;0;0;1.6666;0;5;0;33;0;0;0;175.666;0;4;0;25;0;0;;0;187.9992;0;40;0;0
173;Caesarea;Eastern Mediterranean;Adria;0;4.5;0;5;0;31;0;0;0;6.1666;0;6;0;35;0;0;0;1.6666;0;5;0;33;0;0;0;175.666;0;4;0;25;0;0;;0;187.9992;0;40;0;0
174;Caesarea;Eastern Mediterranean;Egypt;0;4.5;0;5;0;31;0;0;0;6.1666;0;6;0;35;0;0;0;1.6666;0;5;0;33;0;0;0;175.666;0;4;0;25;0;0;;0;187.9992;0;40;0;0
175;Caesarea;Eastern Mediterranean;Iberian Peninsula;0;4.5;0;5;0;31;0;0;0;6.1666;0;6;0;35;0;0;0;1.6666;0;5;0;33;0;0;0;175.666;0;4;0;25;0;0;;0;187.9992;0;40;0;0
176;Berytus;Eastern Mediterranean;Italy;0;0;0;5;0;31;0;0;0;1;0;6;0;35;0;0;2;6.5;30.76923077;5;6.153846154;33;0.932400932;0.9;0;12;0;4;0;25;0;0;;2;19.5;10.25641026;40;0.256410256;0.3
177;Berytus;Eastern Mediterranean;Gallia;0;0;0;5;0;31;0;0;0;1;0;6;0;35;0;0;0;6.5;0;5;0;33;0;0;0;12;0;4;0;25;0;0;;0;19.5;0;40;0;0
178;Berytus;Eastern Mediterranean;Eastern Mediterranean;0;0;0;5;0;31;0;0;1;1;100;6;16.66666667;35;2.857142857;2.9;4.5;6.5;69.23076923;5;13.84615385;33;2.097902098;2.1;8;12;66.66666667;4;16.66666667;25;2.666666667;2.7;;13.5;19.5;69.23076923;40;1.730769231;1.7
179;Berytus;Eastern Mediterranean;North Africa;0;0;0;5;0;31;0;0;0;1;0;6;0;35;0;0;0;6.5;0;5;0;33;0;0;0;12;0;4;0;25;0;0;;0;19.5;0;40;0;0
180;Berytus;Eastern Mediterranean;unknown;0;0;0;5;0;31;0;0;0;1;0;6;0;35;0;0;0;6.5;0;5;0;33;0;0;4;12;33.33333333;4;8.333333333;25;1.333333333;1.3;;4;19.5;20.51282051;40;0.512820513;0.5
181;Berytus;Eastern Mediterranean;Aegean;0;0;0;5;0;31;0;0;0;1;0;6;0;35;0;0;0;6.5;0;5;0;33;0;0;0;12;0;4;0;25;0;0;;0;19.5;0;40;0;0
182;Berytus;Eastern Mediterranean;Western Mediterranean;0;0;0;5;0;31;0;0;0;1;0;6;0;35;0;0;0;6.5;0;5;0;33;0;0;0;12;0;4;0;25;0;0;;0;19.5;0;40;0;0
183;Berytus;Eastern Mediterranean;Pontic Sea;0;0;0;5;0;31;0;0;0;1;0;6;0;35;0;0;0;6.5;0;5;0;33;0;0;0;12;0;4;0;25;0;0;;0;19.5;0;40;0;0
184;Berytus;Eastern Mediterranean;Adria;0;0;0;5;0;31;0;0;0;1;0;6;0;35;0;0;0;6.5;0;5;0;33;0;0;0;12;0;4;0;25;0;0;;0;19.5;0;40;0;0
185;Berytus;Eastern Mediterranean;Egypt;0;0;0;5;0;31;0;0;0;1;0;6;0;35;0;0;0;6.5;0;5;0;33;0;0;0;12;0;4;0;25;0;0;;0;19.5;0;40;0;0
186;Berytus;Eastern Mediterranean;Iberian Peninsula;0;0;0;5;0;31;0;0;0;1;0;6;0;35;0;0;0;6.5;0;5;0;33;0;0;0;12;0;4;0;25;0;0;;0;19.5;0;40;0;0
198;Alexandria;Egypt;Italy;1.5;18.25;8.219178082;2;4.109589041;31;0.265134777;0.3;1.5;18.25;8.219178082;2;4.109589041;35;0.234833659;0.2;1.5;18.25;8.219178082;2;4.109589041;33;0.249066002;0.2;0;0;0;1;0;25;0;0;;4.5;54.75;8.219178082;40;0.205479452;0.2
199;Alexandria;Egypt;Gallia;0;18.25;0;2;0;31;0;0;0;18.25;0;2;0;35;0;0;0;18.25;0;2;0;33;0;0;0;0;0;1;0;25;0;0;;0;54.75;0;40;0;0
200;Alexandria;Egypt;Eastern Mediterranean;13.5;18.25;73.97260274;2;36.98630137;31;2.386212992;2.4;13.5;18.25;73.97260274;2;36.98630137;35;2.113502935;2.1;13.5;18.25;73.97260274;2;36.98630137;33;2.241594022;2.2;0;0;0;1;0;25;0;0;;40.5;54.75;73.97260274;40;1.849315068;1.8
201;Alexandria;Egypt;North Africa;0;18.25;0;2;0;31;0;0;0;18.25;0;2;0;35;0;0;0;18.25;0;2;0;33;0;0;0;0;0;1;0;25;0;0;;0;54.75;0;40;0;0
202;Alexandria;Egypt;unknown;0;18.25;0;2;0;31;0;0;0;18.25;0;2;0;35;0;0;0;18.25;0;2;0;33;0;0;0;0;0;1;0;25;0;0;;0;54.75;0;40;0;0
203;Alexandria;Egypt;Aegean;0.25;18.25;1.369863014;2;0.684931507;31;0.044189129;0;0.25;18.25;1.369863014;2;0.684931507;35;0.039138943;0;0.25;18.25;1.369863014;2;0.684931507;33;0.041511;0;0;0;0;1;0;25;0;0;;0.75;54.75;1.369863014;40;0.034246575;0
204;Alexandria;Egypt;Western Mediterranean;0.25;18.25;1.369863014;2;0.684931507;31;0.044189129;0;0.25;18.25;1.369863014;2;0.684931507;35;0.039138943;0;0.25;18.25;1.369863014;2;0.684931507;33;0.041511;0;0;0;0;1;0;25;0;0;;0.75;54.75;1.369863014;40;0.034246575;0
205;Alexandria;Egypt;Pontic Sea;0.5;18.25;2.739726027;2;1.369863014;31;0.088378259;0.1;0.5;18.25;2.739726027;2;1.369863014;35;0.078277886;0.1;0.5;18.25;2.739726027;2;1.369863014;33;0.083022001;0.1;0;0;0;1;0;25;0;0;;1.5;54.75;2.739726027;40;0.068493151;0.1
206;Alexandria;Egypt;Adria;0;18.25;0;2;0;31;0;0;0;18.25;0;2;0;35;0;0;0;18.25;0;2;0;33;0;0;0;0;0;1;0;25;0;0;;0;54.75;0;40;0;0
207;Alexandria;Egypt;Egypt;2.25;18.25;12.32876712;2;6.164383562;31;0.397702165;0.4;2.25;18.25;12.32876712;2;6.164383562;35;0.352250489;0.4;2.25;18.25;12.32876712;2;6.164383562;33;0.373599004;0.4;0;0;0;1;0;25;0;0;;6.75;54.75;12.32876712;40;0.308219178;0.3
208;Alexandria;Egypt;Iberian Peninsula;0;18.25;0;2;0;31;0;0;0;18.25;0;2;0;35;0;0;0;18.25;0;2;0;33;0;0;0;0;0;1;0;25;0;0;;0;54.75;0;40;0;0
209;Karanis;Egypt;Italy;0;6.35;0;2;0;31;0;0;0;4.9;0;2;0;35;0;0;0;7.82;0;2;0;33;0;0;0;7.65;0;1;0;25;0;0;;0;26.72;0;40;0;0
210;Karanis;Egypt;Gallia;0;6.35;0;2;0;31;0;0;0;4.9;0;2;0;35;0;0;0;7.82;0;2;0;33;0;0;0;7.65;0;1;0;25;0;0;;0;26.72;0;40;0;0
211;Karanis;Egypt;Eastern Mediterranean;0;6.35;0;2;0;31;0;0;0;4.9;0;2;0;35;0;0;0;7.82;0;2;0;33;0;0;0;7.65;0;1;0;25;0;0;;0;26.72;0;40;0;0
212;Karanis;Egypt;North Africa;2.55;6.35;40.15748031;2;20.07874016;31;1.295402591;1.3;0.6;4.9;12.24489796;2;6.12244898;35;0.349854227;0.3;0.52;7.82;6.649616368;2;3.324808184;33;0.201503526;0.2;0.85;7.65;11.11111111;1;11.11111111;25;0.444444444;0.4;;4.52;26.72;16.91616766;40;0.422904192;0.4
213;Karanis;Egypt;unknown;1.25;6.35;19.68503937;2;9.842519685;31;0.63500127;0.6;1.75;4.9;35.71428571;2;17.85714286;35;1.020408163;1;3.75;7.82;47.95396419;2;23.9769821;33;1.45315043;1.5;3.25;7.65;42.48366013;1;42.48366013;25;1.699346405;1.7;;10;26.72;37.4251497;40;0.935628743;0.9
214;Karanis;Egypt;Aegean;0;6.35;0;2;0;31;0;0;0;4.9;0;2;0;35;0;0;0;7.82;0;2;0;33;0;0;0;7.65;0;1;0;25;0;0;;0;26.72;0;40;0;0
215;Karanis;Egypt;Western Mediterranean;0;6.35;0;2;0;31;0;0;0;4.9;0;2;0;35;0;0;0;7.82;0;2;0;33;0;0;0;7.65;0;1;0;25;0;0;;0;26.72;0;40;0;0
216;Karanis;Egypt;Pontic Sea;0;6.35;0;2;0;31;0;0;0;4.9;0;2;0;35;0;0;0;7.82;0;2;0;33;0;0;0;7.65;0;1;0;25;0;0;;0;26.72;0;40;0;0
217;Karanis;Egypt;Adria;0;6.35;0;2;0;31;0;0;0;4.9;0;2;0;35;0;0;0;7.82;0;2;0;33;0;0;0;7.65;0;1;0;25;0;0;;0;26.72;0;40;0;0
218;Karanis;Egypt;Egypt;2.55;6.35;40.15748031;2;20.07874016;31;1.295402591;1.3;2.55;4.9;52.04081633;2;26.02040816;35;1.486880466;1.5;3.55;7.82;45.39641944;2;22.69820972;33;1.375649074;1.4;3.55;7.65;46.40522876;1;46.40522876;25;1.85620915;1.9;;12.2;26.72;45.65868263;40;1.141467066;1.1
219;Karanis;Egypt;Iberian Peninsula;0;6.35;0;2;0;31;0;0;0;4.9;0;2;0;35;0;0;0;7.82;0;2;0;33;0;0;0;7.65;0;1;0;25;0;0;;0;26.72;0;40;0;0
220;La Nautique;Gallia;Italy;3;35;8.571428571;2;4.285714286;31;0.276497696;0.3;0;0;0;2;0;35;0;0;0;0;0;1;0;33;0;0;0;0;0;0;0;25;0;0;;3;35;8.571428571;40;0.214285714;0.2
221;La Nautique;Gallia;Gallia;0;35;0;2;0;31;0;0;0;0;0;2;0;35;0;0;0;0;0;1;0;33;0;0;0;0;0;0;0;25;0;0;;0;35;0;40;0;0
222;La Nautique;Gallia;Eastern Mediterranean;0;35;0;2;0;31;0;0;0;0;0;2;0;35;0;0;0;0;0;1;0;33;0;0;0;0;0;0;0;25;0;0;;0;35;0;40;0;0
223;La Nautique;Gallia;North Africa;0;35;0;2;0;31;0;0;0;0;0;2;0;35;0;0;0;0;0;1;0;33;0;0;0;0;0;0;0;25;0;0;;0;35;0;40;0;0
224;La Nautique;Gallia;unknown;26;35;74.28571429;2;37.14285714;31;2.396313364;2.4;0;0;0;2;0;35;0;0;0;0;0;1;0;33;0;0;0;0;0;0;0;25;0;0;;26;35;74.28571429;40;1.857142857;1.9
225;La Nautique;Gallia;Aegean;0;35;0;2;0;31;0;0;0;0;0;2;0;35;0;0;0;0;0;1;0;33;0;0;0;0;0;0;0;25;0;0;;0;35;0;40;0;0
226;La Nautique;Gallia;Western Mediterranean;6;35;17.14285714;2;8.571428571;31;0.552995392;0.6;0;0;0;2;0;35;0;0;0;0;0;1;0;33;0;0;0;0;0;0;0;25;0;0;;6;35;17.14285714;40;0.428571429;0.4
227;La Nautique;Gallia;Pontic Sea;0;35;0;2;0;31;0;0;0;0;0;2;0;35;0;0;0;0;0;1;0;33;0;0;0;0;0;0;0;25;0;0;;0;35;0;40;0;0
228;La Nautique;Gallia;Adria;0;35;0;2;0;31;0;0;0;0;0;2;0;35;0;0;0;0;0;1;0;33;0;0;0;0;0;0;0;25;0;0;;0;35;0;40;0;0
229;La Nautique;Gallia;Egypt;0;35;0;2;0;31;0;0;0;0;0;2;0;35;0;0;0;0;0;1;0;33;0;0;0;0;0;0;0;25;0;0;;0;35;0;40;0;0
230;La Nautique;Gallia;Iberian Peninsula;0;35;0;2;0;31;0;0;0;0;0;2;0;35;0;0;0;0;0;1;0;33;0;0;0;0;0;0;0;25;0;0;;0;35;0;40;0;0
231;Lyon;Gallia;Italy;0;0;0;2;0;31;0;0;4;43;9.302325581;2;4.651162791;35;0.265780731;0.3;0;0;0;1;0;33;0;0;0;0;0;0;0;25;0;0;;4;43;9.302325581;40;0.23255814;0.2
232;Lyon;Gallia;Gallia;0;0;0;2;0;31;0;0;39;43;90.69767442;2;45.34883721;35;2.591362126;2.6;0;0;0;1;0;33;0;0;0;0;0;0;0;25;0;0;;39;43;90.69767442;40;2.26744186;2.3
233;Lyon;Gallia;Eastern Mediterranean;0;0;0;2;0;31;0;0;0;43;0;2;0;35;0;0;0;0;0;1;0;33;0;0;0;0;0;0;0;25;0;0;;0;43;0;40;0;0
234;Lyon;Gallia;North Africa;0;0;0;2;0;31;0;0;0;43;0;2;0;35;0;0;0;0;0;1;0;33;0;0;0;0;0;0;0;25;0;0;;0;43;0;40;0;0
235;Lyon;Gallia;unknown;0;0;0;2;0;31;0;0;0;43;0;2;0;35;0;0;0;0;0;1;0;33;0;0;0;0;0;0;0;25;0;0;;0;43;0;40;0;0
236;Lyon;Gallia;Aegean;0;0;0;2;0;31;0;0;0;43;0;2;0;35;0;0;0;0;0;1;0;33;0;0;0;0;0;0;0;25;0;0;;0;43;0;40;0;0
237;Lyon;Gallia;Western Mediterranean;0;0;0;2;0;31;0;0;0;43;0;2;0;35;0;0;0;0;0;1;0;33;0;0;0;0;0;0;0;25;0;0;;0;43;0;40;0;0
238;Lyon;Gallia;Pontic Sea;0;0;0;2;0;31;0;0;0;43;0;2;0;35;0;0;0;0;0;1;0;33;0;0;0;0;0;0;0;25;0;0;;0;43;0;40;0;0
239;Lyon;Gallia;Adria;0;0;0;2;0;31;0;0;0;43;0;2;0;35;0;0;0;0;0;1;0;33;0;0;0;0;0;0;0;25;0;0;;0;43;0;40;0;0
240;Lyon;Gallia;Egypt;0;0;0;2;0;31;0;0;0;43;0;2;0;35;0;0;0;0;0;1;0;33;0;0;0;0;0;0;0;25;0;0;;0;43;0;40;0;0
241;Lyon;Gallia;Iberian Peninsula;0;0;0;2;0;31;0;0;0;43;0;2;0;35;0;0;0;0;0;1;0;33;0;0;0;0;0;0;0;25;0;0;;0;43;0;40;0;0
242;Narbonne;Gallia;Italy;275.8;575.7;47.90689595;2;23.95344798;31;1.54538374;1.5;18;84.5;21.30177515;2;10.65088757;35;0.608622147;0.6;1;5.5;18.18181818;1;18.18181818;33;0.550964187;0.6;0;0;0;0;0;25;0;0;;294.8;665.7;44.28421211;40;1.107105303;1.1
243;Narbonne;Gallia;Gallia;81.3;575.7;14.12193851;2;7.060969255;31;0.455546404;0.5;55;84.5;65.0887574;2;32.5443787;35;1.859678783;1.9;2;5.5;36.36363636;1;36.36363636;33;1.101928375;1.1;0;0;0;0;0;25;0;0;;138.3;665.7;20.77512393;40;0.519378098;0.5
244;Narbonne;Gallia;Eastern Mediterranean;0;575.7;0;2;0;31;0;0;0;84.5;0;2;0;35;0;0;0;5.5;0;1;0;33;0;0;0;0;0;0;0;25;0;0;;0;665.7;0;40;0;0
245;Narbonne;Gallia;North Africa;0;575.7;0;2;0;31;0;0;0;84.5;0;2;0;35;0;0;0;5.5;0;1;0;33;0;0;0;0;0;0;0;25;0;0;;0;665.7;0;40;0;0
246;Narbonne;Gallia;unknown;122.4;575.7;21.26107348;2;10.63053674;31;0.68584108;0.7;10;84.5;11.83431953;2;5.917159763;35;0.338123415;0.3;2.5;5.5;45.45454545;1;45.45454545;33;1.377410468;1.4;0;0;0;0;0;25;0;0;;134.9;665.7;20.26438336;40;0.506609584;0.5
247;Narbonne;Gallia;Aegean;0;575.7;0;2;0;31;0;0;0;84.5;0;2;0;35;0;0;0;5.5;0;1;0;33;0;0;0;0;0;0;0;25;0;0;;0;665.7;0;40;0;0
248;Narbonne;Gallia;Western Mediterranean;95.6;575.7;16.60587111;2;8.302935557;31;0.535673262;0.5;1.5;84.5;1.775147929;2;0.887573964;35;0.050718512;0.1;0;5.5;0;1;0;33;0;0;0;0;0;0;0;25;0;0;;97.1;665.7;14.58614992;40;0.364653748;0.4
249;Narbonne;Gallia;Pontic Sea;0;575.7;0;2;0;31;0;0;0;84.5;0;2;0;35;0;0;0;5.5;0;1;0;33;0;0;0;0;0;0;0;25;0;0;;0;665.7;0;40;0;0
250;Narbonne;Gallia;Adria;0;575.7;0;2;0;31;0;0;0;84.5;0;2;0;35;0;0;0;5.5;0;1;0;33;0;0;0;0;0;0;0;25;0;0;;0;665.7;0;40;0;0
251;Narbonne;Gallia;Egypt;0;575.7;0;2;0;31;0;0;0;84.5;0;2;0;35;0;0;0;5.5;0;1;0;33;0;0;0;0;0;0;0;25;0;0;;0;665.7;0;40;0;0
252;Narbonne;Gallia;Iberian Peninsula;0.6;575.7;0.104220948;2;0.052110474;31;0.003361966;0;0;84.5;0;2;0;35;0;0;0;5.5;0;1;0;33;0;0;0;0;0;0;0;25;0;0;;0.6;665.7;0.090130689;40;0.002253267;0
253;Albintimilium;Italy;Italy;107.33333;113.3333;94.70590727;6;15.78431788;31;3.055029267;3.1;69.3333;118.833333;58.34499315;8;7.293124144;35;1.666999804;1.7;65.88333;162.63333;40.51034926;8;5.063793658;33;1.227586341;1.2;3.05;18.3;16.66666667;5;3.333333333;25;0.666666667;0.7;;245.59996;413.099963;59.45291261;40;1.486322815;1.5
254;Albintimilium;Italy;Gallia;0;113.3333;0;6;0;31;0;0;39;118.833333;32.81907443;8;4.102384303;35;0.937687841;0.9;76.65;162.63333;47.13056051;8;5.891320063;33;1.428198803;1.4;7.65;18.3;41.80327869;5;8.360655738;25;1.672131148;1.7;;123.3;413.099963;29.84749723;40;0.746187431;0.7
255;Albintimilium;Italy;Eastern Mediterranean;0;113.3333;0;6;0;31;0;0;0;118.833333;0;8;0;35;0;0;0;162.63333;0;8;0;33;0;0;0;18.3;0;5;0;25;0;0;;0;413.099963;0;40;0;0
256;Albintimilium;Italy;North Africa;0;113.3333;0;6;0;31;0;0;3.5;118.833333;2.945301551;8;0.368162694;35;0.084151473;0.1;13.2;162.63333;8.116417465;8;1.014552183;33;0.245952044;0.2;6.7;18.3;36.61202186;5;7.322404372;25;1.464480874;1.5;;23.4;413.099963;5.664488525;40;0.141612213;0.1
257;Albintimilium;Italy;unknown;3;113.3333;2.647059602;6;0.4411766;31;0.085389019;0.1;5;118.833333;4.207573644;8;0.525946706;35;0.12021639;0.1;5.9;162.63333;3.627792655;8;0.453474082;33;0.109933111;0.1;0.9;18.3;4.918032787;5;0.983606557;25;0.196721311;0.2;;14.8;413.099963;3.582667956;40;0.089566699;0.1
258;Albintimilium;Italy;Aegean;0;113.3333;0;6;0;31;0;0;0;118.833333;0;8;0;35;0;0;0;162.63333;0;8;0;33;0;0;0;18.3;0;5;0;25;0;0;;0;413.099963;0;40;0;0
259;Albintimilium;Italy;Western Mediterranean;0;113.3333;0;6;0;31;0;0;0;118.833333;0;8;0;35;0;0;0;162.63333;0;8;0;33;0;0;0;18.3;0;5;0;25;0;0;;0;413.099963;0;40;0;0
260;Albintimilium;Italy;Pontic Sea;0;113.3333;0;6;0;31;0;0;0;118.833333;0;8;0;35;0;0;0;162.63333;0;8;0;33;0;0;0;18.3;0;5;0;25;0;0;;0;413.099963;0;40;0;0
261;Albintimilium;Italy;Adria;0;113.3333;0;6;0;31;0;0;0;118.833333;0;8;0;35;0;0;0;162.63333;0;8;0;33;0;0;0;18.3;0;5;0;25;0;0;;0;413.099963;0;40;0;0
262;Albintimilium;Italy;Egypt;0;113.3333;0;6;0;31;0;0;0;118.833333;0;8;0;35;0;0;0;162.63333;0;8;0;33;0;0;0;18.3;0;5;0;25;0;0;;0;413.099963;0;40;0;0
263;Albintimilium;Italy;Iberian Peninsula;3;113.3333;2.647059602;6;0.4411766;31;0.085389019;0.1;2;118.833333;1.683029458;8;0.210378682;35;0.048086556;0;1;162.63333;0.614880111;8;0.076860014;33;0.018632731;0;0;18.3;0;5;0;25;0;0;;6;413.099963;1.452432955;40;0.036310824;0
264;Metaponto;Italy;Italy;0;0;0;6;0;31;0;0;55.5;179.5;30.91922006;8;3.864902507;35;0.883406287;0.9;55.5;179.5;30.91922006;8;3.864902507;33;0.936946062;0.9;0;0;0;5;0;25;0;0;;111;359;30.91922006;40;0.772980501;0.8
265;Metaponto;Italy;Gallia;0;0;0;6;0;31;0;0;0.5;179.5;0.278551532;8;0.034818942;35;0.007958615;0;0.5;179.5;0.278551532;8;0.034818942;33;0.008440956;0;0;0;0;5;0;25;0;0;;1;359;0.278551532;40;0.006963788;0
266;Metaponto;Italy;Eastern Mediterranean;0;0;0;6;0;31;0;0;7;179.5;3.899721448;8;0.487465181;35;0.111420613;0.1;7;179.5;3.899721448;8;0.487465181;33;0.118173377;0.1;0;0;0;5;0;25;0;0;;14;359;3.899721448;40;0.097493036;0.1
267;Metaponto;Italy;North Africa;0;0;0;6;0;31;0;0;79;179.5;44.01114206;8;5.501392758;35;1.257461202;1.3;79;179.5;44.01114206;8;5.501392758;33;1.333670972;1.3;0;0;0;5;0;25;0;0;;158;359;44.01114206;40;1.100278552;1.1
268;Metaponto;Italy;unknown;0;0;0;6;0;31;0;0;0;179.5;0;8;0;35;0;0;0;179.5;0;8;0;33;0;0;0;0;0;5;0;25;0;0;;0;359;0;40;0;0
269;Metaponto;Italy;Aegean;0;0;0;6;0;31;0;0;4.5;179.5;2.506963788;8;0.313370474;35;0.071627537;0.1;4.5;179.5;2.506963788;8;0.313370474;33;0.0759686;0.1;0;0;0;5;0;25;0;0;;9;359;2.506963788;40;0.062674095;0.1
270;Metaponto;Italy;Western Mediterranean;0;0;0;6;0;31;0;0;33;179.5;18.38440111;8;2.298050139;35;0.525268603;0.5;33;179.5;18.38440111;8;2.298050139;33;0.557103064;0.6;0;0;0;5;0;25;0;0;;66;359;18.38440111;40;0.459610028;0.5
271;Metaponto;Italy;Pontic Sea;0;0;0;6;0;31;0;0;0;179.5;0;8;0;35;0;0;0;179.5;0;8;0;33;0;0;0;0;0;5;0;25;0;0;;0;359;0;40;0;0
272;Metaponto;Italy;Adria;0;0;0;6;0;31;0;0;0;179.5;0;8;0;35;0;0;0;179.5;0;8;0;33;0;0;0;0;0;5;0;25;0;0;;0;359;0;40;0;0
273;Metaponto;Italy;Egypt;0;0;0;6;0;31;0;0;0;179.5;0;8;0;35;0;0;0;179.5;0;8;0;33;0;0;0;0;0;5;0;25;0;0;;0;359;0;40;0;0
274;Metaponto;Italy;Iberian Peninsula;0;0;0;6;0;31;0;0;0;179.5;0;8;0;35;0;0;0;179.5;0;8;0;33;0;0;0;0;0;5;0;25;0;0;;0;359;0;40;0;0
275;Monte Iato;Italy;Italy;1.5;1.5;100;6;16.66666667;31;3.225806452;3.2;168;222.5;75.50561798;8;9.438202247;35;2.157303371;2.2;40;71.5;55.94405594;8;6.993006993;33;1.695274423;1.7;0;0;0;5;0;25;0;0;;209.5;295.5;70.89678511;40;1.772419628;1.8
276;Monte Iato;Italy;Gallia;0;1.5;0;6;0;31;0;0;0;222.5;0;8;0;35;0;0;0;71.5;0;8;0;33;0;0;0;0;0;5;0;25;0;0;;0;295.5;0;40;0;0
277;Monte Iato;Italy;Eastern Mediterranean;0;1.5;0;6;0;31;0;0;0;222.5;0;8;0;35;0;0;0;71.5;0;8;0;33;0;0;0;0;0;5;0;25;0;0;;0;295.5;0;40;0;0
278;Monte Iato;Italy;North Africa;0;1.5;0;6;0;31;0;0;0;222.5;0;8;0;35;0;0;0;71.5;0;8;0;33;0;0;0;0;0;5;0;25;0;0;;0;295.5;0;40;0;0
279;Monte Iato;Italy;unknown;0;1.5;0;6;0;31;0;0;12;222.5;5.393258427;8;0.674157303;35;0.154093098;0.2;9;71.5;12.58741259;8;1.573426573;33;0.381436745;0.4;0;0;0;5;0;25;0;0;;21;295.5;7.106598985;40;0.177664975;0.2
280;Monte Iato;Italy;Aegean;0;1.5;0;6;0;31;0;0;0;222.5;0;8;0;35;0;0;0;71.5;0;8;0;33;0;0;0;0;0;5;0;25;0;0;;0;295.5;0;40;0;0
281;Monte Iato;Italy;Western Mediterranean;0;1.5;0;6;0;31;0;0;42.5;222.5;19.1011236;8;2.387640449;35;0.545746388;0.5;22.5;71.5;31.46853147;8;3.933566434;33;0.953591863;1;0;0;0;5;0;25;0;0;;65;295.5;21.99661591;40;0.549915398;0.5
282;Monte Iato;Italy;Pontic Sea;0;1.5;0;6;0;31;0;0;0;222.5;0;8;0;35;0;0;0;71.5;0;8;0;33;0;0;0;0;0;5;0;25;0;0;;0;295.5;0;40;0;0
283;Monte Iato;Italy;Adria;0;1.5;0;6;0;31;0;0;0;222.5;0;8;0;35;0;0;0;71.5;0;8;0;33;0;0;0;0;0;5;0;25;0;0;;0;295.5;0;40;0;0
284;Monte Iato;Italy;Egypt;0;1.5;0;6;0;31;0;0;0;222.5;0;8;0;35;0;0;0;71.5;0;8;0;33;0;0;0;0;0;5;0;25;0;0;;0;295.5;0;40;0;0
285;Monte Iato;Italy;Iberian Peninsula;0;1.5;0;6;0;31;0;0;0;222.5;0;8;0;35;0;0;0;71.5;0;8;0;33;0;0;0;0;0;5;0;25;0;0;;0;295.5;0;40;0;0
286;Morgantina;Italy;Italy;320;418;76.55502392;6;12.75917065;31;2.469516901;2.5;344;436;78.89908257;8;9.862385321;35;2.254259502;2.3;0;0;0;8;0;33;0;0;0;0;0;5;0;25;0;0;;664;854;77.75175644;40;1.943793911;1.9
287;Morgantina;Italy;Gallia;0;418;0;6;0;31;0;0;0;436;0;8;0;35;0;0;0;0;0;8;0;33;0;0;0;0;0;5;0;25;0;0;;0;854;0;40;0;0
288;Morgantina;Italy;Eastern Mediterranean;18;418;4.306220096;6;0.717703349;31;0.138910326;0.1;48;436;11.00917431;8;1.376146789;35;0.314547837;0.3;0;0;0;8;0;33;0;0;0;0;0;5;0;25;0;0;;66;854;7.728337237;40;0.193208431;0.2
289;Morgantina;Italy;North Africa;0;418;0;6;0;31;0;0;0;436;0;8;0;35;0;0;0;0;0;8;0;33;0;0;0;0;0;5;0;25;0;0;;0;854;0;40;0;0
290;Morgantina;Italy;unknown;14;418;3.349282297;6;0.558213716;31;0.108041364;0.1;7;436;1.605504587;8;0.200688073;35;0.04587156;0;0;0;0;8;0;33;0;0;0;0;0;5;0;25;0;0;;21;854;2.459016393;40;0.06147541;0.1
291;Morgantina;Italy;Aegean;9;418;2.153110048;6;0.358851675;31;0.069455163;0.1;1;436;0.229357798;8;0.028669725;35;0.00655308;0;0;0;0;8;0;33;0;0;0;0;0;5;0;25;0;0;;10;854;1.170960187;40;0.029274005;0
292;Morgantina;Italy;Western Mediterranean;57;418;13.63636364;6;2.272727273;31;0.439882698;0.4;36;436;8.256880734;8;1.032110092;35;0.235910878;0.2;0;0;0;8;0;33;0;0;0;0;0;5;0;25;0;0;;93;854;10.88992974;40;0.272248244;0.3
293;Morgantina;Italy;Pontic Sea;0;418;0;6;0;31;0;0;0;436;0;8;0;35;0;0;0;0;0;8;0;33;0;0;0;0;0;5;0;25;0;0;;0;854;0;40;0;0
294;Morgantina;Italy;Adria;0;418;0;6;0;31;0;0;0;436;0;8;0;35;0;0;0;0;0;8;0;33;0;0;0;0;0;5;0;25;0;0;;0;854;0;40;0;0
295;Morgantina;Italy;Egypt;0;418;0;6;0;31;0;0;0;436;0;8;0;35;0;0;0;0;0;8;0;33;0;0;0;0;0;5;0;25;0;0;;0;854;0;40;0;0
296;Morgantina;Italy;Iberian Peninsula;0;418;0;6;0;31;0;0;0;436;0;8;0;35;0;0;0;0;0;8;0;33;0;0;0;0;0;5;0;25;0;0;;0;854;0;40;0;0
297;Ostia;Italy;Italy;0;0;0;6;0;31;0;0;8;13.5;59.25925926;8;7.407407407;35;1.693121693;1.7;3525;6647;53.03144276;8;6.628930345;33;1.607013417;1.6;557;1304;42.71472393;5;8.542944785;25;1.708588957;1.7;;4090;7964.5;51.3528784;40;1.28382196;1.3
298;Ostia;Italy;Gallia;0;0;0;6;0;31;0;0;0;13.5;0;8;0;35;0;0;1016.5;6647;15.29261321;8;1.911576651;33;0.463412521;0.5;119.5;1304;9.164110429;5;1.832822086;25;0.366564417;0.4;;1136;7964.5;14.26329336;40;0.356582334;0.4
299;Ostia;Italy;Eastern Mediterranean;0;0;0;6;0;31;0;0;0;13.5;0;8;0;35;0;0;64;6647;0.962840379;8;0.120355047;33;0.029176981;0;3;1304;0.23006135;5;0.04601227;25;0.009202454;0;;67;7964.5;0.841232971;40;0.021030824;0
300;Ostia;Italy;North Africa;0;0;0;6;0;31;0;0;0;13.5;0;8;0;35;0;0;108.5;6647;1.63231533;8;0.204039416;33;0.049464101;0;63.5;1304;4.869631902;5;0.97392638;25;0.194785276;0.2;;172;7964.5;2.15958315;40;0.053989579;0.1
301;Ostia;Italy;unknown;0;0;0;6;0;31;0;0;0;13.5;0;8;0;35;0;0;55;6647;0.827440951;8;0.103430119;33;0.025073968;0;2;1304;0.153374233;5;0.030674847;25;0.006134969;0;;57;7964.5;0.715675811;40;0.017891895;0
302;Ostia;Italy;Aegean;0;0;0;6;0;31;0;0;0;13.5;0;8;0;35;0;0;94.5;6647;1.421693997;8;0.17771175;33;0.043081636;0;30.5;1304;2.338957055;5;0.467791411;25;0.093558282;0.1;;125;7964.5;1.569464499;40;0.039236612;0
303;Ostia;Italy;Western Mediterranean;0;0;0;6;0;31;0;0;5.5;13.5;40.74074074;8;5.092592593;35;1.164021164;1.2;1762;6647;26.50819919;8;3.313524898;33;0.803278763;0.8;518;1304;39.72392638;5;7.944785276;25;1.588957055;1.6;;2285.5;7964.5;28.69608889;40;0.717402222;0.7
304;Ostia;Italy;Pontic Sea;0;0;0;6;0;31;0;0;0;13.5;0;8;0;35;0;0;15;6647;0.225665714;8;0.028208214;33;0.006838355;0;5;1304;0.383435583;5;0.076687117;25;0.015337423;0;;20;7964.5;0.25111432;40;0.006277858;0
305;Ostia;Italy;Adria;0;0;0;6;0;31;0;0;0;13.5;0;8;0;35;0;0;0;6647;0;8;0;33;0;0;0;1304;0;5;0;25;0;0;;0;7964.5;0;40;0;0
306;Ostia;Italy;Egypt;0;0;0;6;0;31;0;0;0;13.5;0;8;0;35;0;0;0;6647;0;8;0;33;0;0;0;1304;0;5;0;25;0;0;;0;7964.5;0;40;0;0
307;Ostia;Italy;Iberian Peninsula;0;0;0;6;0;31;0;0;0;13.5;0;8;0;35;0;0;6.5;6647;0.097788476;8;0.01222356;33;0.002963287;0;5.5;1304;0.421779141;5;0.084355828;25;0.016871166;0;;12;7964.5;0.150668592;40;0.003766715;0
308;Padova;Italy;Italy;3.18;3.18;100;6;16.66666667;31;3.225806452;3.2;5.27;7.637;69.00615425;8;8.625769281;35;1.971604407;2;3.18;7.6325;41.66393711;8;5.207992139;33;1.262543549;1.3;0;0;0;5;0;25;0;0;;11.63;18.4495;63.03693867;40;1.575923467;1.6
309;Padova;Italy;Gallia;0;3.18;0;6;0;31;0;0;0.0045;7.637;0.058923661;8;0.007365458;35;0.001683533;0;2.09;7.6325;27.38290206;8;3.422862758;33;0.829784911;0.8;0;0;0;5;0;25;0;0;;2.0945;18.4495;11.35261118;40;0.28381528;0.3
310;Padova;Italy;Eastern Mediterranean;0;3.18;0;6;0;31;0;0;0.0675;7.637;0.883854917;8;0.110481865;35;0.025252998;0;0.0675;7.6325;0.884376024;8;0.110547003;33;0.026799273;0;0;0;0;5;0;25;0;0;;0.135;18.4495;0.731727147;40;0.018293179;0
311;Padova;Italy;North Africa;0;3.18;0;6;0;31;0;0;0;7.637;0;8;0;35;0;0;0;7.6325;0;8;0;33;0;0;0;0;0;5;0;25;0;0;;0;18.4495;0;40;0;0
312;Padova;Italy;unknown;0;3.18;0;6;0;31;0;0;0.045;7.637;0.589236611;8;0.073654576;35;0.016835332;0;0.045;7.6325;0.589584016;8;0.073698002;33;0.017866182;0;0;0;0;5;0;25;0;0;;0.09;18.4495;0.487818098;40;0.012195452;0
313;Padova;Italy;Aegean;0;3.18;0;6;0;31;0;0;0;7.637;0;8;0;35;0;0;0;7.6325;0;8;0;33;0;0;0;0;0;5;0;25;0;0;;0;18.4495;0;40;0;0
314;Padova;Italy;Western Mediterranean;0;3.18;0;6;0;31;0;0;2.25;7.637;29.46183056;8;3.68272882;35;0.841766587;0.8;2.25;7.6325;29.47920079;8;3.684900098;33;0.893309115;0.9;0;0;0;5;0;25;0;0;;4.5;18.4495;24.3909049;40;0.609772623;0.6
315;Padova;Italy;Pontic Sea;0;3.18;0;6;0;31;0;0;0;7.637;0;8;0;35;0;0;0;7.6325;0;8;0;33;0;0;0;0;0;5;0;25;0;0;;0;18.4495;0;40;0;0
316;Padova;Italy;Adria;0;3.18;0;6;0;31;0;0;0;7.637;0;8;0;35;0;0;0;7.6325;0;8;0;33;0;0;0;0;0;5;0;25;0;0;;0;18.4495;0;40;0;0
317;Padova;Italy;Egypt;0;3.18;0;6;0;31;0;0;0;7.637;0;8;0;35;0;0;0;7.6325;0;8;0;33;0;0;0;0;0;5;0;25;0;0;;0;18.4495;0;40;0;0
318;Padova;Italy;Iberian Peninsula;0;3.18;0;6;0;31;0;0;0;7.637;0;8;0;35;0;0;0;7.6325;0;8;0;33;0;0;0;0;0;5;0;25;0;0;;0;18.4495;0;40;0;0
319;Prima Porta;Italy;Italy;79;79;100;6;16.66666667;31;3.225806452;3.2;34;34;100;8;12.5;35;2.857142857;2.9;108;110;98.18181818;8;12.27272727;33;2.975206612;3;0.75;2;37.5;5;7.5;25;1.5;1.5;;221.75;225;98.55555556;40;2.463888889;2.5
320;Prima Porta;Italy;Gallia;0;79;0;6;0;31;0;0;0;34;0;8;0;35;0;0;2;110;1.818181818;8;0.227272727;33;0.055096419;0.1;0;2;0;5;0;25;0;0;;2;225;0.888888889;40;0.022222222;0
321;Prima Porta;Italy;Eastern Mediterranean;0;79;0;6;0;31;0;0;0;34;0;8;0;35;0;0;0;110;0;8;0;33;0;0;0;2;0;5;0;25;0;0;;0;225;0;40;0;0
322;Prima Porta;Italy;North Africa;0;79;0;6;0;31;0;0;0;34;0;8;0;35;0;0;0;110;0;8;0;33;0;0;1.25;2;62.5;5;12.5;25;2.5;2.5;;1.25;225;0.555555556;40;0.013888889;0
323;Prima Porta;Italy;unknown;0;79;0;6;0;31;0;0;0;34;0;8;0;35;0;0;0;110;0;8;0;33;0;0;0;2;0;5;0;25;0;0;;0;225;0;40;0;0
324;Prima Porta;Italy;Aegean;0;79;0;6;0;31;0;0;0;34;0;8;0;35;0;0;0;110;0;8;0;33;0;0;0;2;0;5;0;25;0;0;;0;225;0;40;0;0
325;Prima Porta;Italy;Western Mediterranean;0;79;0;6;0;31;0;0;0;34;0;8;0;35;0;0;0;110;0;8;0;33;0;0;0;2;0;5;0;25;0;0;;0;225;0;40;0;0
326;Prima Porta;Italy;Pontic Sea;0;79;0;6;0;31;0;0;0;34;0;8;0;35;0;0;0;110;0;8;0;33;0;0;0;2;0;5;0;25;0;0;;0;225;0;40;0;0
327;Prima Porta;Italy;Adria;0;79;0;6;0;31;0;0;0;34;0;8;0;35;0;0;0;110;0;8;0;33;0;0;0;2;0;5;0;25;0;0;;0;225;0;40;0;0
328;Prima Porta;Italy;Egypt;0;79;0;6;0;31;0;0;0;34;0;8;0;35;0;0;0;110;0;8;0;33;0;0;0;2;0;5;0;25;0;0;;0;225;0;40;0;0
329;Prima Porta;Italy;Iberian Peninsula;0;79;0;6;0;31;0;0;0;34;0;8;0;35;0;0;0;110;0;8;0;33;0;0;0;2;0;5;0;25;0;0;;0;225;0;40;0;0
330;Rome;Italy;Italy;0;0;0;6;0;31;0;0;0;0;0;8;0;35;0;0;1665;3050;54.59016393;8;6.823770492;33;1.654247392;1.7;257.4;594.8;43.27505044;5;8.655010087;25;1.731002017;1.7;;1922.4;3644.8;52.74363477;40;1.318590869;1.3
331;Rome;Italy;Gallia;0;0;0;6;0;31;0;0;0;0;0;8;0;35;0;0;64;3050;2.098360656;8;0.262295082;33;0.063586687;0.1;1.6;594.8;0.268997983;5;0.053799597;25;0.010759919;0;;65.6;3644.8;1.799824407;40;0.04499561;0
332;Rome;Italy;Eastern Mediterranean;0;0;0;6;0;31;0;0;0;0;0;8;0;35;0;0;2;3050;0.06557377;8;0.008196721;33;0.001987084;0;0.8;594.8;0.134498991;5;0.026899798;25;0.00537996;0;;2.8;3644.8;0.076821773;40;0.001920544;0
333;Rome;Italy;North Africa;0;0;0;6;0;31;0;0;0;0;0;8;0;35;0;0;13;3050;0.426229508;8;0.053278689;33;0.012916046;0;165.4;594.8;27.80766644;5;5.561533289;25;1.112306658;1.1;;178.4;3644.8;4.894644425;40;0.122366111;0.1
334;Rome;Italy;unknown;0;0;0;6;0;31;0;0;0;0;0;8;0;35;0;0;1260;3050;41.31147541;8;5.163934426;33;1.251862891;1.3;126.4;594.8;21.25084062;5;4.250168124;25;0.850033625;0.9;;1386.4;3644.8;38.03775241;40;0.95094381;1
335;Rome;Italy;Aegean;0;0;0;6;0;31;0;0;0;0;0;8;0;35;0;0;10;3050;0.327868852;8;0.040983607;33;0.00993542;0;42.4;594.8;7.128446537;5;1.425689307;25;0.285137861;0.3;;52.4;3644.8;1.437664618;40;0.035941615;0
336;Rome;Italy;Western Mediterranean;0;0;0;6;0;31;0;0;0;0;0;8;0;35;0;0;0;3050;0;8;0;33;0;0;0;594.8;0;5;0;25;0;0;;0;3644.8;0;40;0;0
337;Rome;Italy;Pontic Sea;0;0;0;6;0;31;0;0;0;0;0;8;0;35;0;0;0;3050;0;8;0;33;0;0;0;594.8;0;5;0;25;0;0;;0;3644.8;0;40;0;0
338;Rome;Italy;Adria;0;0;0;6;0;31;0;0;0;0;0;8;0;35;0;0;0;3050;0;8;0;33;0;0;0;594.8;0;5;0;25;0;0;;0;3644.8;0;40;0;0
339;Rome;Italy;Egypt;0;0;0;6;0;31;0;0;0;0;0;8;0;35;0;0;0;3050;0;8;0;33;0;0;0;594.8;0;5;0;25;0;0;;0;3644.8;0;40;0;0
340;Rome;Italy;Iberian Peninsula;0;0;0;6;0;31;0;0;0;0;0;8;0;35;0;0;36;3050;1.180327869;8;0.147540984;33;0.035767511;0;0.8;594.8;0.134498991;5;0.026899798;25;0.00537996;0;;36.8;3644.8;1.009657594;40;0.02524144;0
341;Settefinestre;Italy;Italy;385.3332;408.4165;94.34809808;6;15.72468301;31;3.043487035;3;228.3332;251.4165;90.81870124;8;11.35233765;35;2.594820035;2.6;228.3332;251.4165;90.81870124;8;11.35233765;33;2.752081856;2.8;2060.5;2151.75;95.75926571;5;19.15185314;25;3.830370629;3.8;;2902.4996;3062.9995;94.76004159;40;2.36900104;2.4
342;Settefinestre;Italy;Gallia;0;408.4165;0;6;0;31;0;0;0;251.4165;0;8;0;35;0;0;0;251.4165;0;8;0;33;0;0;3.5;2151.75;0.162658301;5;0.03253166;25;0.006506332;0;;3.5;3062.9995;0.114267077;40;0.002856677;0
343;Settefinestre;Italy;Eastern Mediterranean;1;408.4165;0.24484809;6;0.040808015;31;0.007898325;0;1;251.4165;0.397746369;8;0.049718296;35;0.011364182;0;1;251.4165;0.397746369;8;0.049718296;33;0.01205292;0;7;2151.75;0.325316603;5;0.065063321;25;0.013012664;0;;10;3062.9995;0.326477363;40;0.008161934;0
344;Settefinestre;Italy;North Africa;19.3333;408.4165;4.733721581;6;0.788953597;31;0.152700696;0.2;19.3333;251.4165;7.689749877;8;0.961218735;35;0.219707139;0.2;19.3333;251.4165;7.689749877;8;0.961218735;33;0.233022724;0.2;68;2151.75;3.160218427;5;0.632043685;25;0.126408737;0.1;;125.9999;3062.9995;4.113611511;40;0.102840288;0.1
345;Settefinestre;Italy;unknown;2.75;408.4165;0.673332248;6;0.112222041;31;0.021720395;0;2.75;251.4165;1.093802515;8;0.136725314;35;0.0312515;0;2.75;251.4165;1.093802515;8;0.136725314;33;0.033145531;0;8.25;2151.75;0.383408853;5;0.076681771;25;0.015336354;0;;16.5;3062.9995;0.538687649;40;0.013467191;0
346;Settefinestre;Italy;Aegean;0;408.4165;0;6;0;31;0;0;0;251.4165;0;8;0;35;0;0;0;251.4165;0;8;0;33;0;0;4.5;2151.75;0.209132102;5;0.04182642;25;0.008365284;0;;4.5;3062.9995;0.146914813;40;0.00367287;0
347;Settefinestre;Italy;Western Mediterranean;0;408.4165;0;6;0;31;0;0;0;251.4165;0;8;0;35;0;0;0;251.4165;0;8;0;33;0;0;0;2151.75;0;5;0;25;0;0;;0;3062.9995;0;40;0;0
348;Settefinestre;Italy;Pontic Sea;0;408.4165;0;6;0;31;0;0;0;251.4165;0;8;0;35;0;0;0;251.4165;0;8;0;33;0;0;0;2151.75;0;5;0;25;0;0;;0;3062.9995;0;40;0;0
349;Settefinestre;Italy;Adria;0;408.4165;0;6;0;31;0;0;0;251.4165;0;8;0;35;0;0;0;251.4165;0;8;0;33;0;0;0;2151.75;0;5;0;25;0;0;;0;3062.9995;0;40;0;0
350;Settefinestre;Italy;Egypt;0;408.4165;0;6;0;31;0;0;0;251.4165;0;8;0;35;0;0;0;251.4165;0;8;0;33;0;0;0;2151.75;0;5;0;25;0;0;;0;3062.9995;0;40;0;0
351;Settefinestre;Italy;Iberian Peninsula;0;408.4165;0;6;0;31;0;0;0;251.4165;0;8;0;35;0;0;0;251.4165;0;8;0;33;0;0;0;2151.75;0;5;0;25;0;0;;0;3062.9995;0;40;0;0
352;Berenike;North Africa;Italy;60.5;260.6659;23.20978693;3;7.736595645;31;0.748702804;0.7;197.5;469.9999;42.02128554;4;10.50532138;35;1.200608158;1.2;236;479.4998;49.21795588;4;12.30448897;33;1.491453208;1.5;3;206.8333;1.450443425;3;0.483481142;25;0.058017737;0.1;;497;1416.9989;35.07412744;40;0.876853186;0.9
353;Berenike;North Africa;Gallia;0;260.6659;0;3;0;31;0;0;2.5;469.9999;0.531915007;4;0.132978752;35;0.015197572;0;5.5;479.4998;1.147028633;4;0.286757158;33;0.034758443;0;0;206.8333;0;3;0;25;0;0;;8;1416.9989;0.56457348;40;0.014114337;0
354;Berenike;North Africa;Eastern Mediterranean;141.6666;260.6659;54.34796036;3;18.11598679;31;1.753160012;1.8;121.5;469.9999;25.85106933;4;6.462767333;35;0.738601981;0.7;56.6666;479.4998;11.81785686;4;2.954464215;33;0.358116874;0.4;18.5;206.8333;8.944401119;3;2.98146704;25;0.357776045;0.4;;338.3332;1416.9989;23.87674401;40;0.5969186;0.6
355;Berenike;North Africa;North Africa;2.5;260.6659;0.959082105;3;0.319694035;31;0.030938132;0;2;469.9999;0.425532005;4;0.106383001;35;0.012158057;0;0.5;479.4998;0.10427533;4;0.026068833;33;0.003159858;0;0;206.8333;0;3;0;25;0;0;;5;1416.9989;0.352858425;40;0.008821461;0
356;Berenike;North Africa;unknown;0;260.6659;0;3;0;31;0;0;0;469.9999;0;4;0;35;0;0;0;479.4998;0;4;0;33;0;0;0;206.8333;0;3;0;25;0;0;;0;1416.9989;0;40;0;0
357;Berenike;North Africa;Aegean;44.166;260.6659;16.94352809;3;5.647842698;31;0.546565422;0.5;57.6666;469.9999;12.26949197;4;3.067372993;35;0.350556913;0.4;124.6666;479.4998;25.99930177;4;6.499825443;33;0.787857629;0.8;158.5;206.8333;76.63176094;3;25.54392031;25;3.065270438;3.1;;384.9992;1416.9989;27.17004226;40;0.679251057;0.7
358;Berenike;North Africa;Western Mediterranean;11.3333;260.6659;4.347826087;3;1.449275362;31;0.140252454;0.1;76.3333;469.9999;16.24113112;4;4.060282779;35;0.464032318;0.5;31.1666;479.4998;6.499815016;4;1.624953754;33;0.196964091;0.2;0.8333;206.8333;0.402884835;3;0.134294945;25;0.016115393;0;;119.6665;1416.9989;8.445066542;40;0.211126664;0.2
359;Berenike;North Africa;Pontic Sea;0.5;260.6659;0.191816421;3;0.063938807;31;0.006187626;0;12.5;469.9999;2.659575034;4;0.664893758;35;0.075987858;0.1;25;479.4998;5.213766513;4;1.303441628;33;0.157992925;0.2;26;206.8333;12.57050968;3;4.190169894;25;0.502820387;0.5;;64;1416.9989;4.516587839;40;0.112914696;0.1
360;Berenike;North Africa;Adria;0;260.6659;0;3;0;31;0;0;0;469.9999;0;4;0;35;0;0;0;479.4998;0;4;0;33;0;0;0;206.8333;0;3;0;25;0;0;;0;1416.9989;0;40;0;0
361;Berenike;North Africa;Egypt;0;260.6659;0;3;0;31;0;0;0;469.9999;0;4;0;35;0;0;0;479.4998;0;4;0;33;0;0;0;206.8333;0;3;0;25;0;0;;0;1416.9989;0;40;0;0
362;Berenike;North Africa;Iberian Peninsula;0;260.6659;0;3;0;31;0;0;0;469.9999;0;4;0;35;0;0;0;479.4998;0;4;0;33;0;0;0;206.8333;0;3;0;25;0;0;;0;1416.9989;0;40;0;0
363;Carthage;North Africa;Italy;229;1146;19.98254799;3;6.660849331;31;0.644598322;0.6;168.5;589.75;28.57142857;4;7.142857143;35;0.816326531;0.8;32.75;433;7.563510393;4;1.890877598;33;0.229197285;0.2;864.75;1706.5;50.67389393;3;16.89129798;25;2.026955757;2;;1295;3875.25;33.41719889;40;0.835429972;0.8
364;Carthage;North Africa;Gallia;0;1146;0;3;0;31;0;0;0;589.75;0;4;0;35;0;0;0;433;0;4;0;33;0;0;7;1706.5;0.410196308;3;0.136732103;25;0.016407852;0;;7;3875.25;0.180633508;40;0.004515838;0
365;Carthage;North Africa;Eastern Mediterranean;270;1146;23.56020942;3;7.853403141;31;0.760006756;0.8;0;589.75;0;4;0;35;0;0;0;433;0;4;0;33;0;0;0;1706.5;0;3;0;25;0;0;;270;3875.25;6.967292433;40;0.174182311;0.2
366;Carthage;North Africa;North Africa;633;1146;55.23560209;3;18.41186736;31;1.781793616;1.8;350.25;589.75;59.38957185;4;14.84739296;35;1.69684491;1.7;345.25;433;79.73441109;4;19.93360277;33;2.416194275;2.4;612.75;1706.5;35.90682684;3;11.96894228;25;1.436273074;1.4;;1941.25;3875.25;50.09354235;40;1.252338559;1.3
367;Carthage;North Africa;unknown;5;1146;0.436300175;3;0.145433392;31;0.014074199;0;34.25;589.75;5.80754557;4;1.451886393;35;0.165929873;0.2;29.25;433;6.755196305;4;1.688799076;33;0.204702918;0.2;132.75;1706.5;7.779079988;3;2.593026663;25;0.3111632;0.3;;201.25;3875.25;5.193213341;40;0.129830334;0.1
368;Carthage;North Africa;Aegean;0;1146;0;3;0;31;0;0;0;589.75;0;4;0;35;0;0;0;433;0;4;0;33;0;0;0;1706.5;0;3;0;25;0;0;;0;3875.25;0;40;0;0
369;Carthage;North Africa;Western Mediterranean;9;1146;0.785340314;3;0.261780105;31;0.025333559;0;36.75;589.75;6.231454006;4;1.557863501;35;0.178041543;0.2;25.75;433;5.946882217;4;1.486720554;33;0.180208552;0.2;89.25;1706.5;5.23000293;3;1.74333431;25;0.209200117;0.2;;160.75;3875.25;4.148119476;40;0.103702987;0.1
370;Carthage;North Africa;Pontic Sea;0;1146;0;3;0;31;0;0;0;589.75;0;4;0;35;0;0;0;433;0;4;0;33;0;0;0;1706.5;0;3;0;25;0;0;;0;3875.25;0;40;0;0
371;Carthage;North Africa;Adria;0;1146;0;3;0;31;0;0;0;589.75;0;4;0;35;0;0;0;433;0;4;0;33;0;0;0;1706.5;0;3;0;25;0;0;;0;3875.25;0;40;0;0
372;Carthage;North Africa;Egypt;0;1146;0;3;0;31;0;0;0;589.75;0;4;0;35;0;0;0;433;0;4;0;33;0;0;0;1706.5;0;3;0;25;0;0;;0;3875.25;0;40;0;0
373;Carthage;North Africa;Iberian Peninsula;0;1146;0;3;0;31;0;0;0;589.75;0;4;0;35;0;0;0;433;0;4;0;33;0;0;0;1706.5;0;3;0;25;0;0;;0;3875.25;0;40;0;0
374;Leptis Magna;North Africa;Italy;0;0;0;3;0;31;0;0;11.5;21;54.76190476;4;13.69047619;35;1.56462585;1.6;11.5;21;54.76190476;4;13.69047619;33;1.659451659;1.7;0;0;0;3;0;25;0;0;;23;42;54.76190476;40;1.369047619;1.4
375;Leptis Magna;North Africa;Gallia;0;0;0;3;0;31;0;0;0;21;0;4;0;35;0;0;0;21;0;4;0;33;0;0;0;0;0;3;0;25;0;0;;0;42;0;40;0;0
376;Leptis Magna;North Africa;Eastern Mediterranean;0;0;0;3;0;31;0;0;6;21;28.57142857;4;7.142857143;35;0.816326531;0.8;6;21;28.57142857;4;7.142857143;33;0.865800866;0.9;0;0;0;3;0;25;0;0;;12;42;28.57142857;40;0.714285714;0.7
377;Leptis Magna;North Africa;North Africa;0;0;0;3;0;31;0;0;0;21;0;4;0;35;0;0;0;21;0;4;0;33;0;0;0;0;0;3;0;25;0;0;;0;42;0;40;0;0
378;Leptis Magna;North Africa;unknown;0;0;0;3;0;31;0;0;0;21;0;4;0;35;0;0;0;21;0;4;0;33;0;0;0;0;0;3;0;25;0;0;;0;42;0;40;0;0
379;Leptis Magna;North Africa;Aegean;0;0;0;3;0;31;0;0;1;21;4.761904762;4;1.19047619;35;0.136054422;0.1;1;21;4.761904762;4;1.19047619;33;0.144300144;0.1;0;0;0;3;0;25;0;0;;2;42;4.761904762;40;0.119047619;0.1
380;Leptis Magna;North Africa;Western Mediterranean;0;0;0;3;0;31;0;0;2.5;21;11.9047619;4;2.976190476;35;0.340136054;0.3;2.5;21;11.9047619;4;2.976190476;33;0.360750361;0.4;0;0;0;3;0;25;0;0;;5;42;11.9047619;40;0.297619048;0.3
381;Leptis Magna;North Africa;Pontic Sea;0;0;0;3;0;31;0;0;0;21;0;4;0;35;0;0;0;21;0;4;0;33;0;0;0;0;0;3;0;25;0;0;;0;42;0;40;0;0
382;Leptis Magna;North Africa;Adria;0;0;0;3;0;31;0;0;0;21;0;4;0;35;0;0;0;21;0;4;0;33;0;0;0;0;0;3;0;25;0;0;;0;42;0;40;0;0
383;Leptis Magna;North Africa;Egypt;0;0;0;3;0;31;0;0;0;21;0;4;0;35;0;0;0;21;0;4;0;33;0;0;0;0;0;3;0;25;0;0;;0;42;0;40;0;0
384;Leptis Magna;North Africa;Iberian Peninsula;0;0;0;3;0;31;0;0;0;21;0;4;0;35;0;0;0;21;0;4;0;33;0;0;0;0;0;3;0;25;0;0;;0;42;0;40;0;0
385;Sabratha;North Africa;Italy;182.1666;583.0416;31.24418566;3;10.41472855;31;1.007876957;1;239.9166;582.6666;41.17562256;4;10.29390564;35;1.176446359;1.2;50.4166;181.8332;27.72683976;4;6.931709941;33;0.840207266;0.8;36.75;339.1666;10.83538297;3;3.611794322;25;0.433415319;0.4;;509.2498;1686.708;30.19193601;40;0.7547984;0.8
386;Sabratha;North Africa;Gallia;0;583.0416;0;3;0;31;0;0;0;582.6666;0;4;0;35;0;0;0;181.8332;0;4;0;33;0;0;0;339.1666;0;3;0;25;0;0;;0;1686.708;0;40;0;0
387;Sabratha;North Africa;Eastern Mediterranean;359;583.0416;61.57365101;3;20.52455034;31;1.986246807;2;256.5;582.6666;44.02174417;4;11.00543604;35;1.257764119;1.3;50;181.8332;27.49772869;4;6.874432172;33;0.833264506;0.8;77.5;339.1666;22.85012734;3;7.616709114;25;0.914005094;0.9;;743;1686.708;44.05030391;40;1.101257598;1.1
388;Sabratha;North Africa;North Africa;38.875;583.0416;6.667620286;3;2.222540095;31;0.215084525;0.2;71.75;582.6666;12.31407464;4;3.078518659;35;0.351830704;0.4;71.75;181.8332;39.45924067;4;9.864810167;33;1.195734566;1.2;216.75;339.1666;63.90664647;3;21.30221549;25;2.556265859;2.6;;399.125;1686.708;23.66295767;40;0.591573942;0.6
389;Sabratha;North Africa;unknown;2;583.0416;0.343028696;3;0.114342899;31;0.011065442;0;12;582.6666;2.059496803;4;0.514874201;35;0.058842766;0.1;7.6666;181.8332;4.216281735;4;1.054070434;33;0.127766113;0.1;6.1666;339.1666;1.81816252;3;0.606054173;25;0.072726501;0.1;;27.8332;1686.708;1.650149285;40;0.041253732;0
390;Sabratha;North Africa;Aegean;1;583.0416;0.171514348;3;0.057171449;31;0.005532721;0;2.5;582.6666;0.429061834;4;0.107265458;35;0.01225891;0;2;181.8332;1.099909148;4;0.274977287;33;0.03333058;0;2;339.1666;0.589680706;3;0.196560235;25;0.023587228;0;;7.5;1686.708;0.444653135;40;0.011116328;0
391;Sabratha;North Africa;Western Mediterranean;0;583.0416;0;3;0;31;0;0;0;582.6666;0;4;0;35;0;0;0;181.8332;0;4;0;33;0;0;0;339.1666;0;3;0;25;0;0;;0;1686.708;0;40;0;0
392;Sabratha;North Africa;Pontic Sea;0;583.0416;0;3;0;31;0;0;0;582.6666;0;4;0;35;0;0;0;181.8332;0;4;0;33;0;0;0;339.1666;0;3;0;25;0;0;;0;1686.708;0;40;0;0
393;Sabratha;North Africa;Adria;0;583.0416;0;3;0;31;0;0;0;582.6666;0;4;0;35;0;0;0;181.8332;0;4;0;33;0;0;0;339.1666;0;3;0;25;0;0;;0;1686.708;0;40;0;0
394;Sabratha;North Africa;Egypt;0;583.0416;0;3;0;31;0;0;0;582.6666;0;4;0;35;0;0;0;181.8332;0;4;0;33;0;0;0;339.1666;0;3;0;25;0;0;;0;1686.708;0;40;0;0
395;Sabratha;North Africa;Iberian Peninsula;0;583.0416;0;3;0;31;0;0;0;582.6666;0;4;0;35;0;0;0;181.8332;0;4;0;33;0;0;0;339.1666;0;3;0;25;0;0;;0;1686.708;0;40;0;0
396;Empuriae;Tarraconensis;Italy;17;32;53.125;2;26.5625;31;1.713709677;1.7;0;0;0;2;0;35;0;0;0;0;0;1;0;33;0;0;0;0;0;1;0;25;0;0;;17;32;53.125;40;1.328125;1.3
397;Empuriae;Tarraconensis;Gallia;0;32;0;2;0;31;0;0;0;0;0;2;0;35;0;0;0;0;0;1;0;33;0;0;0;0;0;1;0;25;0;0;;0;32;0;40;0;0
398;Empuriae;Tarraconensis;Eastern Mediterranean;0;32;0;2;0;31;0;0;0;0;0;2;0;35;0;0;0;0;0;1;0;33;0;0;0;0;0;1;0;25;0;0;;0;32;0;40;0;0
399;Empuriae;Tarraconensis;North Africa;0;32;0;2;0;31;0;0;0;0;0;2;0;35;0;0;0;0;0;1;0;33;0;0;0;0;0;1;0;25;0;0;;0;32;0;40;0;0
400;Empuriae;Tarraconensis;unknown;3;32;9.375;2;4.6875;31;0.302419355;0.3;0;0;0;2;0;35;0;0;0;0;0;1;0;33;0;0;0;0;0;1;0;25;0;0;;3;32;9.375;40;0.234375;0.2
401;Empuriae;Tarraconensis;Aegean;0;32;0;2;0;31;0;0;0;0;0;2;0;35;0;0;0;0;0;1;0;33;0;0;0;0;0;1;0;25;0;0;;0;32;0;40;0;0
402;Empuriae;Tarraconensis;Western Mediterranean;0;32;0;2;0;31;0;0;0;0;0;2;0;35;0;0;0;0;0;1;0;33;0;0;0;0;0;1;0;25;0;0;;0;32;0;40;0;0
403;Empuriae;Tarraconensis;Pontic Sea;0;32;0;2;0;31;0;0;0;0;0;2;0;35;0;0;0;0;0;1;0;33;0;0;0;0;0;1;0;25;0;0;;0;32;0;40;0;0
404;Empuriae;Tarraconensis;Adria;0;32;0;2;0;31;0;0;0;0;0;2;0;35;0;0;0;0;0;1;0;33;0;0;0;0;0;1;0;25;0;0;;0;32;0;40;0;0
405;Empuriae;Tarraconensis;Egypt;0;32;0;2;0;31;0;0;0;0;0;2;0;35;0;0;0;0;0;1;0;33;0;0;0;0;0;1;0;25;0;0;;0;32;0;40;0;0
406;Empuriae;Tarraconensis;Iberian Peninsula;12;32;37.5;2;18.75;31;1.209677419;1.2;0;0;0;2;0;35;0;0;0;0;0;1;0;33;0;0;0;0;0;1;0;25;0;0;;12;32;37.5;40;0.9375;0.9
407;Mallorca;Tarraconensis;Italy;76;100;76;2;38;31;2.451612903;2.5;19;100;19;2;9.5;35;0.542857143;0.5;0;0;0;1;0;33;0;0;0;0;0;1;0;25;0;0;;95;200;47.5;40;1.1875;1.2
408;Mallorca;Tarraconensis;Gallia;0;100;0;2;0;31;0;0;0;100;0;2;0;35;0;0;0;0;0;1;0;33;0;0;0;0;0;1;0;25;0;0;;0;200;0;40;0;0
409;Mallorca;Tarraconensis;Eastern Mediterranean;0;100;0;2;0;31;0;0;0;100;0;2;0;35;0;0;0;0;0;1;0;33;0;0;0;0;0;1;0;25;0;0;;0;200;0;40;0;0
410;Mallorca;Tarraconensis;North Africa;0;100;0;2;0;31;0;0;0;100;0;2;0;35;0;0;0;0;0;1;0;33;0;0;0;0;0;1;0;25;0;0;;0;200;0;40;0;0
411;Mallorca;Tarraconensis;unknown;4;100;4;2;2;31;0.129032258;0.1;34;100;34;2;17;35;0.971428571;1;0;0;0;1;0;33;0;0;0;0;0;1;0;25;0;0;;38;200;19;40;0.475;0.5
412;Mallorca;Tarraconensis;Aegean;0;100;0;2;0;31;0;0;0;100;0;2;0;35;0;0;0;0;0;1;0;33;0;0;0;0;0;1;0;25;0;0;;0;200;0;40;0;0
413;Mallorca;Tarraconensis;Western Mediterranean;20;100;20;2;10;31;0.64516129;0.6;47;100;47;2;23.5;35;1.342857143;1.3;0;0;0;1;0;33;0;0;0;0;0;1;0;25;0;0;;67;200;33.5;40;0.8375;0.8
414;Mallorca;Tarraconensis;Pontic Sea;0;100;0;2;0;31;0;0;0;100;0;2;0;35;0;0;0;0;0;1;0;33;0;0;0;0;0;1;0;25;0;0;;0;200;0;40;0;0
415;Mallorca;Tarraconensis;Adria;0;100;0;2;0;31;0;0;0;100;0;2;0;35;0;0;0;0;0;1;0;33;0;0;0;0;0;1;0;25;0;0;;0;200;0;40;0;0
416;Mallorca;Tarraconensis;Egypt;0;100;0;2;0;31;0;0;0;100;0;2;0;35;0;0;0;0;0;1;0;33;0;0;0;0;0;1;0;25;0;0;;0;200;0;40;0;0
417;Mallorca;Tarraconensis;Iberian Peninsula;0;100;0;2;0;31;0;0;0;100;0;2;0;35;0;0;0;0;0;1;0;33;0;0;0;0;0;1;0;25;0;0;;0;200;0;40;0;0
418;Tarraco;Tarraconensis;Italy;0;0;0;2;0;31;0;0;68.15;235;29;2;14.5;35;0.828571429;0.8;68.15;235;29;1;29;33;0.878787879;0.9;0;39.27;0;1;0;25;0;0;;136.3;509.27;26.76379916;40;0.669094979;0.7
419;Tarraco;Tarraconensis;Gallia;0;0;0;2;0;31;0;0;49.35;235;21;2;10.5;35;0.6;0.6;49.35;235;21;1;21;33;0.636363636;0.6;0;39.27;0;1;0;25;0;0;;98.7;509.27;19.38068215;40;0.484517054;0.5
420;Tarraco;Tarraconensis;Eastern Mediterranean;0;0;0;2;0;31;0;0;0;235;0;2;0;35;0;0;0;235;0;1;0;33;0;0;0;39.27;0;1;0;25;0;0;;0;509.27;0;40;0;0
421;Tarraco;Tarraconensis;North Africa;0;0;0;2;0;31;0;0;0;235;0;2;0;35;0;0;0;235;0;1;0;33;0;0;3.12;39.27;7.94499618;1;7.94499618;25;0.317799847;0.3;;3.12;509.27;0.612641624;40;0.015316041;0
422;Tarraco;Tarraconensis;unknown;0;0;0;2;0;31;0;0;68.15;235;29;2;14.5;35;0.828571429;0.8;68.15;235;29;1;29;33;0.878787879;0.9;5.85;39.27;14.89686784;1;14.89686784;25;0.595874714;0.6;;142.15;509.27;27.91250221;40;0.697812555;0.7
423;Tarraco;Tarraconensis;Aegean;0;0;0;2;0;31;0;0;0;235;0;2;0;35;0;0;0;235;0;1;0;33;0;0;0;39.27;0;1;0;25;0;0;;0;509.27;0;40;0;0
424;Tarraco;Tarraconensis;Western Mediterranean;0;0;0;2;0;31;0;0;4.7;235;2;2;1;35;0.057142857;0.1;4.7;235;2;1;2;33;0.060606061;0.1;0;39.27;0;1;0;25;0;0;;9.4;509.27;1.845779253;40;0.046144481;0
425;Tarraco;Tarraconensis;Pontic Sea;0;0;0;2;0;31;0;0;0;235;0;2;0;35;0;0;0;235;0;1;0;33;0;0;0;39.27;0;1;0;25;0;0;;0;509.27;0;40;0;0
426;Tarraco;Tarraconensis;Adria;0;0;0;2;0;31;0;0;0;235;0;2;0;35;0;0;0;235;0;1;0;33;0;0;0;39.27;0;1;0;25;0;0;;0;509.27;0;40;0;0
427;Tarraco;Tarraconensis;Egypt;0;0;0;2;0;31;0;0;0;235;0;2;0;35;0;0;0;235;0;1;0;33;0;0;0;39.27;0;1;0;25;0;0;;0;509.27;0;40;0;0
428;Tarraco;Tarraconensis;Iberian Peninsula;0;0;0;2;0;31;0;0;44.65;235;19;2;9.5;35;0.542857143;0.5;44.65;235;19;1;19;33;0.575757576;0.6;30.3;39.27;77.15813598;1;77.15813598;25;3.086325439;3.1;;119.6;509.27;23.4845956;40;0.58711489;0.6
429;Valencia;Baetica;Italy;78;106;73.58490566;2;36.79245283;31;2.373706634;2.4;0;0;0;1;0;35;0;0;0;0;0;1;0;33;0;0;0;0;0;1;0;25;0;0;;78;106;73.58490566;40;1.839622642;1.8
430;Valencia;Baetica;Tarraconensis;8;106;7.547169811;2;3.773584906;31;0.243457091;0.2;0;0;0;1;0;35;0;0;0;0;0;1;0;33;0;0;0;0;0;1;0;25;0;0;;8;106;7.547169811;40;0.188679245;0.2
431;Valencia;Baetica;unknown;20;106;18.86792453;2;9.433962264;31;0.608642727;0.6;0;0;0;1;0;35;0;0;0;0;0;1;0;33;0;0;0;0;0;1;0;25;0;0;;20;106;18.86792453;40;0.471698113;0.5
