ID;Site_name;region;origin;frequency_A;total_A;percentage_in_site_A;sites_A;percentage_all_A;frequency_B;total_B;percentage_site_B;sites_B;percentage_in_all_B;frequency_C;total_C;percentage_site_C;sites_C;percentage_all_C;frequency_D;total_D;percentage_site_D;sites_D;percentage_all_D
0;Adria;Adria;Italy;923.333;924.583;99.86480392;24;4.161033497;791.8333;798.5833;99.15475317;33;3.00468949;55.333;58.333;94.85711347;31;3.059906886;0;0.5;0;23;0
1;Adria;Adria;Gallia;0;924.583;0;24;0;2;798.5833;0.250443504;33;0.007589197;1;58.333;1.71429551;31;0.055299855;0;0.5;0;23;0
2;Adria;Adria;Eastern Mediterranean;1;924.583;0.108156866;24;0.004506536;2.5;798.5833;0.31305438;33;0.009486496;2;58.333;3.428591021;31;0.11059971;0;0.5;0;23;0
3;Adria;Adria;North Africa;0;924.583;0;24;0;0;798.5833;0;33;0;0;58.333;0;31;0;0;0.5;0;23;0
4;Adria;Adria;unknown;0;924.583;0;24;0;2;798.5833;0.250443504;33;0.007589197;0;58.333;0;31;0;0;0.5;0;23;0
5;Adria;Adria;Aegean;0.25;924.583;0.027039217;24;0.001126634;0.25;798.5833;0.031305438;33;0.00094865;0;58.333;0;31;0;0;0.5;0;23;0
6;Adria;Adria;Western Mediterranean;0;924.583;0;24;0;0;798.5833;0;33;0;0;58.333;0;31;0;0;0.5;0;23;0
7;Adria;Adria;Pontic Sea;0;924.583;0;24;0;0;798.5833;0;33;0;0;58.333;0;31;0;0.5;0.5;100;23;4.347826087
9;Adria;Adria;Egypt;0;924.583;0;24;0;0;798.5833;0;33;0;0;58.333;0;31;0;0;0.5;0;23;0
10;Adria;Adria;Iberian Peninsula;0;924.583;0;24;0;0;798.5833;0;33;0;0;58.333;0;31;0;0;0.5;0;23;0
11;Aquileia;Adria;Italy;62.5;67.75;92.25092251;24;3.843788438;270;275.25;98.09264305;33;2.972504335;270;274.75;98.2711556;31;3.170037277;6.25;6.25;100;23;4.347826087
12;Aquileia;Adria;Gallia;0;67.75;0;24;0;0;275.25;0;33;0;0;274.75;0;31;0;0;6.25;0;23;0
13;Aquileia;Adria;Eastern Mediterranean;1.875;67.75;2.767527675;24;0.115313653;1.875;275.25;0.68119891;33;0.020642391;1.75;274.75;0.636942675;31;0.020546538;0;6.25;0;23;0
14;Aquileia;Adria;North Africa;0;67.75;0;24;0;0;275.25;0;33;0;0;274.75;0;31;0;0;6.25;0;23;0
15;Aquileia;Adria;unknown;0;67.75;0;24;0;0;275.25;0;33;0;0;274.75;0;31;0;0;6.25;0;23;0
16;Aquileia;Adria;Aegean;3.375;67.75;4.981549815;24;0.207564576;3.375;275.25;1.226158038;33;0.037156304;3;274.75;1.091901729;31;0.035222636;0;6.25;0;23;0
17;Aquileia;Adria;Western Mediterranean;0;67.75;0;24;0;0;275.25;0;33;0;0;274.75;0;31;0;0;6.25;0;23;0
18;Aquileia;Adria;Pontic Sea;0;67.75;0;24;0;0;275.25;0;33;0;0;274.75;0;31;0;0;6.25;0;23;0
21;Aquileia;Adria;Iberian Peninsula;0;67.75;0;24;0;0;275.25;0;33;0;0;274.75;0;31;0;0;6.25;0;23;0
22;Butrint;Adria;Italy;0;0.5;0;24;0;7.5;12.1666;61.64417339;33;1.868005254;6.5;25.6666;25.3247411;31;0.816927132;0;13.1666;0;23;0
23;Butrint;Adria;Gallia;0;0.5;0;24;0;0;12.1666;0;33;0;0;25.6666;0;31;0;0;13.1666;0;23;0
24;Butrint;Adria;Eastern Mediterranean;0;0.5;0;24;0;0;12.1666;0;33;0;0;25.6666;0;31;0;0;13.1666;0;23;0
25;Butrint;Adria;North Africa;0;0.5;0;24;0;0;12.1666;0;33;0;1;25.6666;3.896114016;31;0.125681097;0;13.1666;0;23;0
26;Butrint;Adria;unknown;0;0.5;0;24;0;0.5;12.1666;4.10961156;33;0.124533684;0.5;25.6666;1.948057008;31;0.062840549;0;13.1666;0;23;0
27;Butrint;Adria;Aegean;0.5;0.5;100;24;4.166666667;2;12.1666;16.43844624;33;0.498134734;10;25.6666;38.96114016;31;1.256810973;7.5;13.1666;56.96231373;23;2.476622336
28;Butrint;Adria;Western Mediterranean;0;0.5;0;24;0;0.1666;12.1666;1.369322572;33;0.041494623;0.1666;25.6666;0.649092595;31;0.020938471;0.1666;13.1666;1.265322862;23;0.055014037
29;Butrint;Adria;Pontic Sea;0;0.5;0;24;0;2;12.1666;16.43844624;33;0.498134734;7.5;25.6666;29.22085512;31;0.94260823;5.5;13.1666;41.7723634;23;1.816189713
31;Butrint;Adria;Egypt;0;0.5;0;24;0;0;12.1666;0;33;0;0;25.6666;0;31;0;0;13.1666;0;23;0
32;Butrint;Adria;Iberian Peninsula;0;0.5;0;24;0;0;12.1666;0;33;0;0;25.6666;0;31;0;0;13.1666;0;23;0
33;Athens;Aegean;Italy;16.83;121.913;13.80492646;24;0.575205269;94.1666;197.3402;47.71790036;33;1.445996981;36.6666;142.4164;25.74605172;31;0.830517797;12.3333;45.7499;26.95809171;23;1.172090944
34;Athens;Aegean;Gallia;0;121.913;0;24;0;0;197.3402;0;33;0;0;142.4164;0;31;0;0;45.7499;0;23;0
35;Athens;Aegean;Eastern Mediterranean;56.333;121.913;46.20754144;24;1.925314227;44.166;197.3402;22.38064013;33;0.678201216;14.1666;142.4164;9.947309439;31;0.32088095;16.8333;45.7499;36.79417879;23;1.599746904
36;Athens;Aegean;North Africa;0;121.913;0;24;0;0;197.3402;0;33;0;0.5;142.4164;0.351083162;31;0.011325263;5.5;45.7499;12.0218842;23;0.522690617
37;Athens;Aegean;unknown;20.917;121.913;17.1573171;24;0.714888213;14.341;197.3402;7.267145772;33;0.220216539;8.4166;142.4164;5.909853079;31;0.190640422;1.25;45.7499;2.732246409;23;0.118793322
39;Athens;Aegean;Western Mediterranean;25.833;121.913;21.18970085;24;0.882904202;41.1666;197.3402;20.86072681;33;0.632143237;29;142.4164;20.36282338;31;0.65686527;9.8333;45.7499;21.49359889;23;0.9345043
40;Athens;Aegean;Pontic Sea;2;121.913;1.640514137;24;0.068354756;3.5;197.3402;1.773586933;33;0.053745059;2.5;142.4164;1.755415809;31;0.056626316;0;45.7499;0;23;0
41;Athens;Aegean;Adria;0;121.913;0;24;0;0;197.3402;0;33;0;0;142.4164;0;31;0;0;45.7499;0;23;0
42;Athens;Aegean;Egypt;0;121.913;0;24;0;0;197.3402;0;33;0;51.1666;142.4164;35.92746341;31;1.158950433;0;45.7499;0;23;0
43;Athens;Aegean;Iberian Peninsula;0;121.913;0;24;0;0;197.3402;0;33;0;0;142.4164;0;31;0;0;45.7499;0;23;0
44;Corinth;Aegean;Italy;0;0;0;24;0;4.5;7;64.28571429;33;1.948051948;7.5;10;75;31;2.419354839;5;5.5;90.90909091;23;3.95256917
45;Corinth;Aegean;Gallia;0;0;0;24;0;0;7;0;33;0;0;10;0;31;0;0;5.5;0;23;0
46;Corinth;Aegean;Eastern Mediterranean;0;0;0;24;0;2.5;7;35.71428571;33;1.082251082;0.5;10;5;31;0.161290323;0;5.5;0;23;0
47;Corinth;Aegean;North Africa;0;0;0;24;0;0;7;0;33;0;0;10;0;31;0;0;5.5;0;23;0
48;Corinth;Aegean;unknown;0;0;0;24;0;0;7;0;33;0;2;10;20;31;0.64516129;0.5;5.5;9.090909091;23;0.395256917
50;Corinth;Aegean;Western Mediterranean;0;0;0;24;0;0;7;0;33;0;0;10;0;31;0;0;5.5;0;23;0
51;Corinth;Aegean;Pontic Sea;0;0;0;24;0;0;7;0;33;0;0;10;0;31;0;0;5.5;0;23;0
52;Corinth;Aegean;Adria;0;0;0;24;0;0;7;0;33;0;0;10;0;31;0;0;5.5;0;23;0
53;Corinth;Aegean;Egypt;0;0;0;24;0;0;7;0;33;0;0;10;0;31;0;0;5.5;0;23;0
54;Corinth;Aegean;Iberian Peninsula;0;0;0;24;0;0;7;0;33;0;0;10;0;31;0;0;5.5;0;23;0
55;Gortyn;Aegean;Italy;0;0;0;24;0;22;30;73.33333333;33;2.222222222;22;30;73.33333333;31;2.365591398;0;0;0;23;0
56;Gortyn;Aegean;Gallia;0;0;0;24;0;0;30;0;33;0;0;30;0;31;0;0;0;0;23;0
57;Gortyn;Aegean;Eastern Mediterranean;0;0;0;24;0;8;30;26.66666667;33;0.808080808;8;30;26.66666667;31;0.860215054;0;0;0;23;0
58;Gortyn;Aegean;North Africa;0;0;0;24;0;0;30;0;33;0;0;30;0;31;0;0;0;0;23;0
59;Gortyn;Aegean;unknown;0;0;0;24;0;0;30;0;33;0;0;30;0;31;0;0;0;0;23;0
61;Gortyn;Aegean;Western Mediterranean;0;0;0;24;0;0;30;0;33;0;0;30;0;31;0;0;0;0;23;0
62;Gortyn;Aegean;Pontic Sea;0;0;0;24;0;0;30;0;33;0;0;30;0;31;0;0;0;0;23;0
63;Gortyn;Aegean;Adria;0;0;0;24;0;0;30;0;33;0;0;30;0;31;0;0;0;0;23;0
64;Gortyn;Aegean;Egypt;0;0;0;24;0;0;30;0;33;0;0;30;0;31;0;0;0;0;23;0
65;Gortyn;Aegean;Iberian Peninsula;0;0;0;24;0;0;30;0;33;0;0;30;0;31;0;0;0;0;23;0
66;Knidos;Aegean;Italy;2;7.3326;27.27545482;24;1.136477284;2;7.3326;27.27545482;33;0.826528934;2.5;11.8329;21.12753425;31;0.681533363;0.5;4.5;11.11111111;23;0.483091787
67;Knidos;Aegean;Gallia;0;7.3326;0;24;0;0;7.3326;0;33;0;0;11.8329;0;31;0;0;4.5;0;23;0
68;Knidos;Aegean;Eastern Mediterranean;4.666;7.3326;63.63363609;24;2.651401504;4.6666;7.3326;63.64181873;33;1.928539961;6.6666;11.8329;56.33952793;31;1.817404127;2;4.5;44.44444444;23;1.93236715
69;Knidos;Aegean;North Africa;0;7.3326;0;24;0;0;7.3326;0;33;0;0;11.8329;0;31;0;0;4.5;0;23;0
70;Knidos;Aegean;unknown;0.3333;7.3326;4.545454545;24;0.189393939;0.333;7.3326;4.541363227;33;0.137617067;2.333;11.8329;19.71621496;31;0.636006934;2;4.5;44.44444444;23;1.93236715
72;Knidos;Aegean;Western Mediterranean;0;7.3326;0;24;0;0;7.3326;0;33;0;0;11.8329;0;31;0;0;4.5;0;23;0
73;Knidos;Aegean;Pontic Sea;0.3333;7.3326;4.545454545;24;0.189393939;0.333;7.3326;4.541363227;33;0.137617067;0.3333;11.8329;2.816722866;31;0.090862028;0;4.5;0;23;0
74;Knidos;Aegean;Adria;0;7.3326;0;24;0;0;7.3326;0;33;0;0;11.8329;0;31;0;0;4.5;0;23;0
75;Knidos;Aegean;Egypt;0;7.3326;0;24;0;0;7.3326;0;33;0;0;11.8329;0;31;0;0;4.5;0;23;0
76;Knidos;Aegean;Iberian Peninsula;0;7.3326;0;24;0;0;7.3326;0;33;0;0;11.8329;0;31;0;0;4.5;0;23;0
77;Knossos;Aegean;Italy;31;97.5;31.79487179;24;1.324786325;319.5;649;49.22958398;33;1.491805575;590.17;1039.58;56.77004175;31;1.831291669;77.59;234.453;33.09405297;23;1.438871868
78;Knossos;Aegean;Gallia;0;97.5;0;24;0;9;649;1.386748844;33;0.042022692;9;1039.58;0.865734239;31;0.027926911;1;234.453;0.426524719;23;0.018544553
79;Knossos;Aegean;Eastern Mediterranean;64.5;97.5;66.15384615;24;2.756410256;314.5;649;48.45916795;33;1.468459635;409.06;1039.58;39.34858308;31;1.269309132;46.693;234.453;19.91571872;23;0.865900814
80;Knossos;Aegean;North Africa;0;97.5;0;24;0;0;649;0;33;0;2;1039.58;0.192385386;31;0.00620598;7.6;234.453;3.241587866;23;0.140938603
81;Knossos;Aegean;unknown;2;97.5;2.051282051;24;0.085470085;6;649;0.92449923;33;0.028015128;27.35;1039.58;2.630870159;31;0.084866779;91.1;234.453;38.85640192;23;1.689408779
83;Knossos;Aegean;Western Mediterranean;0;97.5;0;24;0;0;649;0;33;0;0;1039.58;0;31;0;0;234.453;0;23;0
84;Knossos;Aegean;Pontic Sea;0;97.5;0;24;0;0;649;0;33;0;2;1039.58;0.192385386;31;0.00620598;10.47;234.453;4.46571381;23;0.19416147
85;Knossos;Aegean;Adria;0;97.5;0;24;0;0;649;0;33;0;0;1039.58;0;31;0;0;234.453;0;23;0
86;Knossos;Aegean;Egypt;0;97.5;0;24;0;0;649;0;33;0;0;1039.58;0;31;0;0;234.453;0;23;0
87;Knossos;Aegean;Iberian Peninsula;0;97.5;0;24;0;0;649;0;33;0;0;1039.58;0;31;0;0;234.453;0;23;0
88;Kyme;Aegean;Italy;0;0;0;24;0;0;0;0;33;0;1.315;15.78;8.333333333;31;0.268817204;1.315;15.78;8.333333333;23;0.362318841
89;Kyme;Aegean;Gallia;0;0;0;24;0;0;0;0;33;0;0;15.78;0;31;0;0;15.78;0;23;0
90;Kyme;Aegean;Eastern Mediterranean;0;0;0;24;0;0;0;0;33;0;5.26;15.78;33.33333333;31;1.075268817;5.26;15.78;33.33333333;23;1.449275362
91;Kyme;Aegean;North Africa;0;0;0;24;0;0;0;0;33;0;0;15.78;0;31;0;0;15.78;0;23;0
92;Kyme;Aegean;unknown;0;0;0;24;0;0;0;0;33;0;9.205;15.78;58.33333333;31;1.88172043;9.205;15.78;58.33333333;23;2.536231884
94;Kyme;Aegean;Western Mediterranean;0;0;0;24;0;0;0;0;33;0;0;15.78;0;31;0;0;15.78;0;23;0
95;Kyme;Aegean;Pontic Sea;0;0;0;24;0;0;0;0;33;0;0;15.78;0;31;0;0;15.78;0;23;0
96;Kyme;Aegean;Adria;0;0;0;24;0;0;0;0;33;0;0;15.78;0;31;0;0;15.78;0;23;0
97;Kyme;Aegean;Egypt;0;0;0;24;0;0;0;0;33;0;0;15.78;0;31;0;0;15.78;0;23;0
98;Kyme;Aegean;Iberian Peninsula;0;0;0;24;0;0;0;0;33;0;0;15.78;0;31;0;0;15.78;0;23;0
99;Sparta;Aegean;Italy;0;0;0;24;0;0.5;0.5;100;33;3.03030303;0.5;0.5;100;31;3.225806452;0;0;0;23;0
100;Sparta;Aegean;Gallia;0;0;0;24;0;0;0.5;0;33;0;0;0.5;0;31;0;0;0;0;23;0
101;Sparta;Aegean;Eastern Mediterranean;0;0;0;24;0;0;0.5;0;33;0;0;0.5;0;31;0;0;0;0;23;0
102;Sparta;Aegean;North Africa;0;0;0;24;0;0;0.5;0;33;0;0;0.5;0;31;0;0;0;0;23;0
103;Sparta;Aegean;unknown;0;0;0;24;0;0;0.5;0;33;0;0;0.5;0;31;0;0;0;0;23;0
105;Sparta;Aegean;Western Mediterranean;0;0;0;24;0;0;0.5;0;33;0;0;0.5;0;31;0;0;0;0;23;0
106;Sparta;Aegean;Pontic Sea;0;0;0;24;0;0;0.5;0;33;0;0;0.5;0;31;0;0;0;0;23;0
107;Sparta;Aegean;Adria;0;0;0;24;0;0;0.5;0;33;0;0;0.5;0;31;0;0;0;0;23;0
108;Sparta;Aegean;Egypt;0;0;0;24;0;0;0.5;0;33;0;0;0.5;0;31;0;0;0;0;23;0
109;Sparta;Aegean;Iberian Peninsula;0;0;0;24;0;0;0.5;0;33;0;0;0.5;0;31;0;0;0;0;23;0
110;Baelo Claudia;Baetica;Italy;0;0;0;24;0;23;125;18.4;33;0.557575758;7;116;6.034482759;31;0.194660734;0;0;0;23;0
111;Baelo Claudia;Baetica;Gallia;0;0;0;24;0;0;125;0;33;0;0;116;0;31;0;0;0;0;23;0
112;Baelo Claudia;Baetica;Eastern Mediterranean;0;0;0;24;0;0;125;0;33;0;0;116;0;31;0;0;0;0;23;0
113;Baelo Claudia;Baetica;North Africa;0;0;0;24;0;0;125;0;33;0;0;116;0;31;0;0;0;0;23;0
114;Baelo Claudia;Baetica;unknown;0;0;0;24;0;7;125;5.6;33;0.16969697;0;116;0;31;0;0;0;0;23;0
115;Baelo Claudia;Baetica;Aegean;0;0;0;24;0;0;125;0;33;0;0;116;0;31;0;0;0;0;23;0
116;Baelo Claudia;Baetica;Western Mediterranean;0;0;0;24;0;2.5;125;2;33;0.060606061;2.5;116;2.155172414;31;0.069521691;0;0;0;23;0
117;Baelo Claudia;Baetica;Pontic Sea;0;0;0;24;0;0;125;0;33;0;0;116;0;31;0;0;0;0;23;0
118;Baelo Claudia;Baetica;Adria;0;0;0;24;0;0;125;0;33;0;0;116;0;31;0;0;0;0;23;0
119;Baelo Claudia;Baetica;Egypt;0;0;0;24;0;0;125;0;33;0;0;116;0;31;0;0;0;0;23;0
120;Baelo Claudia;Baetica;Iberian Peninsula;0;0;0;24;0;92.5;125;74;33;2.242424242;106.5;116;91.81034483;31;2.961624027;0;0;0;23;0
121;Akko;Eastern Mediterranean;Italy;0;15.5;0;24;0;0;4;0;33;0;0;0;0;31;0;0;0;0;23;0
122;Akko;Eastern Mediterranean;Gallia;0;15.5;0;24;0;0;4;0;33;0;0;0;0;31;0;0;0;0;23;0
124;Akko;Eastern Mediterranean;North Africa;0;15.5;0;24;0;0;4;0;33;0;0;0;0;31;0;0;0;0;23;0
125;Akko;Eastern Mediterranean;unknown;13;15.5;83.87096774;24;3.494623656;3;4;75;33;2.272727273;0;0;0;31;0;0;0;0;23;0
126;Akko;Eastern Mediterranean;Aegean;2;15.5;12.90322581;24;0.537634409;1;4;25;33;0.757575758;0;0;0;31;0;0;0;0;23;0
127;Akko;Eastern Mediterranean;Western Mediterranean;0;15.5;0;24;0;0;4;0;33;0;0;0;0;31;0;0;0;0;23;0
128;Akko;Eastern Mediterranean;Pontic Sea;0;15.5;0;24;0;0;4;0;33;0;0;0;0;31;0;0;0;0;23;0
129;Akko;Eastern Mediterranean;Adria;0;15.5;0;24;0;0;4;0;33;0;0;0;0;31;0;0;0;0;23;0
130;Akko;Eastern Mediterranean;Egypt;0.5;15.5;3.225806452;24;0.134408602;0;4;0;33;0;0;0;0;31;0;0;0;0;23;0
131;Akko;Eastern Mediterranean;Iberian Peninsula;0;15.5;0;24;0;0;4;0;33;0;0;0;0;31;0;0;0;0;23;0
132;Jerusalem;Eastern Mediterranean;Italy;0;5.2;0;24;0;5;10.2;49.01960784;33;1.485442662;5;5;100;31;3.225806452;0;0;0;23;0
133;Jerusalem;Eastern Mediterranean;Gallia;0;5.2;0;24;0;0;10.2;0;33;0;0;5;0;31;0;0;0;0;23;0
135;Jerusalem;Eastern Mediterranean;North Africa;0;5.2;0;24;0;0;10.2;0;33;0;0;5;0;31;0;0;0;0;23;0
136;Jerusalem;Eastern Mediterranean;unknown;5.2;5.2;100;24;4.166666667;5.2;10.2;50.98039216;33;1.544860368;0;5;0;31;0;0;0;0;23;0
137;Jerusalem;Eastern Mediterranean;Aegean;0;5.2;0;24;0;0;10.2;0;33;0;0;5;0;31;0;0;0;0;23;0
138;Jerusalem;Eastern Mediterranean;Western Mediterranean;0;5.2;0;24;0;0;10.2;0;33;0;0;5;0;31;0;0;0;0;23;0
139;Jerusalem;Eastern Mediterranean;Pontic Sea;0;5.2;0;24;0;0;10.2;0;33;0;0;5;0;31;0;0;0;0;23;0
140;Jerusalem;Eastern Mediterranean;Adria;0;5.2;0;24;0;0;10.2;0;33;0;0;5;0;31;0;0;0;0;23;0
141;Jerusalem;Eastern Mediterranean;Egypt;0;5.2;0;24;0;0;10.2;0;33;0;0;5;0;31;0;0;0;0;23;0
142;Jerusalem;Eastern Mediterranean;Iberian Peninsula;0;5.2;0;24;0;0;10.2;0;33;0;0;5;0;31;0;0;0;0;23;0
143;Panayia Ematousa;Eastern Mediterranean;Italy;4.5;4.5;100;24;4.166666667;4.5;4.5;100;33;3.03030303;0;0;0;31;0;0;36;0;23;0
144;Panayia Ematousa;Eastern Mediterranean;Gallia;0;4.5;0;24;0;0;4.5;0;33;0;0;0;0;31;0;0;36;0;23;0
146;Panayia Ematousa;Eastern Mediterranean;North Africa;0;4.5;0;24;0;0;4.5;0;33;0;0;0;0;31;0;0;36;0;23;0
147;Panayia Ematousa;Eastern Mediterranean;unknown;0;4.5;0;24;0;0;4.5;0;33;0;0;0;0;31;0;36;36;100;23;4.347826087
148;Panayia Ematousa;Eastern Mediterranean;Aegean;0;4.5;0;24;0;0;4.5;0;33;0;0;0;0;31;0;0;36;0;23;0
149;Panayia Ematousa;Eastern Mediterranean;Western Mediterranean;0;4.5;0;24;0;0;4.5;0;33;0;0;0;0;31;0;0;36;0;23;0
150;Panayia Ematousa;Eastern Mediterranean;Pontic Sea;0;4.5;0;24;0;0;4.5;0;33;0;0;0;0;31;0;0;36;0;23;0
151;Panayia Ematousa;Eastern Mediterranean;Adria;0;4.5;0;24;0;0;4.5;0;33;0;0;0;0;31;0;0;36;0;23;0
152;Panayia Ematousa;Eastern Mediterranean;Egypt;0;4.5;0;24;0;0;4.5;0;33;0;0;0;0;31;0;0;36;0;23;0
153;Panayia Ematousa;Eastern Mediterranean;Iberian Peninsula;0;4.5;0;24;0;0;4.5;0;33;0;0;0;0;31;0;0;36;0;23;0
154;Paphos;Eastern Mediterranean;Italy;15.5;30.75;50.40650407;24;2.100271003;9.5;22.75;41.75824176;33;1.265401265;14;48.25;29.01554404;31;0.935985292;24;47;51.06382979;23;2.220166512
155;Paphos;Eastern Mediterranean;Gallia;0;30.75;0;24;0;0;22.75;0;33;0;0;48.25;0;31;0;0;47;0;23;0
157;Paphos;Eastern Mediterranean;North Africa;0;30.75;0;24;0;0;22.75;0;33;0;0;48.25;0;31;0;2;47;4.255319149;23;0.185013876
158;Paphos;Eastern Mediterranean;unknown;15.25;30.75;49.59349593;24;2.066395664;8.25;22.75;36.26373626;33;1.098901099;7.75;48.25;16.06217617;31;0.518134715;10.5;47;22.34042553;23;0.971322849
159;Paphos;Eastern Mediterranean;Aegean;0;30.75;0;24;0;5;22.75;21.97802198;33;0.666000666;26.5;48.25;54.92227979;31;1.771686445;10.5;47;22.34042553;23;0.971322849
160;Paphos;Eastern Mediterranean;Western Mediterranean;0;30.75;0;24;0;0;22.75;0;33;0;0;48.25;0;31;0;0;47;0;23;0
161;Paphos;Eastern Mediterranean;Pontic Sea;0;30.75;0;24;0;0;22.75;0;33;0;0;48.25;0;31;0;0;47;0;23;0
162;Paphos;Eastern Mediterranean;Adria;0;30.75;0;24;0;0;22.75;0;33;0;0;48.25;0;31;0;0;47;0;23;0
163;Paphos;Eastern Mediterranean;Egypt;0;30.75;0;24;0;0;22.75;0;33;0;0;48.25;0;31;0;0;47;0;23;0
164;Paphos;Eastern Mediterranean;Iberian Peninsula;0;30.75;0;24;0;0;22.75;0;33;0;0;48.25;0;31;0;0;47;0;23;0
165;Caesarea;Eastern Mediterranean;Italy;0.5;1;50;24;2.083333333;0.5;1;50;33;1.515151515;0;0;0;31;0;16;29;55.17241379;23;2.3988006
166;Caesarea;Eastern Mediterranean;Gallia;0;1;0;24;0;0;1;0;33;0;0;0;0;31;0;0;29;0;23;0
168;Caesarea;Eastern Mediterranean;North Africa;0;1;0;24;0;0;1;0;33;0;0;0;0;31;0;0;29;0;23;0
169;Caesarea;Eastern Mediterranean;unknown;0;1;0;24;0;0;1;0;33;0;0;0;0;31;0;12;29;41.37931034;23;1.79910045
170;Caesarea;Eastern Mediterranean;Aegean;0.5;1;50;24;2.083333333;0.5;1;50;33;1.515151515;0;0;0;31;0;1;29;3.448275862;23;0.149925037
171;Caesarea;Eastern Mediterranean;Western Mediterranean;0;1;0;24;0;0;1;0;33;0;0;0;0;31;0;0;29;0;23;0
172;Caesarea;Eastern Mediterranean;Pontic Sea;0;1;0;24;0;0;1;0;33;0;0;0;0;31;0;0;29;0;23;0
173;Caesarea;Eastern Mediterranean;Adria;0;1;0;24;0;0;1;0;33;0;0;0;0;31;0;0;29;0;23;0
174;Caesarea;Eastern Mediterranean;Egypt;0;1;0;24;0;0;1;0;33;0;0;0;0;31;0;0;29;0;23;0
175;Caesarea;Eastern Mediterranean;Iberian Peninsula;0;1;0;24;0;0;1;0;33;0;0;0;0;31;0;0;29;0;23;0
176;Berytus;Eastern Mediterranean;Italy;0;0;0;24;0;0;0;0;33;0;2;2;100;31;3.225806452;0;4;0;23;0
177;Berytus;Eastern Mediterranean;Gallia;0;0;0;24;0;0;0;0;33;0;0;2;0;31;0;0;4;0;23;0
179;Berytus;Eastern Mediterranean;North Africa;0;0;0;24;0;0;0;0;33;0;0;2;0;31;0;0;4;0;23;0
180;Berytus;Eastern Mediterranean;unknown;0;0;0;24;0;0;0;0;33;0;0;2;0;31;0;4;4;100;23;4.347826087
181;Berytus;Eastern Mediterranean;Aegean;0;0;0;24;0;0;0;0;33;0;0;2;0;31;0;0;4;0;23;0
182;Berytus;Eastern Mediterranean;Western Mediterranean;0;0;0;24;0;0;0;0;33;0;0;2;0;31;0;0;4;0;23;0
183;Berytus;Eastern Mediterranean;Pontic Sea;0;0;0;24;0;0;0;0;33;0;0;2;0;31;0;0;4;0;23;0
184;Berytus;Eastern Mediterranean;Adria;0;0;0;24;0;0;0;0;33;0;0;2;0;31;0;0;4;0;23;0
185;Berytus;Eastern Mediterranean;Egypt;0;0;0;24;0;0;0;0;33;0;0;2;0;31;0;0;4;0;23;0
186;Berytus;Eastern Mediterranean;Iberian Peninsula;0;0;0;24;0;0;0;0;33;0;0;2;0;31;0;0;4;0;23;0
187;Krk;Adria;Italy;0.5;4;12.5;24;0.520833333;6;15.75;38.0952381;33;1.154401154;2.5;10.45;23.92344498;31;0.771724031;0;1.45;0;23;0
188;Krk;Adria;Gallia;3.5;4;87.5;24;3.645833333;9.75;15.75;61.9047619;33;1.875901876;7.25;10.45;69.37799043;31;2.237999691;0.25;1.45;17.24137931;23;0.749625187
189;Krk;Adria;Eastern Mediterranean;0;4;0;24;0;0;15.75;0;33;0;0;10.45;0;31;0;0;1.45;0;23;0
190;Krk;Adria;North Africa;0;4;0;24;0;0;15.75;0;33;0;0;10.45;0;31;0;0;1.45;0;23;0
191;Krk;Adria;unknown;0;4;0;24;0;0;15.75;0;33;0;0.2;10.45;1.913875598;31;0.061737923;0.2;1.45;13.79310345;23;0.59970015
192;Krk;Adria;Aegean;0;4;0;24;0;0;15.75;0;33;0;0.5;10.45;4.784688995;31;0.154344806;0.5;1.45;34.48275862;23;1.499250375
193;Krk;Adria;Western Mediterranean;0;4;0;24;0;0;15.75;0;33;0;0;10.45;0;31;0;0.5;1.45;34.48275862;23;1.499250375
194;Krk;Adria;Pontic Sea;0;4;0;24;0;0;15.75;0;33;0;0;10.45;0;31;0;0;1.45;0;23;0
196;Krk;Adria;Egypt;0;4;0;24;0;0;15.75;0;33;0;0;10.45;0;31;0;0;1.45;0;23;0
197;Krk;Adria;Iberian Peninsula;0;4;0;24;0;0;15.75;0;33;0;0;10.45;0;31;0;0;1.45;0;23;0
198;Alexandria;Egypt;Italy;1.5;16;9.375;24;0.390625;1.5;16;9.375;33;0.284090909;1.5;16;9.375;31;0.302419355;0;0;0;23;0
199;Alexandria;Egypt;Gallia;0;16;0;24;0;0;16;0;33;0;0;16;0;31;0;0;0;0;23;0
200;Alexandria;Egypt;Eastern Mediterranean;13.5;16;84.375;24;3.515625;13.5;16;84.375;33;2.556818182;13.5;16;84.375;31;2.721774194;0;0;0;23;0
201;Alexandria;Egypt;North Africa;0;16;0;24;0;0;16;0;33;0;0;16;0;31;0;0;0;0;23;0
202;Alexandria;Egypt;unknown;0;16;0;24;0;0;16;0;33;0;0;16;0;31;0;0;0;0;23;0
203;Alexandria;Egypt;Aegean;0.25;16;1.5625;24;0.065104167;0.25;16;1.5625;33;0.047348485;0.25;16;1.5625;31;0.050403226;0;0;0;23;0
204;Alexandria;Egypt;Western Mediterranean;0.25;16;1.5625;24;0.065104167;0.25;16;1.5625;33;0.047348485;0.25;16;1.5625;31;0.050403226;0;0;0;23;0
205;Alexandria;Egypt;Pontic Sea;0.5;16;3.125;24;0.130208333;0.5;16;3.125;33;0.09469697;0.5;16;3.125;31;0.100806452;0;0;0;23;0
206;Alexandria;Egypt;Adria;0;16;0;24;0;0;16;0;33;0;0;16;0;31;0;0;0;0;23;0
208;Alexandria;Egypt;Iberian Peninsula;0;16;0;24;0;0;16;0;33;0;0;16;0;31;0;0;0;0;23;0
209;Karanis;Egypt;Italy;0;3.8;0;24;0;0;2.35;0;33;0;0;4.27;0;31;0;0;4.1;0;23;0
210;Karanis;Egypt;Gallia;0;3.8;0;24;0;0;2.35;0;33;0;0;4.27;0;31;0;0;4.1;0;23;0
211;Karanis;Egypt;Eastern Mediterranean;0;3.8;0;24;0;0;2.35;0;33;0;0;4.27;0;31;0;0;4.1;0;23;0
212;Karanis;Egypt;North Africa;2.55;3.8;67.10526316;24;2.796052632;0.6;2.35;25.53191489;33;0.773694391;0.52;4.27;12.17798595;31;0.392838256;0.85;4.1;20.73170732;23;0.901378579
213;Karanis;Egypt;unknown;1.25;3.8;32.89473684;24;1.370614035;1.75;2.35;74.46808511;33;2.25660864;3.75;4.27;87.82201405;31;2.832968195;3.25;4.1;79.26829268;23;3.446447508
214;Karanis;Egypt;Aegean;0;3.8;0;24;0;0;2.35;0;33;0;0;4.27;0;31;0;0;4.1;0;23;0
215;Karanis;Egypt;Western Mediterranean;0;3.8;0;24;0;0;2.35;0;33;0;0;4.27;0;31;0;0;4.1;0;23;0
216;Karanis;Egypt;Pontic Sea;0;3.8;0;24;0;0;2.35;0;33;0;0;4.27;0;31;0;0;4.1;0;23;0
217;Karanis;Egypt;Adria;0;3.8;0;24;0;0;2.35;0;33;0;0;4.27;0;31;0;0;4.1;0;23;0
219;Karanis;Egypt;Iberian Peninsula;0;3.8;0;24;0;0;2.35;0;33;0;0;4.27;0;31;0;0;4.1;0;23;0
220;La Nautique;Gallia;Italy;3;29;10.34482759;24;0.431034483;0;0;0;33;0;0;0;0;31;0;0;0;0;23;0
222;La Nautique;Gallia;Eastern Mediterranean;0;29;0;24;0;0;0;0;33;0;0;0;0;31;0;0;0;0;23;0
223;La Nautique;Gallia;North Africa;0;29;0;24;0;0;0;0;33;0;0;0;0;31;0;0;0;0;23;0
224;La Nautique;Gallia;unknown;26;29;89.65517241;24;3.735632184;0;0;0;33;0;0;0;0;31;0;0;0;0;23;0
225;La Nautique;Gallia;Aegean;0;29;0;24;0;0;0;0;33;0;0;0;0;31;0;0;0;0;23;0
226;La Nautique;Gallia;Western Mediterranean;6;29;20.68965517;24;0.862068966;0;0;0;33;0;0;0;0;31;0;0;0;0;23;0
227;La Nautique;Gallia;Pontic Sea;0;29;0;24;0;0;0;0;33;0;0;0;0;31;0;0;0;0;23;0
228;La Nautique;Gallia;Adria;0;29;0;24;0;0;0;0;33;0;0;0;0;31;0;0;0;0;23;0
229;La Nautique;Gallia;Egypt;0;29;0;24;0;0;0;0;33;0;0;0;0;31;0;0;0;0;23;0
230;La Nautique;Gallia;Iberian Peninsula;0;29;0;24;0;0;0;0;33;0;0;0;0;31;0;0;0;0;23;0
231;Lyon;Gallia;Italy;0;0;0;24;0;4;4;100;33;3.03030303;0;0;0;31;0;0;0;0;23;0
233;Lyon;Gallia;Eastern Mediterranean;0;0;0;24;0;0;4;0;33;0;0;0;0;31;0;0;0;0;23;0
234;Lyon;Gallia;North Africa;0;0;0;24;0;0;4;0;33;0;0;0;0;31;0;0;0;0;23;0
235;Lyon;Gallia;unknown;0;0;0;24;0;0;4;0;33;0;0;0;0;31;0;0;0;0;23;0
236;Lyon;Gallia;Aegean;0;0;0;24;0;0;4;0;33;0;0;0;0;31;0;0;0;0;23;0
237;Lyon;Gallia;Western Mediterranean;0;0;0;24;0;0;4;0;33;0;0;0;0;31;0;0;0;0;23;0
238;Lyon;Gallia;Pontic Sea;0;0;0;24;0;0;4;0;33;0;0;0;0;31;0;0;0;0;23;0
239;Lyon;Gallia;Adria;0;0;0;24;0;0;4;0;33;0;0;0;0;31;0;0;0;0;23;0
240;Lyon;Gallia;Egypt;0;0;0;24;0;0;4;0;33;0;0;0;0;31;0;0;0;0;23;0
241;Lyon;Gallia;Iberian Peninsula;0;0;0;24;0;0;4;0;33;0;0;0;0;31;0;0;0;0;23;0
242;Narbonne;Gallia;Italy;275.8;494.4;55.78478964;24;2.324366235;18;29.5;61.01694915;33;1.848998459;1;3.5;28.57142857;31;0.921658986;0;0;0;23;0
244;Narbonne;Gallia;Eastern Mediterranean;0;494.4;0;24;0;0;29.5;0;33;0;0;3.5;0;31;0;0;0;0;23;0
245;Narbonne;Gallia;North Africa;0;494.4;0;24;0;0;29.5;0;33;0;0;3.5;0;31;0;0;0;0;23;0
246;Narbonne;Gallia;unknown;122.4;494.4;24.75728155;24;1.031553398;10;29.5;33.89830508;33;1.027221366;2.5;3.5;71.42857143;31;2.304147465;0;0;0;23;0
247;Narbonne;Gallia;Aegean;0;494.4;0;24;0;0;29.5;0;33;0;0;3.5;0;31;0;0;0;0;23;0
248;Narbonne;Gallia;Western Mediterranean;95.6;494.4;19.33656958;24;0.805690399;1.5;29.5;5.084745763;33;0.154083205;0;3.5;0;31;0;0;0;0;23;0
249;Narbonne;Gallia;Pontic Sea;0;494.4;0;24;0;0;29.5;0;33;0;0;3.5;0;31;0;0;0;0;23;0
250;Narbonne;Gallia;Adria;0;494.4;0;24;0;0;29.5;0;33;0;0;3.5;0;31;0;0;0;0;23;0
251;Narbonne;Gallia;Egypt;0;494.4;0;24;0;0;29.5;0;33;0;0;3.5;0;31;0;0;0;0;23;0
252;Narbonne;Gallia;Iberian Peninsula;0.6;494.4;0.121359223;24;0.005056634;0;29.5;0;33;0;0;3.5;0;31;0;0;0;0;23;0
254;Albintimilium;Italy;Gallia;11.41665;17.41665;65.55020627;24;2.731258595;63.6666;74.1666;85.8426839;33;2.601293452;100.81666;120.91666;83.37698048;31;2.689580015;1.65;9.25;17.83783784;23;0.775558167
255;Albintimilium;Italy;Eastern Mediterranean;0;17.41665;0;24;0;0;74.1666;0;33;0;0;120.91666;0;31;0;0;9.25;0;23;0
256;Albintimilium;Italy;North Africa;0;17.41665;0;24;0;3.5;74.1666;4.719105365;33;0.143003193;13.2;120.91666;10.91660984;31;0.352148704;6.7;9.25;72.43243243;23;3.149236193
257;Albintimilium;Italy;unknown;3;17.41665;17.22489687;24;0.717704036;5;74.1666;6.741579094;33;0.204290276;5.9;120.91666;4.879393791;31;0.1573998;0.9;9.25;9.72972973;23;0.423031727
258;Albintimilium;Italy;Aegean;0;17.41665;0;24;0;0;74.1666;0;33;0;0;120.91666;0;31;0;0;9.25;0;23;0
259;Albintimilium;Italy;Western Mediterranean;0;17.41665;0;24;0;0;74.1666;0;33;0;0;120.91666;0;31;0;0;9.25;0;23;0
260;Albintimilium;Italy;Pontic Sea;0;17.41665;0;24;0;0;74.1666;0;33;0;0;120.91666;0;31;0;0;9.25;0;23;0
261;Albintimilium;Italy;Adria;0;17.41665;0;24;0;0;74.1666;0;33;0;0;120.91666;0;31;0;0;9.25;0;23;0
262;Albintimilium;Italy;Egypt;0;17.41665;0;24;0;0;74.1666;0;33;0;0;120.91666;0;31;0;0;9.25;0;23;0
263;Albintimilium;Italy;Iberian Peninsula;3;17.41665;17.22489687;24;0.717704036;2;74.1666;2.696631637;33;0.08171611;1;120.91666;0.827015897;31;0.026677932;0;9.25;0;23;0
265;Metaponto;Italy;Gallia;0;0;0;24;0;0.5;124;0.403225806;33;0.012218964;0.5;124;0.403225806;31;0.013007284;0;0;0;23;0
266;Metaponto;Italy;Eastern Mediterranean;0;0;0;24;0;7;124;5.64516129;33;0.171065494;7;124;5.64516129;31;0.182101977;0;0;0;23;0
267;Metaponto;Italy;North Africa;0;0;0;24;0;79;124;63.70967742;33;1.930596285;79;124;63.70967742;31;2.055150884;0;0;0;23;0
268;Metaponto;Italy;unknown;0;0;0;24;0;0;124;0;33;0;0;124;0;31;0;0;0;0;23;0
269;Metaponto;Italy;Aegean;0;0;0;24;0;4.5;124;3.629032258;33;0.109970674;4.5;124;3.629032258;31;0.117065557;0;0;0;23;0
270;Metaponto;Italy;Western Mediterranean;0;0;0;24;0;33;124;26.61290323;33;0.806451613;33;124;26.61290323;31;0.858480749;0;0;0;23;0
271;Metaponto;Italy;Pontic Sea;0;0;0;24;0;0;124;0;33;0;0;124;0;31;0;0;0;0;23;0
272;Metaponto;Italy;Adria;0;0;0;24;0;0;124;0;33;0;0;124;0;31;0;0;0;0;23;0
273;Metaponto;Italy;Egypt;0;0;0;24;0;0;124;0;33;0;0;124;0;31;0;0;0;0;23;0
274;Metaponto;Italy;Iberian Peninsula;0;0;0;24;0;0;124;0;33;0;0;124;0;31;0;0;0;0;23;0
276;Monte Iato;Italy;Gallia;0;0;0;24;0;0;54.5;0;33;0;0;31.5;0;31;0;0;0;0;23;0
277;Monte Iato;Italy;Eastern Mediterranean;0;0;0;24;0;0;54.5;0;33;0;0;31.5;0;31;0;0;0;0;23;0
278;Monte Iato;Italy;North Africa;0;0;0;24;0;0;54.5;0;33;0;0;31.5;0;31;0;0;0;0;23;0
279;Monte Iato;Italy;unknown;0;0;0;24;0;12;54.5;22.01834862;33;0.667222686;9;31.5;28.57142857;31;0.921658986;0;0;0;23;0
280;Monte Iato;Italy;Aegean;0;0;0;24;0;0;54.5;0;33;0;0;31.5;0;31;0;0;0;0;23;0
281;Monte Iato;Italy;Western Mediterranean;0;0;0;24;0;42.5;54.5;77.98165138;33;2.363080345;22.5;31.5;71.42857143;31;2.304147465;0;0;0;23;0
282;Monte Iato;Italy;Pontic Sea;0;0;0;24;0;0;54.5;0;33;0;0;31.5;0;31;0;0;0;0;23;0
283;Monte Iato;Italy;Adria;0;0;0;24;0;0;54.5;0;33;0;0;31.5;0;31;0;0;0;0;23;0
284;Monte Iato;Italy;Egypt;0;0;0;24;0;0;54.5;0;33;0;0;31.5;0;31;0;0;0;0;23;0
285;Monte Iato;Italy;Iberian Peninsula;0;0;0;24;0;0;54.5;0;33;0;0;31.5;0;31;0;0;0;0;23;0
287;Morgantina;Italy;Gallia;0;98;0;24;0;0;92;0;33;0;0;0;0;31;0;0;0;0;23;0
288;Morgantina;Italy;Eastern Mediterranean;18;98;18.36734694;24;0.765306122;48;92;52.17391304;33;1.581027668;0;0;0;31;0;0;0;0;23;0
289;Morgantina;Italy;North Africa;0;98;0;24;0;0;92;0;33;0;0;0;0;31;0;0;0;0;23;0
290;Morgantina;Italy;unknown;14;98;14.28571429;24;0.595238095;7;92;7.608695652;33;0.230566535;0;0;0;31;0;0;0;0;23;0
291;Morgantina;Italy;Aegean;9;98;9.183673469;24;0.382653061;1;92;1.086956522;33;0.032938076;0;0;0;31;0;0;0;0;23;0
292;Morgantina;Italy;Western Mediterranean;57;98;58.16326531;24;2.423469388;36;92;39.13043478;33;1.185770751;0;0;0;31;0;0;0;0;23;0
293;Morgantina;Italy;Pontic Sea;0;98;0;24;0;0;92;0;33;0;0;0;0;31;0;0;0;0;23;0
294;Morgantina;Italy;Adria;0;98;0;24;0;0;92;0;33;0;0;0;0;31;0;0;0;0;23;0
295;Morgantina;Italy;Egypt;0;98;0;24;0;0;92;0;33;0;0;0;0;31;0;0;0;0;23;0
296;Morgantina;Italy;Iberian Peninsula;0;98;0;24;0;0;92;0;33;0;0;0;0;31;0;0;0;0;23;0
298;Ostia;Italy;Gallia;0;0;0;24;0;0;5.5;0;33;0;1016.5;3122;32.55925689;31;1.050298609;119.5;747;15.99732262;23;0.695535766
299;Ostia;Italy;Eastern Mediterranean;0;0;0;24;0;0;5.5;0;33;0;64;3122;2.049967969;31;0.066127999;3;747;0.401606426;23;0.017461149
300;Ostia;Italy;North Africa;0;0;0;24;0;0;5.5;0;33;0;108.5;3122;3.475336323;31;0.112107623;63.5;747;8.500669344;23;0.369594319
301;Ostia;Italy;unknown;0;0;0;24;0;0;5.5;0;33;0;55;3122;1.761691224;31;0.056828749;2;747;0.267737617;23;0.011640766
302;Ostia;Italy;Aegean;0;0;0;24;0;0;5.5;0;33;0;94.5;3122;3.02690583;31;0.097642124;30.5;747;4.082998661;23;0.177521681
303;Ostia;Italy;Western Mediterranean;0;0;0;24;0;5.5;5.5;100;33;3.03030303;1762;3122;56.43818065;31;1.820586473;518;747;69.34404284;23;3.014958384
304;Ostia;Italy;Pontic Sea;0;0;0;24;0;0;5.5;0;33;0;15;3122;0.480461243;31;0.01549875;5;747;0.669344043;23;0.029101915
305;Ostia;Italy;Adria;0;0;0;24;0;0;5.5;0;33;0;0;3122;0;31;0;0;747;0;23;0
306;Ostia;Italy;Egypt;0;0;0;24;0;0;5.5;0;33;0;0;3122;0;31;0;0;747;0;23;0
307;Ostia;Italy;Iberian Peninsula;0;0;0;24;0;0;5.5;0;33;0;6.5;3122;0.208199872;31;0.006716125;5.5;747;0.736278447;23;0.032012106
309;Padova;Italy;Gallia;0;0;0;24;0;0.0045;2.367;0.190114068;33;0.005761032;2.09;4.4525;46.93992139;31;1.514191013;0;0;0;23;0
310;Padova;Italy;Eastern Mediterranean;0;0;0;24;0;0.0675;2.367;2.851711027;33;0.086415486;0.0675;4.4525;1.516002246;31;0.048903298;0;0;0;23;0
311;Padova;Italy;North Africa;0;0;0;24;0;0;2.367;0;33;0;0;4.4525;0;31;0;0;0;0;23;0
312;Padova;Italy;unknown;0;0;0;24;0;0.045;2.367;1.901140684;33;0.057610324;0.045;4.4525;1.010668164;31;0.032602199;0;0;0;23;0
313;Padova;Italy;Aegean;0;0;0;24;0;0;2.367;0;33;0;0;4.4525;0;31;0;0;0;0;23;0
314;Padova;Italy;Western Mediterranean;0;0;0;24;0;2.25;2.367;95.05703422;33;2.880516189;2.25;4.4525;50.5334082;31;1.630109942;0;0;0;23;0
315;Padova;Italy;Pontic Sea;0;0;0;24;0;0;2.367;0;33;0;0;4.4525;0;31;0;0;0;0;23;0
316;Padova;Italy;Adria;0;0;0;24;0;0;2.367;0;33;0;0;4.4525;0;31;0;0;0;0;23;0
317;Padova;Italy;Egypt;0;0;0;24;0;0;2.367;0;33;0;0;4.4525;0;31;0;0;0;0;23;0
318;Padova;Italy;Iberian Peninsula;0;0;0;24;0;0;2.367;0;33;0;0;4.4525;0;31;0;0;0;0;23;0
320;Prima Porta;Italy;Gallia;0;0;0;24;0;0;0;0;33;0;2;2;100;31;3.225806452;0;1.25;0;23;0
321;Prima Porta;Italy;Eastern Mediterranean;0;0;0;24;0;0;0;0;33;0;0;2;0;31;0;0;1.25;0;23;0
322;Prima Porta;Italy;North Africa;0;0;0;24;0;0;0;0;33;0;0;2;0;31;0;1.25;1.25;100;23;4.347826087
323;Prima Porta;Italy;unknown;0;0;0;24;0;0;0;0;33;0;0;2;0;31;0;0;1.25;0;23;0
324;Prima Porta;Italy;Aegean;0;0;0;24;0;0;0;0;33;0;0;2;0;31;0;0;1.25;0;23;0
325;Prima Porta;Italy;Western Mediterranean;0;0;0;24;0;0;0;0;33;0;0;2;0;31;0;0;1.25;0;23;0
326;Prima Porta;Italy;Pontic Sea;0;0;0;24;0;0;0;0;33;0;0;2;0;31;0;0;1.25;0;23;0
327;Prima Porta;Italy;Adria;0;0;0;24;0;0;0;0;33;0;0;2;0;31;0;0;1.25;0;23;0
328;Prima Porta;Italy;Egypt;0;0;0;24;0;0;0;0;33;0;0;2;0;31;0;0;1.25;0;23;0
329;Prima Porta;Italy;Iberian Peninsula;0;0;0;24;0;0;0;0;33;0;0;2;0;31;0;0;1.25;0;23;0
331;Rome;Italy;Gallia;0;0;0;24;0;0;0;0;33;0;64;1385;4.620938628;31;0.149062536;1.6;340.9;0.469345849;23;0.020406341
332;Rome;Italy;Eastern Mediterranean;0;0;0;24;0;0;0;0;33;0;2;1385;0.144404332;31;0.004658204;0.8;340.9;0.234672925;23;0.010203171
333;Rome;Italy;North Africa;0;0;0;24;0;0;0;0;33;0;13;1385;0.938628159;31;0.030278328;165.4;340.9;48.51862716;23;2.109505529
334;Rome;Italy;unknown;0;0;0;24;0;0;0;0;33;0;1260;1385;90.97472924;31;2.934668685;126.4;340.9;37.07832209;23;1.61210096
335;Rome;Italy;Aegean;0;0;0;24;0;0;0;0;33;0;10;1385;0.722021661;31;0.023291021;42.4;340.9;12.437665;23;0.540768044
336;Rome;Italy;Western Mediterranean;0;0;0;24;0;0;0;0;33;0;0;1385;0;31;0;0;340.9;0;23;0
337;Rome;Italy;Pontic Sea;0;0;0;24;0;0;0;0;33;0;0;1385;0;31;0;0;340.9;0;23;0
338;Rome;Italy;Adria;0;0;0;24;0;0;0;0;33;0;0;1385;0;31;0;0;340.9;0;23;0
339;Rome;Italy;Egypt;0;0;0;24;0;0;0;0;33;0;0;1385;0;31;0;0;340.9;0;23;0
340;Rome;Italy;Iberian Peninsula;0;0;0;24;0;0;0;0;33;0;36;1385;2.599277978;31;0.083847677;0.8;340.9;0.234672925;23;0.010203171
342;Settefinestre;Italy;Gallia;0;23.0833;0;24;0;0;23.0833;0;33;0;0;23.0833;0;31;0;3.5;91.25;3.835616438;23;0.166765932
343;Settefinestre;Italy;Eastern Mediterranean;1;23.0833;4.33213622;24;0.180505676;1;23.0833;4.33213622;33;0.131276855;1;23.0833;4.33213622;31;0.13974633;7;91.25;7.671232877;23;0.333531864
344;Settefinestre;Italy;North Africa;19.3333;23.0833;83.75448918;24;3.489770382;19.3333;23.0833;83.75448918;33;2.538014824;19.3333;23.0833;83.75448918;31;2.701757715;68;91.25;74.52054795;23;3.240023824
345;Settefinestre;Italy;unknown;2.75;23.0833;11.9133746;24;0.496390609;2.75;23.0833;11.9133746;33;0.361011352;2.75;23.0833;11.9133746;31;0.384302407;8.25;91.25;9.04109589;23;0.393091126
346;Settefinestre;Italy;Aegean;0;23.0833;0;24;0;0;23.0833;0;33;0;0;23.0833;0;31;0;4.5;91.25;4.931506849;23;0.214413341
347;Settefinestre;Italy;Western Mediterranean;0;23.0833;0;24;0;0;23.0833;0;33;0;0;23.0833;0;31;0;0;91.25;0;23;0
348;Settefinestre;Italy;Pontic Sea;0;23.0833;0;24;0;0;23.0833;0;33;0;0;23.0833;0;31;0;0;91.25;0;23;0
349;Settefinestre;Italy;Adria;0;23.0833;0;24;0;0;23.0833;0;33;0;0;23.0833;0;31;0;0;91.25;0;23;0
350;Settefinestre;Italy;Egypt;0;23.0833;0;24;0;0;23.0833;0;33;0;0;23.0833;0;31;0;0;91.25;0;23;0
351;Settefinestre;Italy;Iberian Peninsula;0;23.0833;0;24;0;0;23.0833;0;33;0;0;23.0833;0;31;0;0;91.25;0;23;0
352;Berenike;North Africa;Italy;60.5;258.1659;23.43454345;24;0.97643931;197.5;467.9999;42.20086372;33;1.278814052;236;478.9998;49.26933164;31;1.589333279;3;206.8333;1.450443425;23;0.063062758
353;Berenike;North Africa;Gallia;0;258.1659;0;24;0;2.5;467.9999;0.534188148;33;0.01618752;5.5;478.9998;1.148225949;31;0.037039547;0;206.8333;0;23;0
354;Berenike;North Africa;Eastern Mediterranean;141.6666;258.1659;54.87424947;24;2.286427061;121.5;467.9999;25.96154401;33;0.786713455;56.6666;478.9998;11.83019283;31;0.381619124;18.5;206.8333;8.944401119;23;0.388887005
356;Berenike;North Africa;unknown;0;258.1659;0;24;0;0;467.9999;0;33;0;0;478.9998;0;31;0;0;206.8333;0;23;0
357;Berenike;North Africa;Aegean;44.166;258.1659;17.10760406;24;0.712816836;57.6666;467.9999;12.32192571;33;0.373391688;124.6666;478.9998;26.02644093;31;0.839562611;158.5;206.8333;76.63176094;23;3.331815693
358;Berenike;North Africa;Western Mediterranean;11.3333;258.1659;4.389929111;24;0.182913713;76.3333;467.9999;16.31053767;33;0.494258717;31.1666;478.9998;6.506599794;31;0.209890316;0.8333;206.8333;0.402884835;23;0.017516732
359;Berenike;North Africa;Pontic Sea;0.5;258.1659;0.193673913;24;0.008069746;12.5;467.9999;2.670940742;33;0.080937598;25;478.9998;5.21920886;31;0.168361576;26;206.8333;12.57050968;23;0.546543899
360;Berenike;North Africa;Adria;0;258.1659;0;24;0;0;467.9999;0;33;0;0;478.9998;0;31;0;0;206.8333;0;23;0
361;Berenike;North Africa;Egypt;0;258.1659;0;24;0;0;467.9999;0;33;0;0;478.9998;0;31;0;0;206.8333;0;23;0
362;Berenike;North Africa;Iberian Peninsula;0;258.1659;0;24;0;0;467.9999;0;33;0;0;478.9998;0;31;0;0;206.8333;0;23;0
363;Carthage;North Africa;Italy;229;513;44.63937622;24;1.859974009;168.5;239.5;70.35490605;33;2.13196685;32.75;87.75;37.32193732;31;1.203933462;864.75;1093.75;79.06285714;23;3.437515528
364;Carthage;North Africa;Gallia;0;513;0;24;0;0;239.5;0;33;0;0;87.75;0;31;0;7;1093.75;0.64;23;0.027826087
365;Carthage;North Africa;Eastern Mediterranean;270;513;52.63157895;24;2.192982456;0;239.5;0;33;0;0;87.75;0;31;0;0;1093.75;0;23;0
367;Carthage;North Africa;unknown;5;513;0.974658869;24;0.040610786;34.25;239.5;14.3006263;33;0.433352312;29.25;87.75;33.33333333;31;1.075268817;132.75;1093.75;12.13714286;23;0.527701863
368;Carthage;North Africa;Aegean;0;513;0;24;0;0;239.5;0;33;0;0;87.75;0;31;0;0;1093.75;0;23;0
369;Carthage;North Africa;Western Mediterranean;9;513;1.754385965;24;0.073099415;36.75;239.5;15.34446764;33;0.464983868;25.75;87.75;29.34472934;31;0.946604172;89.25;1093.75;8.16;23;0.354782609
370;Carthage;North Africa;Pontic Sea;0;513;0;24;0;0;239.5;0;33;0;0;87.75;0;31;0;0;1093.75;0;23;0
371;Carthage;North Africa;Adria;0;513;0;24;0;0;239.5;0;33;0;0;87.75;0;31;0;0;1093.75;0;23;0
372;Carthage;North Africa;Egypt;0;513;0;24;0;0;239.5;0;33;0;0;87.75;0;31;0;0;1093.75;0;23;0
373;Carthage;North Africa;Iberian Peninsula;0;513;0;24;0;0;239.5;0;33;0;0;87.75;0;31;0;0;1093.75;0;23;0
374;Leptis Magna;North Africa;Italy;0;0;0;24;0;11.5;21;54.76190476;33;1.659451659;11.5;21;54.76190476;31;1.766513057;0;0;0;23;0
375;Leptis Magna;North Africa;Gallia;0;0;0;24;0;0;21;0;33;0;0;21;0;31;0;0;0;0;23;0
376;Leptis Magna;North Africa;Eastern Mediterranean;0;0;0;24;0;6;21;28.57142857;33;0.865800866;6;21;28.57142857;31;0.921658986;0;0;0;23;0
378;Leptis Magna;North Africa;unknown;0;0;0;24;0;0;21;0;33;0;0;21;0;31;0;0;0;0;23;0
379;Leptis Magna;North Africa;Aegean;0;0;0;24;0;1;21;4.761904762;33;0.144300144;1;21;4.761904762;31;0.153609831;0;0;0;23;0
380;Leptis Magna;North Africa;Western Mediterranean;0;0;0;24;0;2.5;21;11.9047619;33;0.360750361;2.5;21;11.9047619;31;0.384024578;0;0;0;23;0
381;Leptis Magna;North Africa;Pontic Sea;0;0;0;24;0;0;21;0;33;0;0;21;0;31;0;0;0;0;23;0
382;Leptis Magna;North Africa;Adria;0;0;0;24;0;0;21;0;33;0;0;21;0;31;0;0;0;0;23;0
383;Leptis Magna;North Africa;Egypt;0;0;0;24;0;0;21;0;33;0;0;21;0;31;0;0;0;0;23;0
384;Leptis Magna;North Africa;Iberian Peninsula;0;0;0;24;0;0;21;0;33;0;0;21;0;31;0;0;0;0;23;0
385;Sabratha;North Africa;Italy;182.1666;544.1666;33.47625525;24;1.394843969;239.9166;519.9166;46.14520867;33;1.398339657;50.4166;110.0832;45.79863231;31;1.477375236;36.75;122.4166;30.0204384;23;1.305236452
386;Sabratha;North Africa;Gallia;0;544.1666;0;24;0;0;519.9166;0;33;0;0;110.0832;0;31;0;0;122.4166;0;23;0
387;Sabratha;North Africa;Eastern Mediterranean;359;544.1666;65.972443;24;2.748851792;265.5;519.9166;51.06588249;33;1.547450985;50;110.0832;45.42019127;31;1.46516746;77.5;122.4166;63.30840752;23;2.752539457
389;Sabratha;North Africa;unknown;2;544.1666;0.367534501;24;0.015313938;12;519.9166;2.308062485;33;0.069941287;7.6666;110.0832;6.964368768;31;0.224657057;6.1666;122.4166;5.03738872;23;0.219016901
390;Sabratha;North Africa;Aegean;1;544.1666;0.183767251;24;0.007656969;2.5;519.9166;0.480846351;33;0.014571102;2;110.0832;1.816807651;31;0.058606698;2;122.4166;1.633765355;23;0.071033276
391;Sabratha;North Africa;Western Mediterranean;0;544.1666;0;24;0;0;519.9166;0;33;0;0;110.0832;0;31;0;0;122.4166;0;23;0
392;Sabratha;North Africa;Pontic Sea;0;544.1666;0;24;0;0;519.9166;0;33;0;0;110.0832;0;31;0;0;122.4166;0;23;0
393;Sabratha;North Africa;Adria;0;544.1666;0;24;0;0;519.9166;0;33;0;0;110.0832;0;31;0;0;122.4166;0;23;0
394;Sabratha;North Africa;Egypt;0;544.1666;0;24;0;0;519.9166;0;33;0;0;110.0832;0;31;0;0;122.4166;0;23;0
395;Sabratha;North Africa;Iberian Peninsula;0;544.1666;0;24;0;0;519.9166;0;33;0;0;110.0832;0;31;0;0;122.4166;0;23;0
396;Empuriae;Tarraconensis;Italy;17;32;53.125;24;2.213541667;0;0;0;33;0;0;0;0;31;0;0;0;0;23;0
397;Empuriae;Tarraconensis;Gallia;0;32;0;24;0;0;0;0;33;0;0;0;0;31;0;0;0;0;23;0
398;Empuriae;Tarraconensis;Eastern Mediterranean;0;32;0;24;0;0;0;0;33;0;0;0;0;31;0;0;0;0;23;0
399;Empuriae;Tarraconensis;North Africa;0;32;0;24;0;0;0;0;33;0;0;0;0;31;0;0;0;0;23;0
400;Empuriae;Tarraconensis;unknown;3;32;9.375;24;0.390625;0;0;0;33;0;0;0;0;31;0;0;0;0;23;0
401;Empuriae;Tarraconensis;Aegean;0;32;0;24;0;0;0;0;33;0;0;0;0;31;0;0;0;0;23;0
402;Empuriae;Tarraconensis;Western Mediterranean;0;32;0;24;0;0;0;0;33;0;0;0;0;31;0;0;0;0;23;0
403;Empuriae;Tarraconensis;Pontic Sea;0;32;0;24;0;0;0;0;33;0;0;0;0;31;0;0;0;0;23;0
404;Empuriae;Tarraconensis;Adria;0;32;0;24;0;0;0;0;33;0;0;0;0;31;0;0;0;0;23;0
405;Empuriae;Tarraconensis;Egypt;0;32;0;24;0;0;0;0;33;0;0;0;0;31;0;0;0;0;23;0
406;Empuriae;Tarraconensis;Iberian Peninsula;12;32;37.5;24;1.5625;0;0;0;33;0;0;0;0;31;0;0;0;0;23;0
407;Mallorca;Tarraconensis;Italy;76;99;76.76767677;24;3.198653199;19;100;19;33;0.575757576;0;0;0;31;0;0;0;0;23;0
408;Mallorca;Tarraconensis;Gallia;0;100;0;24;0;0;100;0;33;0;0;0;0;31;0;0;0;0;23;0
409;Mallorca;Tarraconensis;Eastern Mediterranean;0;100;0;24;0;0;100;0;33;0;0;0;0;31;0;0;0;0;23;0
410;Mallorca;Tarraconensis;North Africa;0;100;0;24;0;0;100;0;33;0;0;0;0;31;0;0;0;0;23;0
411;Mallorca;Tarraconensis;unknown;3;100;3;24;0.125;34;100;34;33;1.03030303;0;0;0;31;0;0;0;0;23;0
412;Mallorca;Tarraconensis;Aegean;0;100;0;24;0;0;100;0;33;0;0;0;0;31;0;0;0;0;23;0
413;Mallorca;Tarraconensis;Western Mediterranean;20;100;20;24;0.833333333;47;100;47;33;1.424242424;0;0;0;31;0;0;0;0;23;0
414;Mallorca;Tarraconensis;Pontic Sea;0;100;0;24;0;0;100;0;33;0;0;0;0;31;0;0;0;0;23;0
415;Mallorca;Tarraconensis;Adria;0;100;0;24;0;0;100;0;33;0;0;0;0;31;0;0;0;0;23;0
416;Mallorca;Tarraconensis;Egypt;0;100;0;24;0;0;100;0;33;0;0;0;0;31;0;0;0;0;23;0
417;Mallorca;Tarraconensis;Iberian Peninsula;0;100;0;24;0;0;100;0;33;0;0;0;0;31;0;0;0;0;23;0
418;Tarraco;Tarraconensis;Italy;0;0;0;24;0;68.15;316;21.5664557;33;0.65352896;68.15;235;29;31;0.935483871;0;39.27;0;23;0
419;Tarraco;Tarraconensis;Gallia;0;0;0;24;0;49.35;316;15.61708861;33;0.473245109;49.35;235;21;31;0.677419355;0;39.27;0;23;0
420;Tarraco;Tarraconensis;Eastern Mediterranean;0;0;0;24;0;0;316;0;33;0;0;235;0;31;0;0;39.27;0;23;0
421;Tarraco;Tarraconensis;North Africa;0;0;0;24;0;0;316;0;33;0;0;235;0;31;0;3.12;39.27;7.94499618;23;0.345434617
422;Tarraco;Tarraconensis;unknown;0;0;0;24;0;102.15;316;32.32594937;33;0.979574223;68.15;235;29;31;0.935483871;5.85;39.27;14.89686784;23;0.647689906
423;Tarraco;Tarraconensis;Aegean;0;0;0;24;0;0;316;0;33;0;0;235;0;31;0;0;39.27;0;23;0
424;Tarraco;Tarraconensis;Western Mediterranean;0;0;0;24;0;51.7;316;16.36075949;33;0.495780591;4.7;235;2;31;0.064516129;0;39.27;0;23;0
425;Tarraco;Tarraconensis;Pontic Sea;0;0;0;24;0;0;316;0;33;0;0;235;0;31;0;0;39.27;0;23;0
426;Tarraco;Tarraconensis;Adria;0;0;0;24;0;0;316;0;33;0;0;235;0;31;0;0;39.27;0;23;0
427;Tarraco;Tarraconensis;Egypt;0;0;0;24;0;0;316;0;33;0;0;235;0;31;0;0;39.27;0;23;0
428;Tarraco;Tarraconensis;Iberian Peninsula;0;0;0;24;0;44.65;316;14.12974684;33;0.428174147;44.65;235;19;31;0.612903226;30.3;39.27;77.15813598;23;3.354701564
